USE database_test;

CREATE TABLE bez_parkowania (
    id INTEGER NOT NULL
);

ALTER TABLE bez_parkowania ADD CONSTRAINT bez_parkowania_pk PRIMARY KEY ( id );

CREATE TABLE bramki (
    id         INTEGER NOT NULL AUTO_INCREMENT, 
    nazwa      VARCHAR(40) NOT NULL,
    strefy_id  INTEGER NOT NULL,
    selektor   CHAR(9) NOT NULL,
    PRIMARY KEY (id)
);

CREATE TABLE konta (
    id         INTEGER NOT NULL AUTO_INCREMENT,
    imię       VARCHAR(30) NOT NULL,
    nazwisko   VARCHAR(50) NOT NULL,
    pesel      VARCHAR(11) NOT NULL,
    saldo      FLOAT DEFAULT 0 NOT NULL,
    telefon    VARCHAR(15),
    email      VARCHAR(30),
    ulgi_id    INTEGER,
    kod_karty  VARCHAR(10),
    aktywne    CHAR(1) DEFAULT 1 NOT NULL,
    PRIMARY KEY (id)
);


CREATE TABLE miejsca (
    id         INTEGER NOT NULL AUTO_INCREMENT,
    kod        VARCHAR(5) NOT NULL,
    czy_wolne  CHAR(1) DEFAULT 1 NOT NULL,
    strefy_id  INTEGER NOT NULL,
    typy_pojazdów_id INTEGER NOT NULL,
    PRIMARY KEY (id)
);


CREATE TABLE pobyty (
    id         INTEGER NOT NULL AUTO_INCREMENT,
    godzina_rozpoczecia  DATETIME NOT NULL,
    godzina_zakonczenia  DATETIME,
    należność            FLOAT,
    konta_id             INTEGER,
    wjazdowe_bramki_id   INTEGER NOT NULL,
    wyjazdowe_bramki_id  INTEGER DEFAULT NULL,
    selektor             CHAR(15) NOT NULL,
    pojazdy_rejestracja  VARCHAR(8) NOT NULL,
    PRIMARY KEY (id)
);

ALTER TABLE pobyty ADD CHECK ( należność >= 0 );


CREATE TABLE pojazdy (
    rejestracja       VARCHAR(8) NOT NULL,
    typy_pojazdów_id  INTEGER NOT NULL,
    model             VARCHAR(40)
);

ALTER TABLE pojazdy ADD CONSTRAINT pojazdy_pk PRIMARY KEY ( rejestracja );

CREATE TABLE pojemności (
    miejsca           INTEGER DEFAULT 0 NOT NULL,
    miejsca_zajete    INTEGER DEFAULT 0 NOT NULL,
    strefy_id         INTEGER NOT NULL,
    typy_pojazdów_id  INTEGER NOT NULL
);

ALTER TABLE pojemności ADD CHECK ( miejsca >= 0 );

ALTER TABLE pojemności ADD CHECK ( miejsca_zajete >= 0 );

ALTER TABLE pojemności ADD CONSTRAINT pojemności_pk PRIMARY KEY ( strefy_id,
                                                                  typy_pojazdów_id );

CREATE TABLE stawki (
    opłata_godzinowa  FLOAT NOT NULL,
    opłata_wjazdowa   FLOAT NOT NULL,
    strefy_id         INTEGER NOT NULL,
    typy_pojazdów_id  INTEGER NOT NULL
);

ALTER TABLE stawki ADD CHECK ( opłata_godzinowa >= 0 );
ALTER TABLE stawki ADD CHECK ( opłata_wjazdowa >= 0 );

ALTER TABLE stawki ADD CONSTRAINT stawki_pk PRIMARY KEY ( strefy_id,
                                                          typy_pojazdów_id );


CREATE TABLE strefy (
    id         INTEGER NOT NULL AUTO_INCREMENT,
    nazwa  VARCHAR(40) NOT NULL,
    kod    VARCHAR(10) NOT NULL,
    PRIMARY KEY (id)
);

CREATE TABLE typy_pojazdów (
    id         INTEGER NOT NULL AUTO_INCREMENT,
    nazwa  VARCHAR(30) NOT NULL,
    PRIMARY KEY (id)
);


CREATE TABLE ulgi (
    id         INTEGER NOT NULL AUTO_INCREMENT,
    nazwa   VARCHAR(30) NOT NULL,
    zniżka  FLOAT NOT NULL,
    PRIMARY KEY (id)
);
ALTER TABLE ulgi ADD CHECK ( zniżka >= 0 );
ALTER TABLE ulgi ADD CHECK ( zniżka <= 100);



CREATE TABLE wjazdowe (
    id         INTEGER NOT NULL
);

ALTER TABLE wjazdowe ADD CONSTRAINT wjazdowe_pk PRIMARY KEY ( id );



CREATE TABLE wyjazdowe (
    id         INTEGER NOT NULL,
    count_1gr   INTEGER DEFAULT 0 NOT NULL,
    count_2gr   INTEGER DEFAULT 0 NOT NULL,
    count_5gr   INTEGER DEFAULT 0 NOT NULL,
    count_10gr  INTEGER DEFAULT 0 NOT NULL,
    count_20gr  INTEGER DEFAULT 0 NOT NULL,
    count_50gr  INTEGER DEFAULT 0 NOT NULL,
    count_1zl   INTEGER DEFAULT 0 NOT NULL,
    count_2zl   INTEGER DEFAULT 0 NOT NULL,
    count_5zl   INTEGER DEFAULT 0 NOT NULL
);

ALTER TABLE wyjazdowe ADD CHECK ( count_1gr >= 0 );
ALTER TABLE wyjazdowe ADD CHECK ( count_2gr >= 0 );
ALTER TABLE wyjazdowe ADD CHECK ( count_5gr >= 0 );
ALTER TABLE wyjazdowe ADD CHECK ( count_10gr >= 0 );
ALTER TABLE wyjazdowe ADD CHECK ( count_20gr >= 0 );
ALTER TABLE wyjazdowe ADD CHECK ( count_50gr >= 0 );
ALTER TABLE wyjazdowe ADD CHECK ( count_1zl >= 0 );
ALTER TABLE wyjazdowe ADD CHECK ( count_2zl >= 0 );
ALTER TABLE wyjazdowe ADD CHECK ( count_5zl >= 0 );



ALTER TABLE wyjazdowe ADD CONSTRAINT wyjazdowe_pk PRIMARY KEY ( id );

CREATE TABLE z_parkowaniem (
    id         INTEGER NOT NULL,
    miejsca_id         INTEGER NOT NULL
);

ALTER TABLE z_parkowaniem ADD CONSTRAINT z_parkowaniem_pk PRIMARY KEY ( id );



ALTER TABLE bez_parkowania
    ADD CONSTRAINT bez_parkowania_pobyt_fk FOREIGN KEY ( id )
        REFERENCES pobyty ( id );

ALTER TABLE bramki
    ADD CONSTRAINT bramki_strefy_fk FOREIGN KEY ( strefy_id )
        REFERENCES strefy ( id );

ALTER TABLE konta
    ADD CONSTRAINT konta_ulgi_fk FOREIGN KEY ( ulgi_id )
        REFERENCES ulgi ( id );

ALTER TABLE miejsca
    ADD CONSTRAINT miejsca_strefy_fk FOREIGN KEY ( strefy_id )
        REFERENCES strefy ( id );
ALTER TABLE miejsca
    ADD CONSTRAINT miejsca_typy_pojazdów_fk FOREIGN KEY ( typy_pojazdów_id )
        REFERENCES typy_pojazdów ( id );

ALTER TABLE pobyty
    ADD CONSTRAINT pobyty_konta_fk FOREIGN KEY ( konta_id )
        REFERENCES konta ( id );

ALTER TABLE pobyty
    ADD CONSTRAINT pobyty_pojazdy_fk FOREIGN KEY ( pojazdy_rejestracja )
        REFERENCES pojazdy ( rejestracja );

ALTER TABLE pobyty
    ADD CONSTRAINT pobyty_wjazdowe_fk FOREIGN KEY ( wjazdowe_bramki_id )
        REFERENCES wjazdowe ( id );

ALTER TABLE pobyty
    ADD CONSTRAINT pobyty_wyjazdowe_fk FOREIGN KEY ( wyjazdowe_bramki_id )
        REFERENCES wyjazdowe ( id );

ALTER TABLE pojazdy
    ADD CONSTRAINT pojazdy_typy_pojazdów_fk FOREIGN KEY ( typy_pojazdów_id )
        REFERENCES typy_pojazdów ( id );

ALTER TABLE pojemności
    ADD CONSTRAINT pojemności_strefy_fk FOREIGN KEY ( strefy_id )
        REFERENCES strefy ( id );

ALTER TABLE pojemności
    ADD CONSTRAINT pojemności_typy_pojazdów_fk FOREIGN KEY ( typy_pojazdów_id )
        REFERENCES typy_pojazdów ( id );

ALTER TABLE stawki
    ADD CONSTRAINT stawki_strefy_fk FOREIGN KEY ( strefy_id )
        REFERENCES strefy ( id );

ALTER TABLE stawki
    ADD CONSTRAINT stawki_typy_pojazdów_fk FOREIGN KEY ( typy_pojazdów_id )
        REFERENCES typy_pojazdów ( id );

ALTER TABLE wjazdowe
    ADD CONSTRAINT wjazdowa_bramka_fk FOREIGN KEY ( id )
        REFERENCES bramki ( id );

ALTER TABLE wyjazdowe
    ADD CONSTRAINT wyjazdowa_bramka_fk FOREIGN KEY ( id )
        REFERENCES bramki ( id );

ALTER TABLE z_parkowaniem
    ADD CONSTRAINT z_parkowaniem_miejsca_fk FOREIGN KEY ( miejsca_id
                                                           )
        REFERENCES miejsca ( id
                              );

ALTER TABLE z_parkowaniem
    ADD CONSTRAINT z_parkowaniem_pobyt_fk FOREIGN KEY ( id )
        REFERENCES pobyty ( id );





CREATE TRIGGER add_space BEFORE INSERT ON miejsca FOR EACH ROW
    UPDATE pojemności SET miejsca = miejsca + 1
        WHERE strefy_id = NEW.strefy_id AND typy_pojazdów_id = NEW.typy_pojazdów_id;
        
    DELIMITER $$      

CREATE TRIGGER add_pobyt_bez_parkowania AFTER INSERT ON pobyty FOR EACH ROW
BEGIN
	INSERT INTO bez_parkowania (id) SELECT NEW.id FROM DUAL
		WHERE NEW.selektor = "bez_parkowania";
END$$

-- tylko dla generacji danych
CREATE TRIGGER dobierz_bramke BEFORE INSERT ON pobyty
FOR EACH ROW 
BEGIN
	SET NEW.wyjazdowe_bramki_id = (
		SELECT id from bramki
			WHERE bramki.selektor = "wyjazdowe"
				AND bramki.strefy_id = (SELECT strefy_id FROM bramki WHERE bramki.id = NEW.wjazdowe_bramki_id) 
                AND NEW.godzina_zakonczenia IS NOT NULL
				ORDER BY RAND()
	 				LIMIT 1);
		
                    
END$$


DELIMITER $$

CREATE TRIGGER add_pobyt_z_parkowaniem AFTER INSERT ON pobyty
FOR EACH ROW  BEGIN
	INSERT INTO z_parkowaniem (id, miejsca_id) SELECT NEW.id, miejsca.id from miejsca 
		WHERE NEW.selektor = "z_parkowaniem" AND miejsca.id = (SELECT miejsca.id from miejsca WHERE miejsca.strefy_id = (SELECT strefy_id from bramki WHERE bramki.id = NEW.wjazdowe_bramki_id) AND miejsca.typy_pojazdów_id = (SELECT typy_pojazdów_id FROM pojazdy where pojazdy.rejestracja = NEW.pojazdy_rejestracja) AND miejsca.czy_wolne = 1 LIMIT 1);
	UPDATE pojemności SET miejsca_zajete = miejsca_zajete + 1
        WHERE strefy_id = (SELECT strefy_id FROM miejsca WHERE miejsca.id = (SELECT miejsca_id from z_parkowaniem WHERE NEW.id = z_parkowaniem.id)) AND typy_pojazdów_id = (SELECT typy_pojazdów_id FROM pojazdy WHERE pojazdy.rejestracja = NEW.pojazdy_rejestracja) 
			AND NEW.selektor = "z_parkowaniem";
	UPDATE miejsca SET czy_wolne = 0
		WHERE miejsca.id = (SELECT miejsca_id from z_parkowaniem WHERE NEW.id = z_parkowaniem.id) 
			AND NEW.selektor = "z_parkowaniem";
END$$

DELIMITER $$  
CREATE TRIGGER zakoncz_pobyt BEFORE UPDATE ON pobyty
FOR EACH ROW BEGIN
	UPDATE pojemności SET miejsca_zajete = miejsca_zajete - 1
       WHERE strefy_id = (SELECT strefy_id FROM miejsca WHERE miejsca.id = (SELECT miejsca_id from z_parkowaniem WHERE NEW.id = z_parkowaniem.id)) AND typy_pojazdów_id = (SELECT typy_pojazdów_id FROM pojazdy WHERE pojazdy.rejestracja = NEW.pojazdy_rejestracja) 
			AND NEW.selektor = "z_parkowaniem";
	UPDATE miejsca SET czy_wolne = 1
		WHERE miejsca.id = (SELECT miejsca_id from z_parkowaniem WHERE NEW.id = z_parkowaniem.id)
			AND NEW.selektor = "z_parkowaniem";
	SET NEW.należność = (  IF (NEW.godzina_zakonczenia IS NOT NULL, 
    (SELECT opłata_wjazdowa from stawki WHERE strefy_id = (SELECT strefy_id FROM bramki WHERE bramki.id = OLD.wjazdowe_bramki_id) AND typy_pojazdów_id = (SELECT typy_pojazdów_id FROM pojazdy WHERE pojazdy.rejestracja = OLD.pojazdy_rejestracja))
        + (SELECT opłata_godzinowa from stawki WHERE strefy_id = (SELECT strefy_id FROM bramki WHERE bramki.id = OLD.wjazdowe_bramki_id) AND Typy_pojazdów_id = (SELECT typy_pojazdów_id FROM pojazdy WHERE pojazdy.rejestracja = OLD.pojazdy_rejestracja))
        * (TIMESTAMPDIFF(HOUR, NEW.godzina_rozpoczecia, NEW.godzina_zakonczenia)+1) , NULL) );
	SET NEW.należność = ( IF (NEW.godzina_zakonczenia IS NOT NULL AND NEW.selektor="bez_parkowania" AND TIMEDIFF(NEW.godzina_zakonczenia, NEW.godzina_rozpoczecia) < '00:15:00', (SELECT opłata_wjazdowa from stawki WHERE strefy_id = (SELECT strefy_id FROM bramki WHERE bramki.id = OLD.wjazdowe_bramki_id) AND Typy_pojazdów_id = (SELECT typy_pojazdów_id FROM pojazdy WHERE pojazdy.rejestracja = OLD.pojazdy_rejestracja)), NEW.należność));

END$$




DELIMITER $$


CREATE TRIGGER add_bramka_podtyp AFTER INSERT ON bramki FOR EACH ROW BEGIN
	INSERT INTO wjazdowe (id) SELECT NEW.id from DUAL
		WHERE NEW.selektor = "wjazdowe";
 	INSERT INTO wyjazdowe (id, count_1gr, count_2gr, count_5gr, count_10gr, count_20gr, count_50gr, count_1zl, count_2zl, count_5zl) 
-- do generacji danych		 
		SELECT NEW.id, FLOOR(RAND( ) *50), FLOOR(RAND( ) *50), FLOOR(RAND( ) *50), FLOOR(RAND( ) *30), FLOOR(RAND( ) *30), FLOOR(RAND( ) *30), FLOOR(RAND( ) *20), FLOOR(RAND( ) *20), FLOOR(RAND( ) *15) FROM DUAL
-- do funkcjonowania bazy	
-- 		SELECT NEW.id, 0, 0, 0, 0, 0, 0, 0, 0, 0 from BRAMKI
            WHERE NEW.selektor = "wyjazdowe";       
END$$



DELIMITER ;





INSERT INTO typy_pojazdów (nazwa) VALUES 
("osobowy"), 
("ciężarowy"), 
("autobus"), 
("taksówka"),
("jednoślad"),
("osobowy z przyczepą"),
("naczepa ciężarowa"),
("maszyna rolnicza");


INSERT INTO ulgi (nazwa, zniżka) VALUES 
("student", 12), 
("pracujący", 33), 
("dużej rodziny", 20), 
("emeryt", 27),
("niepełnosprawny", 10), 
("karta Polaka", 15),
("służba publiczna", 100);




INSERT INTO strefy(id, nazwa, kod) VALUES
(1, 'Warszawa Zachodnia WKD', 'TR-460'),
(2, 'Warszawa Radość', 'VF-099'),
(3, 'Warszawa Stadion', 'QK-302'),
(4, 'Warszawa Żerań', 'RF-623'),
(5, 'Warszawa Aleje Jerozolimskie', 'CP-022'),
(6, 'Warszawa Gdańska', 'QF-685'),
(7, 'Warszawa Ursus-Niedźwiadek', 'KR-996'),
(8, 'Warszawa Włochy (przystanek kolejowy)', 'JQ-587'),
(9, 'Warszawa Ochota (przystanek kolejowy)', 'EX-167'),
(10, 'Warszawa Koło', 'RJ-847'),
(11, 'Warszawa Ursus Północny', 'NE-158'),
(12, 'Warszawa Rakowiec', '[Y-293'),
(13, 'Warszawa Okęcie', 'UZ-210'),
(14, 'Warszawa Lotnisko Chopina', 'JB-861'),
(15, 'Warszawa Wola (przystanek kolejowy)', 'LL-928'),
(16, 'Warszawa Zacisze Wilno', 'MQ-516'),
(17, 'Warszawa Wawer (stacja kolejowa)', 'QY-118'),
(18, 'Warszawa Targówek', 'BY-708'),
(19, 'Warszawa Żwirki i Wigury', 'NV-823'),
(20, 'Warszawa Raków', 'PF-683'),
(21, 'Warszawa Anin', 'DP-219'),
(22, 'Warszawa Śródmieście', 'LW-347'),
(23, 'Warszawa Wola Grzybowska', 'YK-310'),
(24, 'Warszawa Zoo', 'PJ-337'),
(25, 'Warszawa Główna Towarowa', 'KU-229'),
(26, 'Warszawa Olszynka Grochowska', 'QY-604'),
(27, 'Warszawa Reduta Ordona', 'MG-630'),
(28, 'Warszawa Wesoła (przystanek kolejowy)', 'NA-858'),
(29, 'Warszawa Miedzeszyn', 'BP-627'),
(30, 'Warszawa Śródmieście WKD', 'ZO-121'),
(31, 'Warszawa Rembertów (stacja kolejowa)', 'DT-508'),
(32, 'Warszawa Toruńska', 'KB-629'),
(33, 'Warszawa Centralna', '[O-938'),
(34, 'Warszawa Gocławek', 'FZ-183'),
(35, 'Warszawa Choszczówka', 'CU-031'),
(36, 'Warszawa Płudy', 'OR-138'),
(37, 'Warszawa Salomea', 'DE-250'),
(38, 'Warszawa Międzylesie', 'ZL-292'),
(39, 'Warszawa Wschodnia', 'BU-762'),
(40, 'Warszawa Ursus (przystanek kolejowy)', 'JD-568');



INSERT INTO pojemności(strefy_id, typy_pojazdów_id, miejsca, miejsca_zajete) VALUES
(37, 1, 0, 0),
(5, 1, 0, 0),
(14, 1, 0, 0),
(1, 1, 0, 0),
(25, 1, 0, 0),
(40, 1, 0, 0),
(39, 1, 0, 0),
(38, 1, 0, 0),
(10, 1, 0, 0),
(15, 1, 0, 0),
(6, 1, 0, 0),
(21, 1, 0, 0),
(11, 1, 0, 0),
(16, 1, 0, 0),
(31, 1, 0, 0),
(12, 1, 0, 0),
(26, 1, 0, 0),
(22, 1, 0, 0),
(36, 1, 0, 0),
(17, 1, 0, 0),
(27, 1, 0, 0),
(32, 1, 0, 0),
(2, 1, 0, 0),
(13, 1, 0, 0),
(7, 1, 0, 0),
(3, 1, 0, 0),
(23, 1, 0, 0),
(19, 1, 0, 0),
(24, 1, 0, 0),
(18, 1, 0, 0),
(28, 1, 0, 0),
(8, 1, 0, 0),
(20, 1, 0, 0),
(33, 1, 0, 0),
(4, 1, 0, 0),
(9, 1, 0, 0),
(29, 1, 0, 0),
(34, 1, 0, 0),
(30, 1, 0, 0),
(35, 1, 0, 0),
(37, 2, 0, 0),
(5, 2, 0, 0),
(14, 2, 0, 0),
(1, 2, 0, 0),
(25, 2, 0, 0),
(40, 2, 0, 0),
(39, 2, 0, 0),
(38, 2, 0, 0),
(10, 2, 0, 0),
(15, 2, 0, 0),
(6, 2, 0, 0),
(21, 2, 0, 0),
(11, 2, 0, 0),
(16, 2, 0, 0),
(31, 2, 0, 0),
(12, 2, 0, 0),
(26, 2, 0, 0),
(22, 2, 0, 0),
(36, 2, 0, 0),
(17, 2, 0, 0),
(27, 2, 0, 0),
(32, 2, 0, 0),
(2, 2, 0, 0),
(13, 2, 0, 0),
(7, 2, 0, 0),
(3, 2, 0, 0),
(23, 2, 0, 0),
(19, 2, 0, 0),
(24, 2, 0, 0),
(18, 2, 0, 0),
(28, 2, 0, 0),
(8, 2, 0, 0),
(20, 2, 0, 0),
(33, 2, 0, 0),
(4, 2, 0, 0),
(9, 2, 0, 0),
(29, 2, 0, 0),
(34, 2, 0, 0),
(30, 2, 0, 0),
(35, 2, 0, 0),
(37, 3, 0, 0),
(5, 3, 0, 0),
(14, 3, 0, 0),
(1, 3, 0, 0),
(25, 3, 0, 0),
(40, 3, 0, 0),
(39, 3, 0, 0),
(38, 3, 0, 0),
(10, 3, 0, 0),
(15, 3, 0, 0),
(6, 3, 0, 0),
(21, 3, 0, 0),
(11, 3, 0, 0),
(16, 3, 0, 0),
(31, 3, 0, 0),
(12, 3, 0, 0),
(26, 3, 0, 0),
(22, 3, 0, 0),
(36, 3, 0, 0),
(17, 3, 0, 0),
(27, 3, 0, 0),
(32, 3, 0, 0),
(2, 3, 0, 0),
(13, 3, 0, 0),
(7, 3, 0, 0),
(3, 3, 0, 0),
(23, 3, 0, 0),
(19, 3, 0, 0),
(24, 3, 0, 0),
(18, 3, 0, 0),
(28, 3, 0, 0),
(8, 3, 0, 0),
(20, 3, 0, 0),
(33, 3, 0, 0),
(4, 3, 0, 0),
(9, 3, 0, 0),
(29, 3, 0, 0),
(34, 3, 0, 0),
(30, 3, 0, 0),
(35, 3, 0, 0),
(37, 4, 0, 0),
(5, 4, 0, 0),
(14, 4, 0, 0),
(1, 4, 0, 0),
(25, 4, 0, 0),
(40, 4, 0, 0),
(39, 4, 0, 0),
(38, 4, 0, 0),
(10, 4, 0, 0),
(15, 4, 0, 0),
(6, 4, 0, 0),
(21, 4, 0, 0),
(11, 4, 0, 0),
(16, 4, 0, 0),
(31, 4, 0, 0),
(12, 4, 0, 0),
(26, 4, 0, 0),
(22, 4, 0, 0),
(36, 4, 0, 0),
(17, 4, 0, 0),
(27, 4, 0, 0),
(32, 4, 0, 0),
(2, 4, 0, 0),
(13, 4, 0, 0),
(7, 4, 0, 0),
(3, 4, 0, 0),
(23, 4, 0, 0),
(19, 4, 0, 0),
(24, 4, 0, 0),
(18, 4, 0, 0),
(28, 4, 0, 0),
(8, 4, 0, 0),
(20, 4, 0, 0),
(33, 4, 0, 0),
(4, 4, 0, 0),
(9, 4, 0, 0),
(29, 4, 0, 0),
(34, 4, 0, 0),
(30, 4, 0, 0),
(35, 4, 0, 0),
(37, 5, 0, 0),
(5, 5, 0, 0),
(14, 5, 0, 0),
(1, 5, 0, 0),
(25, 5, 0, 0),
(40, 5, 0, 0),
(39, 5, 0, 0),
(38, 5, 0, 0),
(10, 5, 0, 0),
(15, 5, 0, 0),
(6, 5, 0, 0),
(21, 5, 0, 0),
(11, 5, 0, 0),
(16, 5, 0, 0),
(31, 5, 0, 0),
(12, 5, 0, 0),
(26, 5, 0, 0),
(22, 5, 0, 0),
(36, 5, 0, 0),
(17, 5, 0, 0),
(27, 5, 0, 0),
(32, 5, 0, 0),
(2, 5, 0, 0),
(13, 5, 0, 0),
(7, 5, 0, 0),
(3, 5, 0, 0),
(23, 5, 0, 0),
(19, 5, 0, 0),
(24, 5, 0, 0),
(18, 5, 0, 0),
(28, 5, 0, 0),
(8, 5, 0, 0),
(20, 5, 0, 0),
(33, 5, 0, 0),
(4, 5, 0, 0),
(9, 5, 0, 0),
(29, 5, 0, 0),
(34, 5, 0, 0),
(30, 5, 0, 0),
(35, 5, 0, 0),
(37, 6, 0, 0),
(5, 6, 0, 0),
(14, 6, 0, 0),
(1, 6, 0, 0),
(25, 6, 0, 0),
(40, 6, 0, 0),
(39, 6, 0, 0),
(38, 6, 0, 0),
(10, 6, 0, 0),
(15, 6, 0, 0),
(6, 6, 0, 0),
(21, 6, 0, 0),
(11, 6, 0, 0),
(16, 6, 0, 0),
(31, 6, 0, 0),
(12, 6, 0, 0),
(26, 6, 0, 0),
(22, 6, 0, 0),
(36, 6, 0, 0),
(17, 6, 0, 0),
(27, 6, 0, 0),
(32, 6, 0, 0),
(2, 6, 0, 0),
(13, 6, 0, 0),
(7, 6, 0, 0),
(3, 6, 0, 0),
(23, 6, 0, 0),
(19, 6, 0, 0),
(24, 6, 0, 0),
(18, 6, 0, 0),
(28, 6, 0, 0),
(8, 6, 0, 0),
(20, 6, 0, 0),
(33, 6, 0, 0),
(4, 6, 0, 0),
(9, 6, 0, 0),
(29, 6, 0, 0),
(34, 6, 0, 0),
(30, 6, 0, 0),
(35, 6, 0, 0),
(37, 7, 0, 0),
(5, 7, 0, 0),
(14, 7, 0, 0),
(1, 7, 0, 0),
(25, 7, 0, 0),
(40, 7, 0, 0),
(39, 7, 0, 0),
(38, 7, 0, 0),
(10, 7, 0, 0),
(15, 7, 0, 0),
(6, 7, 0, 0),
(21, 7, 0, 0),
(11, 7, 0, 0),
(16, 7, 0, 0),
(31, 7, 0, 0),
(12, 7, 0, 0),
(26, 7, 0, 0),
(22, 7, 0, 0),
(36, 7, 0, 0),
(17, 7, 0, 0),
(27, 7, 0, 0),
(32, 7, 0, 0),
(2, 7, 0, 0),
(13, 7, 0, 0),
(7, 7, 0, 0),
(3, 7, 0, 0),
(23, 7, 0, 0),
(19, 7, 0, 0),
(24, 7, 0, 0),
(18, 7, 0, 0),
(28, 7, 0, 0),
(8, 7, 0, 0),
(20, 7, 0, 0),
(33, 7, 0, 0),
(4, 7, 0, 0),
(9, 7, 0, 0),
(29, 7, 0, 0),
(34, 7, 0, 0),
(30, 7, 0, 0),
(35, 7, 0, 0),
(37, 8, 0, 0),
(5, 8, 0, 0),
(14, 8, 0, 0),
(1, 8, 0, 0),
(25, 8, 0, 0),
(40, 8, 0, 0),
(39, 8, 0, 0),
(38, 8, 0, 0),
(10, 8, 0, 0),
(15, 8, 0, 0),
(6, 8, 0, 0),
(21, 8, 0, 0),
(11, 8, 0, 0),
(16, 8, 0, 0),
(31, 8, 0, 0),
(12, 8, 0, 0),
(26, 8, 0, 0),
(22, 8, 0, 0),
(36, 8, 0, 0),
(17, 8, 0, 0),
(27, 8, 0, 0),
(32, 8, 0, 0),
(2, 8, 0, 0),
(13, 8, 0, 0),
(7, 8, 0, 0),
(3, 8, 0, 0),
(23, 8, 0, 0),
(19, 8, 0, 0),
(24, 8, 0, 0),
(18, 8, 0, 0),
(28, 8, 0, 0),
(8, 8, 0, 0),
(20, 8, 0, 0),
(33, 8, 0, 0),
(4, 8, 0, 0),
(9, 8, 0, 0),
(29, 8, 0, 0),
(34, 8, 0, 0),
(30, 8, 0, 0),
(35, 8, 0, 0);




INSERT INTO stawki(strefy_id, typy_pojazdów_id, opłata_godzinowa, opłata_wjazdowa) VALUES
(37, 1, 1.9, 0.98),
(5, 1, 2.09, 1.56),
(14, 1, 2.17, 0.89),
(1, 1, 1.8, 1.74),
(25, 1, 1.08, 1.55),
(40, 1, 2.37, 0.91),
(39, 1, 1.54, 1.56),
(38, 1, 1.17, 1.74),
(10, 1, 1.45, 1.25),
(15, 1, 2.97, 1.14),
(6, 1, 1.27, 1.39),
(21, 1, 1.68, 1.22),
(11, 1, 2.32, 1.6),
(16, 1, 1.25, 0.94),
(31, 1, 2.2, 1.32),
(12, 1, 2.57, 0.91),
(26, 1, 1.67, 1.17),
(22, 1, 1.76, 1.31),
(36, 1, 1.49, 1.68),
(17, 1, 2.88, 1.08),
(27, 1, 1.91, 1.57),
(32, 1, 1.51, 1.46),
(2, 1, 1.72, 1.33),
(13, 1, 2.54, 0.92),
(7, 1, 1.95, 1.76),
(3, 1, 1.95, 0.98),
(23, 1, 1.63, 1.63),
(19, 1, 2.7, 1.25),
(24, 1, 2.12, 0.91),
(18, 1, 2.93, 1.43),
(28, 1, 2.99, 1.62),
(8, 1, 2.95, 1.35),
(20, 1, 2.79, 1.05),
(33, 1, 1.47, 1.54),
(4, 1, 2.77, 1.47),
(9, 1, 2.65, 1.69),
(29, 1, 1.44, 0.96),
(34, 1, 1.61, 0.91),
(30, 1, 1.28, 1.23),
(35, 1, 2.34, 1.72),
(37, 2, 2.41, 1.69),
(5, 2, 1.32, 1.21),
(14, 2, 2.09, 1.03),
(1, 2, 2.97, 1.57),
(25, 2, 2.89, 1.06),
(40, 2, 1.92, 1.5),
(39, 2, 1.89, 1.49),
(38, 2, 2.92, 1.08),
(10, 2, 2.27, 0.98),
(15, 2, 1.58, 1.3),
(6, 2, 2.14, 1.76),
(21, 2, 1.49, 1.46),
(11, 2, 2.5, 1.35),
(16, 2, 1.56, 1.63),
(31, 2, 2.19, 1.08),
(12, 2, 2.19, 1.66),
(26, 2, 1.12, 1.51),
(22, 2, 1.15, 0.8),
(36, 2, 2.33, 1.14),
(17, 2, 1.63, 0.95),
(27, 2, 2.35, 1.33),
(32, 2, 1.49, 0.87),
(2, 2, 2.45, 0.82),
(13, 2, 2.25, 1.64),
(7, 2, 2.95, 0.81),
(3, 2, 2.31, 1.34),
(23, 2, 2.8, 1.62),
(19, 2, 2.76, 1.65),
(24, 2, 2.19, 1.37),
(18, 2, 1.78, 1.47),
(28, 2, 2.39, 1.53),
(8, 2, 1.79, 1.46),
(20, 2, 2.53, 1.6),
(33, 2, 1.74, 1.27),
(4, 2, 1.45, 1.34),
(9, 2, 1.45, 1.33),
(29, 2, 2.9, 1.57),
(34, 2, 2.76, 1.68),
(30, 2, 1.55, 1.79),
(35, 2, 2.35, 1.32),
(37, 3, 1.7, 1.43),
(5, 3, 2.57, 1.3),
(14, 3, 2.31, 1.07),
(1, 3, 1.51, 0.89),
(25, 3, 2.84, 1.02),
(40, 3, 1.45, 1.08),
(39, 3, 2.77, 1.46),
(38, 3, 2.43, 1.36),
(10, 3, 1.41, 1.08),
(15, 3, 1.46, 0.93),
(6, 3, 2.3, 1.56),
(21, 3, 2.74, 1.68),
(11, 3, 1.05, 1.37),
(16, 3, 2.76, 1.21),
(31, 3, 2.88, 1.45),
(12, 3, 1.7, 1.63),
(26, 3, 2.39, 0.86),
(22, 3, 1.83, 1.65),
(36, 3, 2.11, 1.57),
(17, 3, 2.93, 1.34),
(27, 3, 1.26, 1.58),
(32, 3, 1.99, 1.73),
(2, 3, 1.01, 1.12),
(13, 3, 1.76, 1.13),
(7, 3, 2.95, 1.39),
(3, 3, 2.96, 1.07),
(23, 3, 1.85, 1.09),
(19, 3, 1.86, 1.54),
(24, 3, 1.84, 0.81),
(18, 3, 2.64, 0.82),
(28, 3, 2.63, 1.71),
(8, 3, 2.07, 1.58),
(20, 3, 2.55, 1.41),
(33, 3, 2.28, 0.87),
(4, 3, 1.34, 1.67),
(9, 3, 2.93, 1.66),
(29, 3, 1.12, 0.8),
(34, 3, 2.7, 1.73),
(30, 3, 2.29, 1.78),
(35, 3, 2.77, 0.89),
(37, 4, 2.4, 0.81),
(5, 4, 1.14, 1.75),
(14, 4, 1.51, 1.42),
(1, 4, 2.98, 1.55),
(25, 4, 1.96, 1.74),
(40, 4, 1.9, 1.36),
(39, 4, 1.7, 0.98),
(38, 4, 2.66, 1.63),
(10, 4, 1.81, 0.91),
(15, 4, 1.3, 1.05),
(6, 4, 2.66, 1.75),
(21, 4, 1.68, 1.18),
(11, 4, 2.89, 0.92),
(16, 4, 2.53, 1.79),
(31, 4, 1.83, 1.66),
(12, 4, 2.95, 1.71),
(26, 4, 2.49, 1.43),
(22, 4, 1.23, 1.75),
(36, 4, 2.28, 1.11),
(17, 4, 2.63, 0.97),
(27, 4, 2.87, 1.7),
(32, 4, 1.21, 1.2),
(2, 4, 1.04, 1.8),
(13, 4, 2, 1.33),
(7, 4, 1.16, 1.64),
(3, 4, 2.36, 1.2),
(23, 4, 1.15, 1.57),
(19, 4, 1.69, 1.73),
(24, 4, 1.33, 1.26),
(18, 4, 1.54, 1.06),
(28, 4, 1.68, 1.44),
(8, 4, 1.48, 1.09),
(20, 4, 2.46, 1),
(33, 4, 2.07, 1.62),
(4, 4, 2.54, 1.64),
(9, 4, 1.75, 1.01),
(29, 4, 2.1, 1.36),
(34, 4, 1.33, 0.82),
(30, 4, 1.64, 1.66),
(35, 4, 2.69, 1.55),
(37, 5, 2.56, 1.73),
(5, 5, 2.36, 1.76),
(14, 5, 1.24, 1.69),
(1, 5, 2.75, 1.78),
(25, 5, 2.19, 0.94),
(40, 5, 1.15, 1.5),
(39, 5, 1.93, 1.22),
(38, 5, 1.47, 1.06),
(10, 5, 1.66, 1.77),
(15, 5, 1.61, 1.5),
(6, 5, 2.86, 1.64),
(21, 5, 1.59, 0.93),
(11, 5, 1.72, 1.46),
(16, 5, 1.71, 1.52),
(31, 5, 2.09, 1.24),
(12, 5, 2.06, 0.9),
(26, 5, 2.86, 1.74),
(22, 5, 2.49, 1.68),
(36, 5, 2.5, 0.89),
(17, 5, 1.34, 1.53),
(27, 5, 1.33, 1.2),
(32, 5, 1.12, 1.23),
(2, 5, 1.68, 1.29),
(13, 5, 1.09, 1.11),
(7, 5, 1.17, 1.07),
(3, 5, 1.62, 1.78),
(23, 5, 2.67, 1.69),
(19, 5, 1.1, 1.55),
(24, 5, 1.43, 1.23),
(18, 5, 1.73, 1.11),
(28, 5, 1.35, 1.11),
(8, 5, 1.03, 1.46),
(20, 5, 1.7, 1.51),
(33, 5, 1.96, 1.32),
(4, 5, 2.53, 1.14),
(9, 5, 2.63, 1.79),
(29, 5, 1.24, 1.11),
(34, 5, 2.44, 0.84),
(30, 5, 2.11, 1.42),
(35, 5, 1.63, 1.62),
(37, 6, 1.69, 1.38),
(5, 6, 2.77, 1.76),
(14, 6, 3.02, 1.3),
(1, 6, 2.48, 1.2),
(25, 6, 2.75, 1.6),
(40, 6, 2.98, 0.91),
(39, 6, 2.44, 1.03),
(38, 6, 2.14, 1.64),
(10, 6, 1.6, 1.59),
(15, 6, 2.97, 1.33),
(6, 6, 1.73, 1.18),
(21, 6, 2.13, 1.18),
(11, 6, 2.7, 0.86),
(16, 6, 3.07, 1.44),
(31, 6, 2.54, 1.16),
(12, 6, 2.27, 1.16),
(26, 6, 1.83, 1.57),
(22, 6, 1.43, 1.52),
(36, 6, 1.22, 1.76),
(17, 6, 1.73, 1.76),
(27, 6, 1.53, 1.01),
(32, 6, 2.8, 0.93),
(2, 6, 2.06, 1.65),
(13, 6, 3.19, 1.59),
(7, 6, 2.05, 1.72),
(3, 6, 1.62, 1.21),
(23, 6, 2.1, 1.6),
(19, 6, 2.38, 1.67),
(24, 6, 2.36, 0.99),
(18, 6, 1.69, 1.28),
(28, 6, 1.92, 1.22),
(8, 6, 2.03, 1.29),
(20, 6, 1.27, 1.18),
(33, 6, 2.97, 1.62),
(4, 6, 1.45, 1.6),
(9, 6, 2.74, 1.06),
(29, 6, 2.78, 1.63),
(34, 6, 1.46, 1.04),
(30, 6, 2.62, 1.56),
(35, 6, 1.62, 1.43),
(37, 7, 1.89, 1.7),
(5, 7, 1.63, 1.33),
(14, 7, 2.23, 1.45),
(1, 7, 2.72, 1.19),
(25, 7, 3.2, 0.85),
(40, 7, 1.56, 1.05),
(39, 7, 2.64, 1.37),
(38, 7, 3.18, 1.13),
(10, 7, 2.73, 0.97),
(15, 7, 1.65, 1.33),
(6, 7, 1.25, 0.8),
(21, 7, 3.1, 1.2),
(11, 7, 1.8, 1.19),
(16, 7, 3.02, 1.22),
(31, 7, 2.85, 0.91),
(12, 7, 1.98, 0.96),
(26, 7, 1.3, 1.12),
(22, 7, 2.83, 1.26),
(36, 7, 3.01, 1.22),
(17, 7, 1.82, 1.22),
(27, 7, 2.3, 1.53),
(32, 7, 1.7, 1.27),
(2, 7, 1.21, 0.89),
(13, 7, 2.2, 1.1),
(7, 7, 1.81, 1.08),
(3, 7, 1.98, 1.06),
(23, 7, 2.83, 1.14),
(19, 7, 3.17, 1.18),
(24, 7, 1.85, 1.35),
(18, 7, 2.36, 0.88),
(28, 7, 2.11, 1.8),
(8, 7, 2.43, 1.25),
(20, 7, 1.65, 1.12),
(33, 7, 1.79, 1.7),
(4, 7, 2.59, 1.6),
(9, 7, 1.66, 1.06),
(29, 7, 2.1, 1.38),
(34, 7, 2.13, 1.63),
(30, 7, 2.12, 1.28),
(35, 7, 2.29, 1.5),
(37, 8, 1.8, 1.66),
(5, 8, 1.33, 1.22),
(14, 8, 2.2, 1.45),
(1, 8, 0.91, 1.53),
(25, 8, 2.28, 1.56),
(40, 8, 1.93, 1.48),
(39, 8, 1.77, 1.45),
(38, 8, 2.11, 1.67),
(10, 8, 2.11, 1.74),
(15, 8, 2.19, 1.07),
(6, 8, 2.54, 1.06),
(21, 8, 1.22, 0.9),
(11, 8, 2.1, 1.62),
(16, 8, 1.44, 1.04),
(31, 8, 1.06, 1.44),
(12, 8, 2.03, 0.95),
(26, 8, 1.93, 0.82),
(22, 8, 1.34, 1.5),
(36, 8, 1.95, 0.99),
(17, 8, 1.27, 1.29),
(27, 8, 2.34, 1.42),
(32, 8, 1.14, 1.19),
(2, 8, 1.66, 1.24),
(13, 8, 2.51, 1.56),
(7, 8, 2.2, 1.04),
(3, 8, 1.94, 1.1),
(23, 8, 2.29, 1.05),
(19, 8, 1.17, 0.88),
(24, 8, 1.47, 1.05),
(18, 8, 1.01, 1.37),
(28, 8, 0.97, 1.77),
(8, 8, 1.37, 0.92),
(20, 8, 2.18, 1.24),
(33, 8, 1, 0.86),
(4, 8, 1.94, 1.3),
(9, 8, 1.45, 1.38),
(29, 8, 2.4, 1.06),
(34, 8, 1.82, 1.2),
(30, 8, 1.01, 1.56),
(35, 8, 1.36, 0.96);




INSERT INTO bramki(id, nazwa, strefy_id, selektor) VALUES
(1, 'Łukasza Górnickiego', 24, 'wyjazdowe'),
(2, 'Bytomska', 22, 'wjazdowe'),
(3, 'Jankowska', 29, 'wyjazdowe'),
(4, 'Eugeniusza Kwiatkowskiego', 7, 'wjazdowe'),
(5, 'Sosnowiecka', 3, 'wjazdowe'),
(6, 'Częstochowska', 34, 'wyjazdowe'),
(7, 'Barwinkowa', 31, 'wyjazdowe'),
(8, 'Macieja Kamieńskiego', 31, 'wjazdowe'),
(9, 'Spacerowa', 30, 'wjazdowe'),
(10, 'Koszykarska', 31, 'wyjazdowe'),
(11, 'Granitowa', 2, 'wyjazdowe'),
(12, 'Bzowa', 34, 'wjazdowe'),
(13, 'Europejska', 6, 'wjazdowe'),
(14, 'Macierzanki', 36, 'wyjazdowe'),
(15, 'Karczewska', 5, 'wjazdowe'),
(16, 'Barwna', 25, 'wyjazdowe'),
(17, 'Człuchowska', 25, 'wyjazdowe'),
(18, 'Spokojna', 32, 'wjazdowe'),
(19, 'Magnolii', 10, 'wyjazdowe'),
(20, 'Calineczki', 17, 'wjazdowe'),
(21, 'Janosika', 6, 'wjazdowe'),
(22, 'Granowska', 22, 'wyjazdowe'),
(23, 'Spółdzielcza', 16, 'wjazdowe'),
(24, 'Janowiecka', 35, 'wyjazdowe'),
(25, 'Mahatmy Gandhiego', 20, 'wjazdowe'),
(26, 'Barwnicza', 8, 'wyjazdowe'),
(27, 'Ewy', 36, 'wyjazdowe'),
(28, 'Grawerska', 16, 'wjazdowe'),
(29, 'Jantar', 18, 'wyjazdowe'),
(30, 'Sportowa', 7, 'wjazdowe'),
(31, 'Koszykowa', 19, 'wyjazdowe'),
(32, 'Majora Franciszka M. Amałowicza "Tatara"', 29, 'wjazdowe'),
(33, 'Środkowa', 30, 'wyjazdowe'),
(34, 'Majowa', 2, 'wjazdowe'),
(35, 'Czółenkowa', 36, 'wjazdowe'),
(36, 'Ezopa', 21, 'wyjazdowe'),
(37, 'Karczocha', 16, 'wjazdowe'),
(38, 'Czołgistów', 3, 'wyjazdowe'),
(39, 'Grażyny', 34, 'wyjazdowe'),
(40, 'Jantarowy Szlak', 10, 'wjazdowe'),
(41, 'Stanisława Barcewicza', 4, 'wyjazdowe'),
(42, 'Kotlarska', 7, 'wjazdowe'),
(43, 'Calowa', 40, 'wyjazdowe'),
(44, 'Maksymiliana Hubera', 16, 'wjazdowe'),
(45, 'Stanisława Barei', 4, 'wyjazdowe'),
(46, 'Fabiańska', 8, 'wjazdowe'),
(47, 'Mała', 19, 'wjazdowe'),
(48, 'Karczunkowska', 22, 'wyjazdowe'),
(49, 'Czołowa', 6, 'wjazdowe'),
(50, 'Baryczków', 1, 'wyjazdowe'),
(51, 'Krzysztofa Arciszewskiego', 1, 'wjazdowe'),
(52, 'Czerwińska', 1, 'wyjazdowe'),
(53, 'Eskimoska', 20, 'wyjazdowe'),
(54, '1 Maja', 15, 'wjazdowe'),
(55, 'Czerwona Droga', 29, 'wjazdowe'),
(56, 'Batalionu AK "Karpaty"', 5, 'wyjazdowe'),
(57, 'Teodora Duracza', 27, 'wjazdowe'),
(58, 'Eskulapów', 5, 'wyjazdowe'),
(59, 'Czerwonego Krzyża', 8, 'wyjazdowe'),
(60, 'Goździków', 32, 'wjazdowe'),
(61, 'Objazdowa', 31, 'wjazdowe'),
(62, '1 Praskiego Pułku', 7, 'wyjazdowe'),
(63, 'Kępna', 36, 'wyjazdowe'),
(64, 'Batalionu AK "Olza"', 16, 'wjazdowe'),
(65, 'Janczarów', 10, 'wyjazdowe'),
(66, 'Teofila Jaśkiewicza', 2, 'wjazdowe'),
(67, 'Esperanto', 30, 'wyjazdowe'),
(68, 'Czerwonych Beretów', 23, 'wjazdowe'),
(69, '1 Praskiego Pułku (Wesoła)', 21, 'wjazdowe'),
(70, 'Batalionu AK "Pięść"', 27, 'wyjazdowe'),
(71, '1 Sierpnia', 31, 'wjazdowe'),
(72, 'Oboźna', 10, 'wyjazdowe'),
(73, 'Grabalówki', 36, 'wjazdowe'),
(74, 'Janinówka', 33, 'wyjazdowe'),
(75, 'Tomasza Edisona', 28, 'wjazdowe'),
(76, 'Obozowa', 31, 'wyjazdowe'),
(77, 'Krzysztofa Kamila Baczyńskiego', 38, 'wjazdowe'),
(78, 'Ketlinga', 26, 'wyjazdowe'),
(79, 'Krzysztofa Kiersnowskiego', 33, 'wyjazdowe'),
(80, 'Topazowa', 26, 'wjazdowe'),
(81, 'Odolańska', 39, 'wyjazdowe'),
(82, 'Kibiców', 36, 'wjazdowe'),
(83, 'Grabowska', 7, 'wyjazdowe'),
(84, 'Janiszowska', 31, 'wjazdowe'),
(85, 'Topiel', 15, 'wyjazdowe'),
(86, 'Odrębna', 28, 'wjazdowe'),
(87, 'Topolowa', 29, 'wyjazdowe'),
(88, 'Estońska', 9, 'wjazdowe'),
(89, 'Krzysztofa Kieślowskiego', 27, 'wjazdowe'),
(90, 'Kiejstuta', 5, 'wyjazdowe'),
(91, 'Ogrodowa', 37, 'wjazdowe'),
(92, 'Czerwonych Maków', 29, 'wyjazdowe'),
(93, 'Estrady', 3, 'wjazdowe'),
(94, 'Czerwonych Wierchów', 8, 'wyjazdowe'),
(95, 'Torfowa', 34, 'wjazdowe'),
(96, 'Etiudy Rewolucyjnej', 25, 'wyjazdowe'),
(97, 'Czeska', 29, 'wjazdowe'),
(98, 'Batalionu AK "Ryś"', 34, 'wyjazdowe'),
(99, 'Eugeniusza Bodo', 16, 'wjazdowe'),
(100, 'Okopowa', 20, 'wyjazdowe'),
(101, 'Borowika', 7, 'wjazdowe'),
(102, 'Kresowa', 39, 'wyjazdowe'),
(103, 'Kaskadowa', 38, 'wjazdowe'),
(104, 'Kręta', 2, 'wyjazdowe'),
(105, 'Hafciarska', 5, 'wyjazdowe'),
(106, 'Jerzyka', 23, 'wjazdowe'),
(107, 'Kaśki Kariatydy', 16, 'wyjazdowe'),
(108, 'Franciszka Ksawerego Dmochowskiego', 8, 'wjazdowe'),
(109, 'Archiwalna', 29, 'wjazdowe'),
(110, 'Kretonowa', 16, 'wyjazdowe'),
(111, 'Hajduczka', 7, 'wjazdowe'),
(112, 'Dojazdowa', 3, 'wyjazdowe'),
(113, 'Borówkowa', 24, 'wyjazdowe'),
(114, 'Argentyńska', 34, 'wjazdowe'),
(115, 'Kaspijska', 39, 'wyjazdowe'),
(116, 'Jesienna', 22, 'wjazdowe'),
(117, 'Franciszka Salezego Jezierskiego', 6, 'wjazdowe'),
(118, 'Borsucza', 24, 'wyjazdowe'),
(119, 'Arkadowa', 19, 'wjazdowe'),
(120, 'Krobińska', 38, 'wyjazdowe'),
(121, 'Dokerów', 4, 'wyjazdowe'),
(122, 'Boruty', 16, 'wjazdowe'),
(123, 'Arkadyjska', 25, 'wyjazdowe'),
(124, 'Kasprzaka', 7, 'wjazdowe'),
(125, 'Krochmalna', 13, 'wyjazdowe'),
(126, 'Nowomiejska', 36, 'wjazdowe'),
(127, 'Francuska', 30, 'wjazdowe'),
(128, 'Boryny', 32, 'wyjazdowe'),
(129, 'Arkony', 17, 'wyjazdowe'),
(130, 'Dolina Służewiecka', 26, 'wjazdowe'),
(131, 'Hajnowska', 12, 'wjazdowe'),
(132, 'Frascati', 14, 'wyjazdowe'),
(133, 'Tęczowa', 11, 'wjazdowe'),
(134, 'Jesiennych Liści', 38, 'wyjazdowe'),
(135, 'Kasztanowa', 37, 'wyjazdowe'),
(136, 'Hajoty', 3, 'wjazdowe'),
(137, 'Borysławska', 24, 'wjazdowe'),
(138, 'Nowoursynowska', 14, 'wyjazdowe'),
(139, 'Arktyczna', 15, 'wyjazdowe'),
(140, 'Dolna', 25, 'wjazdowe'),
(141, 'Telimeny', 6, 'wjazdowe'),
(142, 'Jesionowa', 40, 'wyjazdowe'),
(143, 'Boryszewska', 37, 'wjazdowe'),
(144, 'Nowy Świat', 7, 'wyjazdowe'),
(145, 'Kroczewska', 29, 'wjazdowe'),
(146, 'Fraszki', 1, 'wyjazdowe'),
(147, 'Haliny Krahelskiej', 32, 'wjazdowe'),
(148, 'Dolnośląska', 38, 'wyjazdowe'),
(149, 'Fregaty', 2, 'wjazdowe'),
(150, 'Teodora Axentowicza', 21, 'wyjazdowe'),
(151, 'Iglasta', 3, 'wjazdowe'),
(152, 'Królewicza Jakuba', 8, 'wyjazdowe'),
(153, 'Garbarska', 30, 'wjazdowe'),
(154, 'Celna', 30, 'wyjazdowe'),
(155, 'Ignacego Domeyki', 23, 'wyjazdowe'),
(156, 'Drawska', 15, 'wjazdowe'),
(157, 'skwer Pułkownika Zdzisława Kuźmirskiego-', 22, 'wyjazdowe'),
(158, 'Bolesława Krzywoustego', 16, 'wjazdowe'),
(159, 'Celofanowa', 38, 'wyjazdowe'),
(160, 'Drewniana', 19, 'wjazdowe'),
(161, 'Lotnicza', 6, 'wjazdowe'),
(162, 'Śliska', 30, 'wyjazdowe'),
(163, 'Gardenii', 36, 'wyjazdowe'),
(164, 'Katowicka', 2, 'wjazdowe'),
(165, 'Królewska', 3, 'wjazdowe'),
(166, 'Ignacego Krasickiego', 35, 'wyjazdowe'),
(167, 'Antoniego Fontany', 9, 'wyjazdowe'),
(168, 'Łucka', 29, 'wjazdowe'),
(169, 'Bolesława Limanowskiego', 35, 'wyjazdowe'),
(170, 'Kąty Grodziskie', 36, 'wjazdowe'),
(171, 'Antoniego Grabowskiego', 26, 'wyjazdowe'),
(172, 'Słomczyńska', 15, 'wjazdowe'),
(173, 'Celtów', 12, 'wyjazdowe'),
(174, 'Królowej Aldony', 19, 'wjazdowe'),
(175, 'Bolesława Prusa', 20, 'wjazdowe'),
(176, 'Drewnicka', 40, 'wyjazdowe'),
(177, 'Antoniego Kacpury', 26, 'wjazdowe'),
(178, 'Kaukaska', 8, 'wyjazdowe'),
(179, 'Celulozy', 9, 'wjazdowe'),
(180, 'Garłaczy', 38, 'wyjazdowe'),
(181, 'Ludwika Hirszfelda', 9, 'wjazdowe'),
(182, 'Bolesława Prusa (Wesoła)', 38, 'wyjazdowe'),
(183, 'Królowej Jadwigi', 36, 'wyjazdowe'),
(184, 'Kawalerii', 3, 'wjazdowe'),
(185, 'Ignacego Kruszewskiego', 35, 'wyjazdowe'),
(186, 'Garncarska', 20, 'wjazdowe'),
(187, 'Królowej Marysieńki', 7, 'wyjazdowe'),
(188, 'Słoneczna', 35, 'wjazdowe'),
(189, 'Igrzyskowa', 3, 'wyjazdowe'),
(190, 'Garwolińska', 23, 'wjazdowe'),
(191, 'Drezdeńska', 35, 'wyjazdowe'),
(192, 'III Poprzeczna', 21, 'wjazdowe'),
(193, 'Ludwika Idzikowskiego', 35, 'wyjazdowe'),
(194, 'Słowicza', 24, 'wjazdowe'),
(195, 'Cementowa', 2, 'wyjazdowe'),
(196, 'Ludwika Kickiego', 18, 'wjazdowe'),
(197, 'Antoniego Kocjana', 26, 'wyjazdowe'),
(198, 'Bolesława Śmiałego', 22, 'wjazdowe'),
(199, 'Antoniewska', 22, 'wjazdowe'),
(200, 'Bolesławicka', 1, 'wyjazdowe'),
(201, 'Grójecka', 22, 'wyjazdowe'),
(202, 'Konrada Guderskiego', 17, 'wjazdowe'),
(203, 'Jasiniec', 22, 'wjazdowe'),
(204, 'Kaczorowska', 6, 'wyjazdowe'),
(205, 'Gronowa', 4, 'wyjazdowe'),
(206, 'Koński Jar', 11, 'wjazdowe'),
(207, 'Mikołaja Gomółki', 9, 'wjazdowe'),
(208, 'Armii Ludowej', 36, 'wyjazdowe'),
(209, 'Jaskółcza', 35, 'wjazdowe'),
(210, 'Bożka Arki', 16, 'wyjazdowe'),
(211, 'Chałupnicza', 1, 'wyjazdowe'),
(212, 'Arniki', 18, 'wjazdowe'),
(213, 'Drohicka', 6, 'wyjazdowe'),
(214, 'Groszowicka', 37, 'wjazdowe'),
(215, 'Sylwestra Kaliskiego', 15, 'wjazdowe'),
(216, 'Jaskrów', 32, 'wyjazdowe'),
(217, 'Mikołaja Kopernika', 38, 'wjazdowe'),
(218, 'Chęcińska', 18, 'wyjazdowe'),
(219, 'Groteski', 10, 'wyjazdowe'),
(220, 'Kaczy Dół', 20, 'wjazdowe'),
(221, 'Braci Wagów', 26, 'wyjazdowe'),
(222, 'Aroniowa', 22, 'wjazdowe'),
(223, 'Bracka', 23, 'wyjazdowe'),
(224, 'Konstancińska', 8, 'wjazdowe'),
(225, 'Drohobycka', 29, 'wyjazdowe'),
(226, 'Jaśminowa', 28, 'wjazdowe'),
(227, 'Grotowska', 15, 'wyjazdowe'),
(228, 'Szafirowa', 11, 'wjazdowe'),
(229, 'Kadetów', 23, 'wjazdowe'),
(230, 'Arrasowa', 14, 'wyjazdowe'),
(231, 'Jasna', 37, 'wjazdowe'),
(232, 'Gruchacza', 15, 'wyjazdowe'),
(233, 'Jasnodworska', 6, 'wyjazdowe'),
(234, 'Bracławska', 19, 'wjazdowe'),
(235, 'Konstantego Ciołkowskiego', 5, 'wyjazdowe'),
(236, 'Arsenalska', 25, 'wjazdowe'),
(237, 'Kadrowa', 29, 'wjazdowe'),
(238, 'Konstantego Ildefonsa Gałczyńskiego', 29, 'wyjazdowe'),
(239, 'Mikołaja Reja', 30, 'wyjazdowe'),
(240, 'Gruntowa', 5, 'wjazdowe'),
(241, 'Bramka', 18, 'wyjazdowe'),
(242, 'Chełchowska', 14, 'wjazdowe'),
(243, 'Artemidy', 6, 'wyjazdowe'),
(244, 'Kadryla', 17, 'wjazdowe'),
(245, 'Szarych Szeregów', 39, 'wyjazdowe'),
(246, 'Mikołajska', 18, 'wjazdowe'),
(247, 'Konstruktorska', 31, 'wjazdowe'),
(248, 'Drozdowa', 2, 'wyjazdowe'),
(249, 'Chełmska', 24, 'wjazdowe'),
(250, 'Szczepana Grzeszczyka', 23, 'wyjazdowe'),
(251, 'Krasnołęcka', 28, 'wyjazdowe'),
(252, 'Czyżyka', 33, 'wjazdowe'),
(253, 'Gajowa', 10, 'wyjazdowe'),
(254, 'Farysa', 21, 'wjazdowe'),
(255, 'Dąbrowiecka', 24, 'wyjazdowe'),
(256, 'Spółdzielcza', 30, 'wjazdowe'),
(257, 'Bachmacka', 20, 'wyjazdowe'),
(258, 'Fasolowa', 3, 'wjazdowe'),
(259, 'Husarska', 27, 'wjazdowe'),
(260, 'Brzeska', 38, 'wyjazdowe'),
(261, 'Mahatmy Gandhiego', 32, 'wjazdowe'),
(262, 'Galaktyki', 15, 'wyjazdowe'),
(263, 'Hutnicza', 17, 'wyjazdowe'),
(264, 'Bachusa', 38, 'wjazdowe'),
(265, 'Dąbrowszczaków', 5, 'wjazdowe'),
(266, 'Sportowa', 2, 'wyjazdowe'),
(267, 'Majora Franciszka M. Amałowicza "Tatara"', 33, 'wjazdowe'),
(268, 'Środkowa', 10, 'wyjazdowe'),
(269, 'Majowa', 26, 'wyjazdowe'),
(270, 'Fausta', 4, 'wjazdowe'),
(271, 'Galileusza', 2, 'wjazdowe'),
(272, 'Kartezjusza', 27, 'wyjazdowe'),
(273, 'Stanisława Barcewicza', 33, 'wjazdowe'),
(274, 'Brzezińska', 5, 'wyjazdowe'),
(275, 'Maksymiliana Hubera', 8, 'wyjazdowe'),
(276, 'Dąbrowy', 26, 'wjazdowe'),
(277, 'Iberyjska', 40, 'wjazdowe'),
(278, 'Badowska', 35, 'wyjazdowe'),
(279, 'Stanisława Barei', 29, 'wjazdowe'),
(280, 'Krasnoludków', 35, 'wyjazdowe'),
(281, 'Kartograficzna', 36, 'wyjazdowe'),
(282, 'Galla Anonima', 22, 'wjazdowe'),
(283, 'Faustyna Czerwijowskiego', 4, 'wyjazdowe'),
(284, 'Krasnowolska', 23, 'wjazdowe'),
(285, 'Brzeziny', 9, 'wjazdowe'),
(286, 'Ibisa', 38, 'wyjazdowe'),
(287, 'Daglezji', 26, 'wyjazdowe'),
(288, 'Galopu', 6, 'wjazdowe'),
(289, 'Igańska', 13, 'wjazdowe'),
(290, 'Kartonowa', 5, 'wyjazdowe'),
(291, 'Krawiecka', 1, 'wjazdowe'),
(292, 'Garażowa', 24, 'wyjazdowe'),
(293, 'Iglasta', 32, 'wjazdowe'),
(294, 'Badylarska', 5, 'wyjazdowe'),
(295, 'Garbarska', 9, 'wyjazdowe'),
(296, 'Mała', 33, 'wjazdowe'),
(297, 'Ignacego Domeyki', 3, 'wjazdowe'),
(298, 'Fawory', 13, 'wyjazdowe'),
(299, 'Daków', 5, 'wyjazdowe'),
(300, 'Karuzela', 22, 'wjazdowe'),
(301, 'Kleopatry', 1, 'wjazdowe'),
(302, 'Sportowa', 2, 'wjazdowe'),
(303, 'Księżycowa', 3, 'wjazdowe'),
(304, 'Ciżemki', 4, 'wjazdowe'),
(305, 'Kleszczowa', 5, 'wjazdowe'),
(306, 'Jeża', 6, 'wjazdowe'),
(307, '27 Grudnia', 7, 'wjazdowe'),
(308, 'Majora Franciszka M. Amałowicza "Tatara"', 8, 'wjazdowe'),
(309, 'Halna', 9, 'wjazdowe'),
(310, 'Jeździecka', 10, 'wjazdowe'),
(311, 'Kubańska', 11, 'wjazdowe'),
(312, 'Batalionu Platerówek', 12, 'wjazdowe'),
(313, 'Handlowa', 13, 'wjazdowe'),
(314, 'Jeziorki', 14, 'wjazdowe'),
(315, 'Hanki Czaki', 15, 'wjazdowe'),
(316, 'Dziennikarska', 16, 'wjazdowe'),
(317, 'Klimatyczna', 17, 'wjazdowe'),
(318, 'Środkowa', 18, 'wjazdowe'),
(319, 'Jeziorna', 19, 'wjazdowe'),
(320, 'Hansa Christiana Andersena', 20, 'wjazdowe'),
(321, 'Cmentarna', 21, 'wjazdowe'),
(322, 'Majowa', 22, 'wjazdowe'),
(323, 'Kubusia Puchatka', 23, 'wjazdowe'),
(324, 'Stanisława Barcewicza', 24, 'wjazdowe'),
(325, 'Dzierzby', 25, 'wjazdowe'),
(326, 'Klimontowska', 26, 'wjazdowe'),
(327, 'Kudowska', 27, 'wjazdowe'),
(328, '29 Listopada', 28, 'wjazdowe'),
(329, 'Jeziorowa', 29, 'wjazdowe'),
(330, 'Kłobucka', 30, 'wjazdowe'),
(331, 'Maksymiliana Hubera', 31, 'wjazdowe'),
(332, 'Codzienna', 32, 'wjazdowe'),
(333, 'Stanisława Barei', 33, 'wjazdowe'),
(334, 'Batumi', 34, 'wjazdowe'),
(335, 'Dzierzgońska', 35, 'wjazdowe'),
(336, 'Mała', 36, 'wjazdowe'),
(337, 'Kuflewska', 37, 'wjazdowe'),
(338, 'Stanisława Chudoby', 38, 'wjazdowe'),
(339, 'Cokołowa', 39, 'wjazdowe'),
(340, 'Malachitowa', 40, 'wjazdowe'),
(341, 'Kwitnącej Wiśni', 1, 'wyjazdowe'),
(342, 'Gizów', 2, 'wyjazdowe'),
(343, 'Albina Jakiela', 3, 'wyjazdowe'),
(344, 'Minerska', 4, 'wyjazdowe'),
(345, 'Białostocka', 5, 'wyjazdowe'),
(346, 'Izabelli', 6, 'wyjazdowe'),
(347, 'Szklarniowa', 7, 'wyjazdowe'),
(348, 'Gladioli', 8, 'wyjazdowe'),
(349, 'Kolejowa', 9, 'wyjazdowe'),
(350, 'Izbicka', 10, 'wyjazdowe'),
(351, 'Drawska', 11, 'wyjazdowe'),
(352, 'Celofanowa', 12, 'wyjazdowe'),
(353, 'Miodowa', 13, 'wyjazdowe'),
(354, 'aleja Dzieci Polskich', 14, 'wyjazdowe'),
(355, 'Łagodna', 15, 'wyjazdowe'),
(356, 'Szkolna', 16, 'wyjazdowe'),
(357, 'Białowiejska', 17, 'wyjazdowe'),
(358, 'Kolektorska', 18, 'wyjazdowe'),
(359, 'Drewniana', 19, 'wyjazdowe'),
(360, 'aleja Hrabska', 20, 'wyjazdowe'),
(361, 'Celtów', 21, 'wyjazdowe'),
(362, 'Białowieska', 22, 'wyjazdowe'),
(363, 'Drewnicka', 23, 'wyjazdowe'),
(364, 'Młodzieńcza', 24, 'wyjazdowe'),
(365, 'Celulozy', 25, 'wyjazdowe'),
(366, 'aleja Jana Chrystiana Szucha', 26, 'wyjazdowe'),
(367, 'Gładka', 27, 'wyjazdowe'),
(368, 'Drezdeńska', 28, 'wyjazdowe'),
(369, 'Białozora', 29, 'wyjazdowe'),
(370, 'Izdebnicka', 30, 'wyjazdowe'),
(371, 'Cementowa', 31, 'wyjazdowe'),
(372, 'Drobiazg', 32, 'wyjazdowe'),
(373, 'Głębocka', 33, 'wyjazdowe'),
(374, 'aleja Jana Pawła II', 34, 'wyjazdowe'),
(375, 'Biały Kamień', 35, 'wyjazdowe'),
(376, 'aleja Kazimierza Kumanieckiego', 36, 'wyjazdowe'),
(377, 'Izerska', 37, 'wyjazdowe'),
(378, 'Szlachecka', 38, 'wyjazdowe'),
(379, 'Młynarska', 39, 'wyjazdowe'),
(380, 'Głęboka', 40, 'wyjazdowe');





INSERT INTO konta(id, imię, nazwisko, pesel, saldo, telefon, email, ulgi_id, kod_karty, aktywne) VALUES
(1, 'Bertrada', 'Wahl', '80062192228', 20.74, '804601922', NULL, NULL, 'AG46019', '0'),
(2, 'Wolfdietrich', 'Boucher', '68092827623', 9.51, '286849082', 'Bolt@nowhere.com', 4, 'AC28684', '0'),
(3, 'Helvin', 'Ludwig', '00162767478', 36.44, '762300368', NULL, NULL, 'DW82762', '0'),
(4, 'Fridurich', 'Craven', '64043631587', 173.66, '767478644', 'Morehead@example.com', 1, 'VW03687', '0'),
(5, 'Uodalrich', 'Sizemore', '84003375351', 107.76, '496315878', 'qpzre411@example.com', 5, 'QF47864', '0'),
(6, 'Wastl', 'Flowers', '34111891693', 133.66, NULL, NULL, NULL, 'US96315', '1'),
(7, 'Demian', 'Conway', '79170539869', 82.36, '400937535', 'Bray162@example.com', 2, 'GH84009', '1'),
(8, 'Kunigunde', 'Waite', '53091261764', 245.45, NULL, NULL, NULL, 'ZR53513', '0'),
(9, 'Wedekind', 'Skaggs', '57133893201', 240.96, NULL, NULL, NULL, NULL, '0'),
(10, 'Bernhardin', 'Peacock', '48021116874', 0.39, '134115891', 'Sidney_Agnew3@nowhere.com', 1, 'UV15891', '0'),
(11, 'Howe', 'Hwang', '01010516278', 211.45, '693795705', 'xmhz1900@nowhere.com', 2, 'KZ37957', '0'),
(12, 'Detlef', 'Boudreau', '22181842355', 218.84, '398695329', NULL, NULL, 'KX39869', '0'),
(13, 'Abbeygail ', 'Crawford', '62172086964', -23.94, NULL, NULL, NULL, 'LL29326', '0'),
(14, 'Bonifaz', 'Wakefield', '65043368582', 230.9, '326176457', 'Monroe.Rinehart@nowhere.com', 5, 'JD64573', '0'),
(15, 'Aleida ', 'Mcgrath', '04072184404', 175.37, '335893201', 'Gutierrez73@example.com', 3, 'NI58708', '1'),
(16, 'Innozenz', 'Conyers', '62000942994', 29.33, NULL, NULL, NULL, 'LS10145', '0'),
(17, 'Demian', 'Floyd', '74062355509', 78.48, '488231168', 'FelipaAbernathy@nowhere.com', 3, 'FI20472', '0'),
(18, 'Abby ', 'Skelton', '89003167930', 57.56, '740141451', 'Adler@example.com', 3, 'BT76327', '0'),
(19, 'Ruvina', 'Walden', '63032151769', 73.61, '627822183', 'uadm55@example.com', 4, 'YK21838', '1'),
(20, 'Sonea', 'Boudreaux', '27003622225', -49.99, '842355629', 'Caldwell@example.com', 2, 'IU35562', '0'),
(21, 'Miria', 'Lugo', '99072628884', 35.56, '760869646', 'NathanielC_Christman823@exampl', 4, 'LF60869', '0'),
(22, 'Milvina', 'Hyatt', '50031058002', 212.12, '524936858', 'imcuxf9901@example.com', 5, 'SS65249', '1'),
(23, 'Amrei', 'Skidmore', '36082763047', 184.82, '204878184', 'Marnie_Pullen@example.com', 5, 'ZX12549', '0'),
(24, 'Lexian', 'Lujan', '15140328100', -17.53, '404620089', 'Falls@nowhere.com', 1, 'PA68460', '0'),
(25, 'Tanaja', 'Waldron', '27062892048', 85.91, NULL, NULL, NULL, 'CX46268', '1'),
(26, 'Conny', 'Cook', '24010650561', 116.07, '429947426', 'JaquelynPhipps99@example.com', 4, 'CZ02047', '0'),
(27, 'Sonja', 'Crawley', '41102364487', 9.06, NULL, NULL, NULL, NULL, '0'),
(28, 'Davi', 'Hyde', '98173045510', 4.84, '635550989', 'LymanH223@example.com', 3, 'SO44387', '1'),
(29, 'Sonnwin', 'Lumpkin', '63090076195', -24.7, '203167930', 'TemekaMarquez77@example.com', 3, 'QJ03886', '0'),
(30, 'Wiglev', 'Skinner', '41122714178', 13.8, '634381517', 'Abrams472@nowhere.com', 2, 'WP78247', '1'),
(31, 'Demokrit', 'Peak', '44180222330', 114.72, NULL, NULL, NULL, 'PV11710', '0'),
(32, 'Alruna', 'Waldrop', '03102968983', 60.31, NULL, NULL, NULL, NULL, '1'),
(33, 'Odila', 'Skipper', '73131286219', 178.98, '692700762', 'Stoddard679@example.com', 3, 'FC75882', '0'),
(34, 'Carolin', 'Walker', '40021088056', 130.16, NULL, NULL, NULL, 'JE74149', '0'),
(35, 'Kristiane', 'Flynn', '59183909086', 136.6, '222599070', 'Kiesha_Buckner25@example.com', 4, 'HI78406', '0'),
(36, 'Felizian', 'Crayton', '03023586550', -43.55, NULL, NULL, NULL, 'RG14313', '0'),
(37, 'Chicko', 'Mcgraw', '18143228666', 128.6, '628884504', 'Abney816@example.com', 1, 'PE95552', '0'),
(38, 'Baldo ', 'Fogle', '90133765765', 34.39, '370580023', 'Swain@example.com', 1, 'RX64617', '1'),
(39, 'Gundolf', 'Hyland', '41091746857', -48.13, '688476304', 'sdyfq9887@nowhere.com', 4, 'VU67621', '0'),
(40, 'Delian', 'Luna', '85141482635', 98.19, '715944328', NULL, NULL, 'XF66392', '1'),
(41, 'Balintt ', 'Slack', '86103795357', 98.8, '100278688', 'Newsome21@example.com', 2, 'UZ00278', '1'),
(42, 'Waltraud', 'Pearce', '14023640212', 131.16, NULL, NULL, NULL, NULL, '1'),
(43, 'Zeruja', 'Bounds', '50141104899', 231.92, '920482481', 'Hoover@example.com', 4, 'WC89204', '0'),
(44, 'Dodo', 'Wallace', '36072051522', 159.4, NULL, NULL, NULL, 'CK48106', '1'),
(45, 'Europa', 'Slade', '97071513520', 189.44, '065056141', NULL, NULL, 'NU56141', '0'),
(46, 'Ionita', 'Creamer', '14022830031', -10.67, NULL, NULL, NULL, 'JR88538', '0'),
(47, 'Balduin ', 'Wallen', '86031027147', 48.29, '300364487', 'Russell@nowhere.com', 3, 'KQ10109', '0'),
(48, 'Quintana', 'Mcgregor', '82062910841', 238.7, '981750455', 'DorcasLadner5@example.com', 2, 'MB93563', '0'),
(49, 'Erdmute', 'Foley', '00141090574', 158.46, '106329407', 'OlgaFerry@example.com', 3, 'AV40761', '1'),
(50, 'Tjorden', 'Cooke', '99102973998', 107.19, '619541724', 'pqfmmt48@example.com', 5, 'VV41724', '1'),
(51, 'Balduin ', 'Mckee', '94032114500', 47.9, '946301145', 'AbrahamAcevedo@example.com', NULL, 'HW63011', '1'),
(52, 'Wiglaf', 'Eubanks', '82023495876', 5.2, '008242349', NULL, NULL, 'CI29319', '0'),
(53, 'Dominik', 'Hand', '70143273437', -39.1, '587670349', 'Jude_High169@example.com', 3, 'AF61636', '0'),
(54, 'Polykarp', 'Abney', '35171784343', 82.07, '273437357', 'Bauer@example.com', 3, 'KR19304', '1'),
(55, 'Chestine', 'Evans', '89011999399', 246.22, NULL, NULL, NULL, 'CB34373', '0'),
(56, 'Berend', 'Bowens', '74042538427', 122.4, NULL, NULL, NULL, NULL, '1'),
(57, 'Jochem', 'Stanley', '88190796848', 28.7, '757843438', 'Alarcon@example.com', NULL, 'XT75784', '1'),
(58, 'Roho', 'Handley', '61150770936', 137.58, '961399939', 'gndd9978@example.com', NULL, 'OP94617', '0'),
(59, 'Bernanda', 'Everett', '04073750930', 167.69, '974840538', 'Palmer_Lofton@example.com', 1, 'DM58538', '0'),
(60, 'Leni', 'Lowry', '49090434891', 64.26, '427887987', 'Abernathy@example.com', 1, 'YI40538', '0'),
(61, 'Wigald', 'Wicks', '50100709572', 178.51, NULL, NULL, NULL, 'RL85287', '1'),
(62, 'Coelestina', 'Abraham', '09082411796', 249.04, '968486195', 'Adaline_Abbott@example.com', 2, 'QR73133', '1'),
(63, 'Lowis', 'Pelletier', '60022021470', 152.66, NULL, NULL, NULL, 'GU26159', '1'),
(64, 'Ailine ', 'Bower', '90052148115', 23.18, '477093604', 'Shayne_Britton589@example.com', NULL, 'TL89360', '1'),
(65, 'Darine', 'Hutcheson', '00061320864', 232.72, '079750930', 'mxwygtmf_ahjpwboxdy@example.co', NULL, 'KY79750', '0'),
(66, 'Herward', 'Stanton', '78181454342', 181.61, '498944348', 'Joey.A.Burkett@nowhere.com', 3, 'FD04989', '1'),
(67, 'Darvin', 'Handy', '33020239332', 9.13, '915050070', 'Ivan.Southern98@example.com', 1, 'OM34891', '0'),
(68, 'Salvina', 'Everhart', '69113392183', 14.1, '957209286', NULL, NULL, 'TM50070', '1'),
(69, 'Zilia', 'Abrams', '50141865423', 157.34, '411796600', 'Darell_Centeno27@example.com', 3, 'PT72092', '0'),
(70, 'Annalene', 'Bowers', '97060822793', -49.23, '240214709', 'Shanta.Beaver89@nowhere.com', 5, 'AM41179', '1'),
(71, 'Filibert', 'Abreu', '14152811481', 145.25, '065214811', 'GregoryMurrell@example.com', NULL, 'EY00240', '0'),
(72, 'Konstantine', 'Wiese', '66130944391', 8.08, '500663320', 'rfgxqoso9811@example.com', 1, 'KD47090', '0'),
(73, 'Basileo ', 'Loy', '94062391620', 210.97, '864781894', 'Violette_Maxey368@example.com', NULL, 'SL21481', '1'),
(74, 'Zowie', 'Hutchings', '76173355709', 180.11, '543423342', 'Sanderson@example.com', 1, 'RR00663', '1'),
(75, 'Ablona ', 'Staples', '05140961646', 149.58, '423933269', 'Dennis@example.com', NULL, 'LU08647', '1'),
(76, 'Lulu', 'Wiggins', '36050826635', 7.02, '113392183', NULL, NULL, 'IF89454', '1'),
(77, 'Lorina', 'Mckeever', '95060895903', 140.63, '501478654', 'Shifflett@example.com', NULL, 'VM23342', '0'),
(78, 'Bringfred', 'Peltier', '27010903893', 180.45, '239766882', 'Abbie.Watts@example.com', 4, 'EI39332', '0'),
(79, 'Binia', 'Mckenna', '70021870315', -43.03, '279314554', 'AlessandraNMckenzie72@example.', NULL, 'SN11339', '0'),
(80, 'Burga', 'Stapleton', '33170314168', 35.8, '811481665', NULL, NULL, 'SR01321', '1'),
(81, 'Bennit', 'Wilbanks', '73031573382', 53.77, '329443919', 'MarshallAbney@example.com', NULL, 'NV78654', '1'),
(82, 'Katjana', 'Pemberton', '67153526605', 114.41, '466839162', 'orlm6763@nowhere.com', 3, 'YZ97668', '0'),
(83, 'Danuel', 'Loyd', '66080823981', -36.58, NULL, NULL, NULL, 'WF74961', '1'),
(84, 'Friederike', 'Hutchins', '71020510675', -38.04, '076979355', 'Aguilar7@nowhere.com', 5, 'KN16834', '1'),
(85, 'Delphina', 'Starkey', '14162193987', -23.39, '709051409', NULL, NULL, 'QU89794', '1'),
(86, 'Krimhilde', 'Wilbur', '88003588104', 51.14, '616463685', NULL, NULL, 'VV13875', '1'),
(87, 'Gertraude', 'Starks', '52081066234', 99.22, '482663595', 'NormandBouchard58@example.com', 3, 'PD19806', '1'),
(88, 'Meridian', 'Hanes', '49040181667', 104.01, '666895903', 'Eduardo.Cole47@example.com', NULL, 'YM57890', '1'),
(89, 'Uli', 'Mckenney', '26011617958', 67.52, '274109038', 'qsdigmjt1748@example.com', NULL, 'TX10747', '1'),
(90, 'BartholomĂ¤a', 'Pena', '44100173603', 82.23, '937082987', 'JerroldBerger@example.com', 4, 'MM47143', '1'),
(91, 'Cilia', 'Wilburn', '05170420739', -4.49, '031533372', 'Margrett_TTownsend939@example.', 5, 'UA19676', '0'),
(92, 'Bertrade', 'Evers', '21140058485', 153.44, '314168736', 'SandraBermudez@example.com', NULL, 'UZ48266', '0'),
(93, 'Ortolf', 'Haney', '75160705561', 202.61, '335733826', 'Adalberto.Brewer@example.com', 5, 'XX95666', '1'),
(94, 'Aischa ', 'Ewing', '03033560210', 163.26, NULL, 'RaneeHerring185@example.com', 1, 'QD59032', '0'),
(95, 'Gerwin', 'Starling', '95063219638', 246.66, NULL, NULL, 4, NULL, '1'),
(96, 'Algriet ', 'Hankins', '33123907354', 42.32, NULL, NULL, 3, 'VC10903', '0'),
(97, 'Ablona ', 'Ezell', '90123687443', 32.68, NULL, NULL, 2, NULL, '1'),
(98, 'Golo', 'Bowie', '18041843152', 83.5, NULL, NULL, 3, 'AZ37082', '0'),
(99, 'Reesa', 'Hanks', '81003812607', -22.3, NULL, NULL, 1, NULL, '1'),
(100, 'Berno', 'Wilcox', '85173556864', 52.79, NULL, NULL, 4, NULL, '1'),
(101, 'Paschalis', 'Baumann', '11032861485', 108.58, NULL, NULL, NULL, 'JJ63886', '1'),
(102, 'Joerge', 'Renteria', '24123787987', 7.35, NULL, NULL, NULL, NULL, '1'),
(103, 'Felin', 'Neeley', '26120206225', 29, NULL, NULL, NULL, 'HK85243', '0'),
(104, 'Balintt ', 'Reyes', '54130549929', 36.23, '116388614', 'Conrad_Frizzell61@example.com', NULL, 'OB78798', '1'),
(105, 'Filiberta', 'Mathews', '87082339508', 205.58, '852432378', 'Schuler@example.com', NULL, 'HA67242', '0'),
(106, 'Filina', 'Keenan', '14153122527', 179.9, NULL, NULL, NULL, NULL, '0'),
(107, 'Gotfrit', 'Neely', '82000522846', -44.24, '798726724', 'ZapataF@example.com', 2, 'UM22554', '0'),
(108, 'Adelisa ', 'Galindo', '92113089103', -3.59, '206225549', 'Sanford549@nowhere.com', 2, 'PB85499', '1'),
(109, 'Cathrine', 'Cary', '06101436668', 226.9, '385499298', NULL, NULL, 'EL87488', '0'),
(110, 'Basileo ', 'Reyna', '66132094854', 131.03, '748833950', 'Barr@nowhere.com', 2, 'JZ95081', '0'),
(111, 'Elika', 'Mathis', '49063385585', 41.05, NULL, NULL, NULL, 'OF55122', '1'),
(112, 'Volkbert', 'Delacruz', '37120089908', 11.69, '814355122', 'Almanza@example.com', 4, 'RG78280', '0'),
(113, 'Waldomir', 'Baumgartner', '24030676453', 159.53, NULL, NULL, NULL, NULL, '0'),
(114, 'Burkhard', 'Casas', '40182958342', 142.7, '527828005', 'Ron.Irish@example.com', 4, 'QR14515', '1'),
(115, 'Jule', 'Neff', '52101280380', 34.08, '228469211', NULL, NULL, 'UF21190', '0'),
(116, 'Santian', 'Keene', '12180048237', -38.81, '908910306', 'ktercnnp_okcisx@example.com', 4, 'QT10306', '1'),
(117, 'Aloysia', 'Gallagher', '92100760619', 21.45, '901436668', 'mnksgeiq8021@example.com', 2, 'NC14366', '1'),
(118, 'Detmar', 'Bautista', '55001910866', 90.02, '663360948', 'Atwood@nowhere.com', NULL, 'EG66336', '0'),
(119, 'Lowis', 'Case', '04110629448', 150.55, '544946938', 'Sima_Call6@example.com', 2, 'QN48544', '1'),
(120, 'Tius', 'Reynolds', '16162196555', 170.66, '558537324', 'Kirk.HKoehler@nowhere.com', 2, 'TY69385', '1'),
(121, 'Jarg', 'Delagarza', '01100680615', 134.69, '089908240', 'EdmundBenitez631@example.com', 3, 'NQ53732', '0'),
(122, 'Danja', 'Baxley', '15032752926', -14.46, '326764534', 'Salley69@nowhere.com', 4, 'AK89908', '1'),
(123, 'Eckhart', 'Casey', '96013499115', 123.51, '078495834', 'Kiefer@nowhere.com', 1, 'OY03267', '0'),
(124, 'Deborian', 'Negrete', '23150922700', -39.94, '252109280', 'ElmerFoley@example.com', 5, 'UO53407', '0'),
(125, 'Dartlis', 'Reynoso', '12000010635', 89.46, NULL, NULL, NULL, NULL, '1'),
(126, 'Eligius', 'Wagoner', '44142818897', 93.72, NULL, NULL, NULL, NULL, '0'),
(127, 'Fritz', 'Gallant', '37120771398', 248.11, '380123860', 'Brinkman28@example.com', 3, 'IM95834', '0'),
(128, 'Konradin', 'Baxter', '11010526614', 61.84, '482379250', 'Almeida24@example.com', NULL, 'MV21092', '0'),
(129, 'Caruso', 'Cash', '82150001201', -37.03, '876061955', 'LambF@nowhere.com', NULL, 'GI38012', '0'),
(130, 'Selinda', 'Delarosa', '16161339854', 232.35, '405910866', NULL, NULL, 'BM60482', '0'),
(131, 'Teoresa', 'Matlock', '53063321519', 163.72, NULL, NULL, NULL, 'DR92508', '0'),
(132, 'Cornell', 'Gallardo', '44072951940', 204.27, '047106294', 'ShandraCarranza@nowhere.com', NULL, 'NU06195', '0'),
(133, 'Miria', 'Sisson', '59122446431', 248.65, '481676819', 'JeraldAbraham529@example.com', 4, 'LG05910', '1'),
(134, 'Skyla', 'Keener', '30042581339', 151.67, NULL, NULL, NULL, 'UQ60471', '1'),
(135, 'Burbel', 'Negron', '87180095880', 204.46, NULL, NULL, NULL, 'IY29448', '0'),
(136, 'Helmute', 'Matney', '79140951141', -44.26, '655501700', 'Abel5@example.com', 5, 'LM76819', '1'),
(137, 'Eustachius', 'Bayer', '54043378207', 233.85, NULL, NULL, NULL, 'CJ55017', '1'),
(138, 'Thees', 'Wahl', '64122350526', 90.05, '680615156', 'Bachman@example.com', 1, 'KQ68061', '0'),
(139, 'Edelgard', 'Casillas', '73131460083', -13.22, '387529269', 'FriedaAbreu99@example.com', 4, 'DP56387', '1'),
(140, 'Role', 'Delatorre', '86041300257', 177.91, '661749911', 'Barrett_Mcgowan@example.com', 4, 'ZO92696', '0'),
(141, 'Lusia', 'Sizemore', '82003905318', -14.27, '523956922', NULL, NULL, 'IX74991', '1'),
(142, 'Annafee', 'Keeney', '19092799392', 141.04, '700122040', 'rvxkhcgk5666@example.com', 4, 'XB23956', '1'),
(143, 'Jolena', 'Baylor', '07151914037', -19.87, '106354494', 'Dodge@example.com', 2, 'ZU27001', '0'),
(144, 'Sonja', 'Waite', '03031742318', 157.97, '481889737', 'Perkins@example.com', 5, 'WC04010', '1'),
(145, 'Suso', 'Rhea', '12123684779', 24.54, '322771398', NULL, NULL, 'QH54494', '0'),
(146, 'Dorit', 'Gallegos', '49002164557', 96.44, '118125266', 'NorrisBolt@example.com', 3, 'CQ18897', '1'),
(147, 'Waldefried', 'Matos', '47172922124', -39.32, '148215800', 'Barron@nowhere.com', 3, 'ZD32277', '0'),
(148, 'Kresandra', 'Deleon', '83152495426', 57.01, '120116765', 'Duval@example.com', 5, 'VZ98118', '0'),
(149, 'Reder', 'Gallo', '45093816600', 206.9, '339854530', 'Zenobia.Brunson@example.com', NULL, 'TK52661', '0'),
(150, 'Eyck', 'Skaggs', '81043862312', 81.62, '673215194', 'Adela_Alley61@example.com', NULL, 'MY21580', '1'),
(151, 'Jodok', 'Holt', '56053082727', 141.53, NULL, NULL, NULL, 'JW85708', '1'),
(152, 'Linux', 'Pointer', '18022679030', 139.55, '568570827', 'Edmonds73@example.com', 1, 'SF27180', '0'),
(153, 'Rijana', 'Leyva', '19190161436', 73.08, '271802467', 'Laurice.Abernathy9@nowhere.com', 2, 'CI67903', '0'),
(154, 'Juniper', 'Esquivel', '75053343912', 195.97, '903019996', 'Espinal@example.com', 4, 'KR99961', '1'),
(155, 'Eberhard', 'Holton', '16141352349', 113.31, '161436750', 'Westbrook@example.com', 1, 'UB43675', '1'),
(156, 'Egidius', 'Hammond', '35130433253', -40.6, '513439121', NULL, NULL, 'SX13439', '0'),
(157, 'Gerbrand', 'Wasson', '50062284567', -17.36, '694935234', NULL, NULL, 'PC16949', '0'),
(158, 'Helias', 'Carl', '80012056488', -25.15, '935930433', 'Metcalf214@example.com', 3, 'PF23493', '0'),
(159, 'Hellfried', 'Estep', '59123864738', 237.78, NULL, NULL, NULL, 'JR30433', '1'),
(160, 'Cesar', 'Hammonds', '30001180179', 144.51, '253506622', NULL, NULL, 'QB57475', '0'),
(161, 'Fawini', 'Smyth', '27060763370', 27.88, '845678081', 'JoleneAnders44@nowhere.com', NULL, 'OP84567', '1'),
(162, 'Wedigo', 'Waterman', '66042324945', -7.6, '405648859', 'Higgs1@example.com', 1, 'WI81405', '1'),
(163, 'Corbinian', 'Libby', '39172947299', 249.36, '327864738', 'Shelby@nowhere.com', NULL, 'EU88593', '0'),
(164, 'Brendalie', 'Meredith', '03161808979', 191.43, NULL, NULL, NULL, NULL, '0'),
(165, 'Otfried', 'Poirier', '66001364540', 12.59, '300071801', 'nmme1925@example.com', 4, 'YZ86473', '0'),
(166, 'Gerarda', 'Homan', '81181679619', -20.57, NULL, NULL, NULL, 'GZ00071', '0'),
(167, 'Liebhard', 'Barrow', '10163302538', 121.43, '792786876', 'StewartGrimm44@example.com', 3, 'AY17927', '0'),
(168, 'Waldefried', 'Snead', '67083342223', 97.33, '337066046', 'Nunes@example.com', NULL, 'WS87633', '1'),
(169, 'Kunibert', 'Carlin', '26173612036', 202.61, '324945399', 'Sheffield@nowhere.com', 3, 'DI66046', '1'),
(170, 'Fey', 'Merrick', '77141669402', 50.67, '769472990', 'Autry4@example.com', NULL, 'RW49453', '0'),
(171, 'Abeline ', 'Barrows', '42150455016', 76.62, '356780897', 'DonnY_Early35@example.com', NULL, 'NX76947', '1'),
(172, 'Alruna', 'Waters', '72020125320', 49.95, '966607364', 'BeliaWofford@example.com', NULL, 'YT00356', '0'),
(173, 'Dorle', 'Estes', '45063226043', 115.79, NULL, NULL, NULL, 'XS08979', '1'),
(174, 'Odovacar', 'Polanco', '09073292852', 81.7, '540813856', 'Thibodeaux@nowhere.com', 3, 'XF53168', '1'),
(175, 'Sivana', 'Carlisle', '36090862852', 135.73, NULL, NULL, NULL, 'FG77781', '1'),
(176, 'Saiga', 'Hammons', '52141115839', 188.85, '796191056', 'Chamberlin6@example.com', 3, 'HK56796', '1'),
(177, 'Eliah', 'Barry', '23090524244', 103.31, '930253867', 'swtsmqwl_cchxo@example.com', 2, 'ZR10569', '0'),
(178, 'Kordula', 'Merrill', '61062255640', 61.99, '285342223', 'Laverne_Scherer@example.com', NULL, 'NI25386', '1'),
(179, 'Clemens', 'Estrada', '77110288576', 147.15, '267756120', 'KatzY78@example.com', NULL, 'BG85342', '0'),
(180, 'Vajessa', 'Light', '76170909328', 35.14, '367754566', 'Luigi.Bradley31@example.com', 4, 'AO32677', '1'),
(181, 'Praxedis', 'Sneed', '64033499596', 190.9, '940242754', 'Luckett21@example.com', NULL, 'LK12036', '0'),
(182, 'Rayko', 'Carlos', '51100022762', 40.62, '455016722', 'FaustoATenney682@example.com', NULL, 'TK07772', '1'),
(183, 'Adelisa ', 'Polk', '30043326031', 163.05, '201253204', 'Adolfo_Pearson@nowhere.com', 1, 'WT43882', '0'),
(184, 'Swena', 'Merriman', '29021906929', -23.07, NULL, NULL, NULL, NULL, '1'),
(185, 'Jolissa', 'Homer', '60040292626', 171.33, NULL, NULL, NULL, 'QA18012', '1'),
(186, 'Vitalis', 'Lightfoot', '83001494710', 2.25, '546122604', 'Wolfe@example.com', 3, 'EL95744', '0'),
(187, 'Dietger', 'Pollack', '84120174264', 140.17, '309673292', 'Rudy.Otoole695@example.com', 5, 'BP91486', '1'),
(188, 'Bartel ', 'Watkins', '34053526034', -20.47, '852360928', NULL, NULL, 'ZU51580', '1'),
(189, 'Huldrich', 'Honeycutt', '70141968894', 219.6, NULL, NULL, NULL, 'GT07292', '1'),
(190, 'Nestor', 'Ligon', '25121252060', 82.24, '628525294', 'Schmitz558@example.com', 2, 'KL28523', '0'),
(191, 'Natanael', 'Hampton', '51123233455', -15.32, '311583923', 'rhogaxya_cwfvk@example.com', 3, 'AG92862', '1'),
(192, 'Reginbert', 'Hong', '74071783623', 126.38, '090524244', NULL, NULL, 'QT25294', '1'),
(193, 'Gordian', 'Snell', '63011804730', 175.33, '616602556', 'dhkukgf56@nowhere.com', 5, 'DF15839', '1'),
(194, 'Ingold', 'Watson', '86061656504', 235.01, '407771828', 'CarmonClement237@example.com', NULL, 'AH09052', '0'),
(195, 'Rubertus', 'Estrella', '42191635768', 45.02, '857676574', 'Crabtree37@example.com', 1, 'IQ44616', '1'),
(196, 'Godot', 'Snider', '00041260618', 231.28, '909328648', 'kyyf1@example.com', 4, 'MG25564', '0'),
(197, 'Gertraud', 'Bartels', '34091565727', 67.42, '314995965', 'Braswell293@nowhere.com', 1, 'GD77182', '1'),
(198, 'Elieser', 'Carlson', '17173685040', 223.64, NULL, NULL, 2, NULL, '0'),
(199, 'Romi', 'Barth', '77180866171', -48.45, NULL, NULL, 5, NULL, '1'),
(200, 'Clovis', 'Carlton', '21000784633', 53.59, NULL, NULL, 5, NULL, '1'),
(201, 'Cesar', 'Hughes', '67003648502', 210.49, '674076485', 'NorrisCalderon@example.com', 2, 'OF40764', '1'),
(202, 'Adolina ', 'Rand', '55082867900', -10.85, '025568686', 'TaggartY@example.com', 3, 'EB02556', '0'),
(203, 'Madline', 'Longo', '87070736016', 190.35, '790087870', 'JoeannPHuang@example.com', 5, 'OW86790', '0'),
(204, 'Fawini', 'Moses', '44120265258', 95.66, '736016443', 'Ada_Anglin6@nowhere.com', NULL, 'IS78707', '0'),
(205, 'Gotfrit', 'Hughey', '25043049926', 174.84, '262652582', NULL, 1, 'XU01644', '1'),
(206, 'Kordt', 'Randall', '97173916046', 209.52, NULL, 'LoydBranham258@example.com', NULL, 'DP37214', '1'),
(207, 'Role', 'Weaver', '10130252479', 60.13, '524104992', 'oytxgpgm.ebekzhq@example.com', NULL, 'YF83274', '0'),
(208, 'Gerwitt', 'Bain', '68171788138', 41.33, '697577916', NULL, NULL, 'XE49926', '0'),
(209, 'Hugbert', 'Longoria', '88030919377', 16.6, '046103382', 'SamuelGunn@example.com', NULL, 'VR57791', '1'),
(210, 'Orela', 'Cade', '95042574567', 132.49, '524796837', NULL, 3, 'WM46103', '1'),
(211, 'Kaira', 'Gilchrist', '18052817592', -7.05, '978813888', 'Burgos@nowhere.com', 2, 'ZC25247', '1'),
(212, 'Christoff', 'Baines', '92123281106', -0.52, '234919377', 'Moreno@nowhere.com', 5, 'BG83797', '1'),
(213, 'Aleida ', 'Dobson', '20021041014', 111.53, '952445745', 'GerryBarrow@example.com', NULL, 'CY13888', '1'),
(214, 'Tesnim', 'Hull', '19023537818', 175.7, '671825281', 'tsredn9393@example.com', 4, 'UF49193', '0'),
(215, 'Adine ', 'Solomon', '03171679119', -29.03, '759292527', 'Iliana.Acevedo52@example.com', 1, 'VR95244', '1'),
(216, 'Merisa', 'Loomis', '87023981206', 105.8, '281106208', 'FlorencioF_Marlow7@nowhere.com', 1, 'NT45671', '0'),
(217, 'Narvik', 'Webber', '40030923198', 42.23, NULL, 'Enoch_Tillery@nowhere.com', NULL, 'EI52817', '1'),
(218, 'Agnete ', 'Giles', '21060584887', 193.52, NULL, 'MorrisAbraham@example.com', NULL, 'NJ29252', '1'),
(219, 'Reglindis', 'Hulsey', '77032713980', 43.47, '250410141', 'DinoJaeger742@example.com', 3, 'ZQ81106', '0'),
(220, 'Felizitas', 'Mosher', '81060439006', 171.92, '942753781', NULL, 1, 'MU82504', '1'),
(221, 'Cecilie', 'Cagle', '55160581447', 122.93, '803571679', NULL, 1, 'ZI14194', '1'),
(222, 'Wotan', 'Bair', '27063457077', 241.52, '119874259', 'Rigby@example.com', 2, 'OP53781', '1'),
(223, 'Folke', 'Cahill', '49143874449', 248.84, '812064063', 'Houser@example.com', 4, 'KR92680', '1'),
(224, 'Madlena', 'Randle', '33031353438', 115.11, '292319821', NULL, 2, 'UB09230', '1'),
(225, 'Rediger', 'Dockery', '46011143030', -2.74, NULL, 'AdanHuerta523@example.com', NULL, NULL, '0'),
(226, 'Cordt', 'Looney', '06042774017', 29.13, '664584887', 'CharlieNoriega688@example.com', 2, 'JV08031', '1'),
(227, 'Marlisa', 'Humes', '49033774937', 172.65, '770387139', 'Abrams@example.com', 5, 'LI53130', '1'),
(228, 'Edda', 'Somers', '49002498944', 102.68, NULL, NULL, NULL, 'YM63154', '0'),
(229, 'Mingard', 'Mosier', '57053092284', -46.28, '808146843', 'fazsmgzr.vbbx@example.com', 1, 'OA62750', '0'),
(230, 'Hieronyma', 'Baird', '02101910260', 217.67, '900655360', 'Cota424@example.com', NULL, 'RN46766', '1'),
(231, 'Barthel ', 'Loper', '24063038707', -22.19, '581447276', 'kqavbr3100@example.com', NULL, 'AH88713', '0'),
(232, 'Faralt', 'Hummel', '05143540028', 47.39, '674570774', 'Brant.Abreu@example.com', 4, 'OH46843', '1'),
(233, 'Heidi', 'Lopes', '30081921362', -43.94, '934587444', 'sneygl8904@example.com', 4, 'XE06553', '0'),
(234, 'Bjorke', 'Cain', '05033438696', 28.73, '933435353', 'stnhpti6@nowhere.com', 1, 'CN66144', '1'),
(235, 'Ehrentraud', 'Randolph', '97191901360', 101.85, '438464111', 'Fortner@nowhere.com', NULL, 'HG76674', '0'),
(236, 'Thomia', 'Baker', '65092447143', 84.34, NULL, NULL, NULL, 'FN07749', '1'),
(237, 'Ebba', 'Mosley', '27113050937', 35.91, '430300604', NULL, 1, 'PK58744', '0'),
(238, 'Vaglund', 'Raney', '21061013331', -15.3, '277401749', 'Mccue@example.com', 4, 'EX33435', '1'),
(239, 'Castiel', 'Weber', '03193450349', 92.65, NULL, 'LeighP_Redding7@example.com', NULL, 'ZN34384', '0'),
(240, 'Farold', 'Humphrey', '17103266899', 26.73, '839774937', 'Montoya@nowhere.com', NULL, 'MQ11143', '1'),
(241, 'Valerian', 'Calabrese', '13112231605', -5.36, '498064989', 'Abney@nowhere.com', 3, 'YR00604', '1'),
(242, 'Franziska', 'Gill', '58141468887', 37.09, NULL, 'Zack_Mcnair199@example.com', NULL, NULL, '0'),
(243, 'Christhild', 'Balderas', '64093913564', 170.34, NULL, NULL, NULL, 'AT74017', '1'),
(244, 'Clementa', 'Moss', '72103253696', 27.79, '445785509', NULL, NULL, 'GL83977', '1'),
(245, 'Colbianna', 'Sommer', '42072450282', 131.67, NULL, NULL, NULL, 'QB37498', '0'),
(246, 'Wiglas', 'Webster', '37113126336', 110.99, '228402907', NULL, NULL, 'YU49894', '0'),
(247, 'Radolf', 'Rangel', '59023988276', -34.81, '910260240', NULL, NULL, 'AH78550', '1'),
(248, 'Bernger', 'Dodd', '97012458890', 91.44, '610387070', NULL, NULL, NULL, '1'),
(249, 'Kandidus', 'Gillen', '18032726848', 14.66, NULL, NULL, NULL, NULL, '1'),
(250, 'Abbeygail ', 'Sommers', '68061662682', -33.03, NULL, NULL, NULL, NULL, '0');




INSERT INTO miejsca(id, kod, czy_wolne, strefy_id, typy_pojazdów_id) VALUES
(1, 'A046', '1', 3, 2),
(2, 'A192', '1', 3, 2),
(3, 'C286', '1', 7, 2),
(4, 'K490', '1', 7, 4),
(5, 'Y276', '1', 2, 4),
(6, 'W300', '1', 8, 4),
(7, 'T687', '1', 6, 2),
(8, 'Q747', '1', 6, 2),
(9, 'C644', '1', 4, 2),
(10, 'S963', '1', 3, 3),
(11, 'R587', '1', 5, 4),
(12, 'O400', '1', 5, 1),
(13, 'V375', '1', 4, 5),
(14, 'J513', '1', 3, 3),
(15, 'U115', '1', 5, 4),
(16, 'M916', '1', 3, 5),
(17, 'Z379', '1', 4, 1),
(18, 'X910', '1', 5, 4),
(19, 'O814', '1', 10, 4),
(20, 'Y508', '1', 6, 4),
(21, 'Y134', '1', 9, 2),
(22, 'Q050', '1', 8, 5),
(23, 'T234', '1', 7, 3),
(24, 'M300', '1', 8, 3),
(25, 'N557', '1', 1, 5),
(26, 'S934', '1', 4, 3),
(27, 'S516', '1', 5, 5),
(28, 'O740', '1', 10, 2),
(29, 'Z414', '1', 3, 1),
(30, 'Z162', '1', 9, 5),
(31, 'R822', '1', 3, 4),
(32, 'B838', '1', 4, 5),
(33, 'I235', '1', 9, 1),
(34, 'X629', '1', 6, 4),
(35, 'F608', '1', 9, 1),
(36, 'S964', '1', 5, 5),
(37, 'O524', '1', 3, 5),
(38, 'P368', '1', 7, 5),
(39, 'X820', '1', 6, 3),
(40, 'M878', '1', 4, 5),
(41, 'T844', '1', 4, 3),
(42, 'Y462', '1', 1, 1),
(43, 'E089', '1', 4, 1),
(44, 'M299', '1', 8, 4),
(45, 'I742', '1', 1, 3),
(46, 'C635', '1', 10, 5),
(47, 'Z509', '1', 5, 3),
(48, 'M920', '1', 7, 2),
(49, 'F167', '1', 2, 5),
(50, 'Z306', '1', 8, 4),
(51, 'J685', '1', 7, 4),
(52, 'X082', '1', 6, 2),
(53, 'F271', '1', 8, 2),
(54, 'W024', '1', 7, 3),
(55, 'U790', '1', 8, 1),
(56, 'B019', '1', 7, 3),
(57, 'N961', '1', 5, 3),
(58, 'U143', '1', 9, 1),
(59, 'O750', '1', 6, 1),
(60, 'X134', '1', 1, 5),
(61, 'P912', '1', 3, 1),
(62, 'N694', '1', 6, 3),
(63, 'Z352', '1', 6, 5),
(64, 'V493', '1', 7, 3),
(65, 'J930', '1', 9, 5),
(66, 'K332', '1', 7, 3),
(67, 'T350', '1', 2, 1),
(68, 'M622', '1', 5, 5),
(69, 'G456', '1', 6, 3),
(70, 'D808', '1', 9, 2),
(71, 'X405', '1', 4, 3),
(72, 'E488', '1', 6, 5),
(73, 'J932', '1', 1, 2),
(74, 'Z864', '1', 9, 3),
(75, 'D383', '1', 8, 1),
(76, 'O007', '1', 9, 3),
(77, 'P801', '1', 8, 4),
(78, 'Z927', '1', 1, 4),
(79, 'W687', '1', 3, 3),
(80, 'K337', '1', 5, 4),
(81, 'I660', '1', 7, 4),
(82, 'G632', '1', 7, 4),
(83, 'W945', '1', 2, 2),
(84, 'X997', '1', 10, 3),
(85, 'Y947', '1', 1, 3),
(86, 'Y500', '1', 6, 1),
(87, 'P567', '1', 3, 2),
(88, 'S089', '1', 2, 3),
(89, 'B966', '1', 1, 3),
(90, 'E073', '1', 2, 3),
(91, 'M454', '1', 3, 2),
(92, 'O813', '1', 4, 5),
(93, 'K567', '1', 9, 3),
(94, 'H619', '1', 7, 1),
(95, 'R056', '1', 5, 2),
(96, 'J302', '1', 7, 5),
(97, 'F386', '1', 10, 2),
(98, 'B285', '1', 10, 4),
(99, 'F422', '1', 3, 4),
(100, 'O326', '1', 9, 2),
(101, 'H682', '1', 1, 5),
(102, 'T128', '1', 2, 4),
(103, 'B191', '1', 3, 3),
(104, 'P812', '1', 6, 1),
(105, 'B381', '1', 2, 3),
(106, 'R593', '1', 3, 4),
(107, 'M114', '1', 8, 4),
(108, 'G727', '1', 2, 4),
(109, 'S389', '1', 3, 5),
(110, 'Q918', '1', 1, 3),
(111, 'W758', '1', 10, 3),
(112, 'D606', '1', 7, 4),
(113, 'Z625', '1', 6, 2),
(114, 'B167', '1', 7, 5),
(115, 'N243', '1', 2, 3),
(116, 'S868', '1', 3, 1),
(117, 'Z487', '1', 4, 4),
(118, 'K878', '1', 8, 1),
(119, 'W969', '1', 8, 5),
(120, 'T191', '1', 10, 3),
(121, 'D136', '1', 8, 4),
(122, 'B526', '1', 1, 4),
(123, 'M373', '1', 4, 1),
(124, 'V794', '1', 5, 5),
(125, 'J673', '1', 2, 5),
(126, 'Y263', '1', 4, 4),
(127, 'K914', '1', 2, 4),
(128, 'O711', '1', 7, 4),
(129, 'N964', '1', 2, 3),
(130, 'B252', '1', 3, 2),
(131, 'B407', '1', 4, 2),
(132, 'E918', '1', 4, 2),
(133, 'V392', '1', 6, 2),
(134, 'J686', '1', 8, 3),
(135, 'Z934', '1', 9, 4),
(136, 'W353', '1', 6, 2),
(137, 'P099', '1', 4, 2),
(138, 'K949', '1', 10, 5),
(139, 'E313', '1', 1, 2),
(140, 'P782', '1', 8, 4),
(141, 'J317', '1', 7, 1),
(142, 'W488', '1', 1, 1),
(143, 'Z118', '1', 4, 3),
(144, 'M866', '1', 4, 2),
(145, 'F351', '1', 10, 2),
(146, 'Y146', '1', 4, 1),
(147, 'R378', '1', 3, 4),
(148, 'H380', '1', 10, 4),
(149, 'S708', '1', 9, 5),
(150, 'H829', '1', 9, 5),
(151, 'X186', '1', 1, 2),
(152, 'M300', '1', 1, 4),
(153, 'X013', '1', 10, 3),
(154, 'N508', '1', 5, 2),
(155, 'C185', '1', 9, 5),
(156, 'X023', '1', 5, 3),
(157, 'H253', '1', 7, 1),
(158, 'T654', '1', 5, 3),
(159, 'M305', '1', 8, 4),
(160, 'C852', '1', 2, 1),
(161, 'Q663', '1', 1, 2),
(162, 'U427', '1', 7, 3),
(163, 'U168', '1', 6, 4),
(164, 'G400', '1', 6, 4),
(165, 'I826', '1', 10, 4),
(166, 'M175', '1', 2, 2),
(167, 'C482', '1', 10, 1),
(168, 'A891', '1', 3, 4),
(169, 'U667', '1', 1, 4),
(170, 'H759', '1', 7, 3),
(171, 'M593', '1', 1, 4),
(172, 'R566', '1', 10, 1),
(173, 'N128', '1', 6, 5),
(174, 'E772', '1', 3, 2),
(175, 'T813', '1', 8, 3),
(176, 'F451', '1', 1, 1),
(177, 'G965', '1', 8, 5),
(178, 'H507', '1', 6, 2),
(179, 'Y078', '1', 3, 2),
(180, 'M989', '1', 6, 1),
(181, 'R707', '1', 9, 2),
(182, 'T490', '1', 6, 4),
(183, 'X792', '1', 7, 1),
(184, 'E229', '1', 1, 3),
(185, 'W287', '1', 5, 2),
(186, 'Y818', '1', 8, 3),
(187, 'I874', '1', 9, 4),
(188, 'H719', '1', 9, 4),
(189, 'A258', '1', 7, 5),
(190, 'Z303', '1', 5, 5),
(191, 'W530', '1', 7, 1),
(192, 'E232', '1', 9, 5),
(193, 'T451', '1', 3, 2),
(194, 'B437', '1', 8, 2),
(195, 'Z699', '1', 4, 4),
(196, 'H097', '1', 5, 1),
(197, 'N507', '1', 9, 2),
(198, 'N006', '1', 4, 3),
(199, 'N125', '1', 6, 2),
(200, 'O828', '1', 10, 1),
(201, 'A046', '1', 29, 5),
(202, 'A192', '1', 21, 5),
(203, 'C286', '1', 15, 7),
(204, 'K490', '1', 17, 1),
(205, 'Y276', '1', 31, 7),
(206, 'W300', '1', 12, 4),
(207, 'T687', '1', 20, 4),
(208, 'Q747', '1', 3, 3),
(209, 'C644', '1', 3, 3),
(210, 'S963', '1', 33, 1),
(211, 'R587', '1', 19, 3),
(212, 'O400', '1', 7, 7),
(213, 'V375', '1', 39, 7),
(214, 'J513', '1', 5, 5),
(215, 'U115', '1', 10, 2),
(216, 'M916', '1', 11, 3),
(217, 'Z379', '1', 29, 5),
(218, 'X910', '1', 3, 3),
(219, 'O814', '1', 38, 6),
(220, 'Y508', '1', 27, 3),
(221, 'Y134', '1', 33, 1),
(222, 'Q050', '1', 4, 4),
(223, 'T234', '1', 21, 5),
(224, 'M300', '1', 1, 1),
(225, 'N557', '1', 7, 7),
(226, 'S934', '1', 11, 3),
(227, 'S516', '1', 23, 7),
(228, 'O740', '1', 33, 1),
(229, 'Z414', '1', 2, 2),
(230, 'Z162', '1', 28, 4),
(231, 'R822', '1', 25, 1),
(232, 'B838', '1', 38, 6),
(233, 'I235', '1', 19, 3),
(234, 'X629', '1', 27, 3),
(235, 'F608', '1', 5, 5),
(236, 'S964', '1', 5, 5),
(237, 'O524', '1', 15, 7),
(238, 'P368', '1', 6, 6),
(239, 'X820', '1', 16, 8),
(240, 'M878', '1', 12, 4),
(241, 'T844', '1', 37, 5),
(242, 'Y462', '1', 35, 3),
(243, 'E089', '1', 6, 6),
(244, 'M299', '1', 1, 1),
(245, 'I742', '1', 8, 8),
(246, 'C635', '1', 8, 8),
(247, 'Z509', '1', 29, 5),
(248, 'M920', '1', 38, 6),
(249, 'F167', '1', 5, 5),
(250, 'Z306', '1', 35, 3),
(251, 'H463', '1', 3, 3),
(252, 'C114', '1', 33, 1),
(253, 'I293', '1', 7, 7),
(254, 'L969', '1', 7, 7),
(255, 'Y163', '1', 2, 2),
(256, 'I051', '1', 28, 4),
(257, 'L304', '1', 16, 8),
(258, 'C734', '1', 16, 8),
(259, 'F735', '1', 4, 4),
(260, 'T757', '1', 21, 5),
(261, 'K434', '1', 15, 7),
(262, 'L896', '1', 5, 5),
(263, 'N399', '1', 4, 4),
(264, 'F399', '1', 23, 7),
(265, 'J484', '1', 35, 3),
(266, 'I538', '1', 33, 1),
(267, 'R785', '1', 24, 8),
(268, 'Q878', '1', 25, 1),
(269, 'R731', '1', 30, 6),
(270, 'R324', '1', 23, 4),
(271, 'C615', '1', 31, 1),
(272, 'F538', '1', 15, 8),
(273, 'Z360', '1', 5, 1),
(274, 'K079', '1', 17, 2),
(275, 'X509', '1', 18, 1),
(276, 'D049', '1', 1, 8),
(277, 'Y944', '1', 24, 3),
(278, 'V489', '1', 35, 8),
(279, 'B505', '1', 40, 5),
(280, 'W070', '1', 13, 2),
(281, 'P572', '1', 9, 2),
(282, 'W928', '1', 13, 1),
(283, 'M411', '1', 1, 1),
(284, 'F966', '1', 19, 8),
(285, 'M468', '1', 16, 5),
(286, 'F965', '1', 19, 5),
(287, 'Y663', '1', 5, 1),
(288, 'E382', '1', 13, 2),
(289, 'K551', '1', 17, 4),
(290, 'H006', '1', 26, 2),
(291, 'Y332', '1', 4, 5),
(292, 'W864', '1', 34, 2),
(293, 'D818', '1', 21, 4),
(294, 'H454', '1', 34, 7),
(295, 'V423', '1', 28, 6),
(296, 'B424', '1', 31, 7),
(297, 'I393', '1', 30, 5),
(298, 'J269', '1', 15, 6),
(299, 'F133', '1', 37, 8),
(300, 'D218', '1', 17, 4),
(301, 'J163', '1', 32, 8),
(302, 'K861', '1', 32, 8),
(303, 'K852', '1', 37, 5),
(304, 'M323', '1', 14, 6),
(305, 'N879', '1', 19, 3),
(306, 'I726', '1', 9, 1),
(307, 'B242', '1', 37, 5),
(308, 'U622', '1', 12, 4),
(309, 'R549', '1', 2, 2),
(310, 'B854', '1', 38, 6),
(311, 'P929', '1', 29, 5),
(312, 'C748', '1', 11, 3),
(313, 'W339', '1', 35, 3),
(314, 'L081', '1', 28, 4),
(315, 'O355', '1', 4, 4),
(316, 'Z225', '1', 30, 6),
(317, 'G782', '1', 21, 5),
(318, 'I005', '1', 24, 8),
(319, 'U284', '1', 34, 2),
(320, 'U921', '1', 19, 3),
(321, 'R908', '1', 37, 5),
(322, 'T103', '1', 40, 8),
(323, 'A690', '1', 18, 2),
(324, 'N436', '1', 23, 7),
(325, 'G686', '1', 30, 6),
(326, 'Y336', '1', 33, 1),
(327, 'Q948', '1', 10, 2),
(328, 'H449', '1', 17, 1),
(329, 'Y693', '1', 31, 7),
(330, 'Y558', '1', 5, 5),
(331, 'F373', '1', 9, 1),
(332, 'K408', '1', 23, 7),
(333, 'L908', '1', 11, 3),
(334, 'O403', '1', 39, 7),
(335, 'U676', '1', 31, 7),
(336, 'O534', '1', 35, 3),
(337, 'K784', '1', 25, 1),
(338, 'N583', '1', 35, 3),
(339, 'U252', '1', 16, 6),
(340, 'Z092', '1', 25, 4),
(341, 'G038', '1', 40, 8),
(342, 'W123', '1', 10, 2),
(343, 'M604', '1', 13, 4),
(344, 'E237', '1', 10, 4),
(345, 'N250', '1', 29, 7),
(346, 'A760', '1', 18, 6),
(347, 'Q195', '1', 5, 7),
(348, 'L405', '1', 19, 8),
(349, 'L108', '1', 39, 3),
(350, 'Q604', '1', 14, 7),
(351, 'J685', '1', 36, 4),
(352, 'X082', '1', 17, 1),
(353, 'F271', '1', 29, 5),
(354, 'W024', '1', 6, 6),
(355, 'U790', '1', 28, 4),
(356, 'B019', '1', 11, 3),
(357, 'N961', '1', 29, 5),
(358, 'U143', '1', 23, 7),
(359, 'O750', '1', 18, 2),
(360, 'X134', '1', 13, 5),
(361, 'P912', '1', 18, 2),
(362, 'N694', '1', 32, 8),
(363, 'Z352', '1', 19, 3),
(364, 'V493', '1', 1, 1),
(365, 'J930', '1', 33, 1),
(366, 'K332', '1', 15, 7),
(367, 'T350', '1', 17, 1),
(368, 'M622', '1', 28, 4),
(369, 'G456', '1', 30, 6),
(370, 'D808', '1', 11, 3),
(371, 'X405', '1', 34, 2),
(372, 'E488', '1', 21, 5),
(373, 'J932', '1', 12, 4),
(374, 'Z864', '1', 10, 2),
(375, 'D383', '1', 20, 4),
(376, 'O007', '1', 40, 8),
(377, 'P801', '1', 3, 3),
(378, 'Z927', '1', 18, 2),
(379, 'W687', '1', 26, 2),
(380, 'K337', '1', 40, 8),
(381, 'I660', '1', 36, 4),
(382, 'G632', '1', 39, 7),
(383, 'W945', '1', 31, 7),
(384, 'X997', '1', 35, 3),
(385, 'Y947', '1', 19, 3),
(386, 'Y500', '1', 7, 7),
(387, 'P567', '1', 9, 1),
(388, 'S089', '1', 24, 8),
(389, 'B966', '1', 16, 8),
(390, 'E073', '1', 36, 4),
(391, 'M454', '1', 31, 7),
(392, 'O813', '1', 18, 2),
(393, 'K567', '1', 3, 3),
(394, 'H619', '1', 20, 4),
(395, 'R056', '1', 4, 4),
(396, 'J302', '1', 3, 3),
(397, 'F386', '1', 9, 2),
(398, 'B285', '1', 38, 2),
(399, 'F422', '1', 18, 2),
(400, 'O326', '1', 6, 1),
(401, 'O740', '1', 7, 7),
(402, 'D648', '1', 6, 6),
(403, 'B025', '1', 8, 8),
(404, 'F686', '1', 27, 3),
(405, 'G679', '1', 11, 4),
(406, 'Y087', '1', 7, 5),
(407, 'W707', '1', 30, 5),
(408, 'X601', '1', 11, 1),
(409, 'M443', '1', 26, 2),
(410, 'P372', '1', 11, 3),
(411, 'T449', '1', 13, 5),
(412, 'M327', '1', 26, 2),
(413, 'M104', '1', 26, 2),
(414, 'N926', '1', 17, 1),
(415, 'V757', '1', 29, 5),
(416, 'D916', '1', 27, 3),
(417, 'M461', '1', 2, 2),
(418, 'S338', '1', 25, 1),
(419, 'K524', '1', 36, 4),
(420, 'L968', '1', 29, 5),
(421, 'X797', '1', 4, 4),
(422, 'C813', '1', 1, 1),
(423, 'U882', '1', 1, 1),
(424, 'F491', '1', 9, 1),
(425, 'F377', '1', 28, 4),
(426, 'F524', '1', 9, 1),
(427, 'A574', '1', 8, 8),
(428, 'H671', '1', 21, 5),
(429, 'E252', '1', 3, 3),
(430, 'G175', '1', 25, 1),
(431, 'J292', '1', 17, 1),
(432, 'R272', '1', 37, 5),
(433, 'K110', '1', 22, 6),
(434, 'W208', '1', 30, 6),
(435, 'E504', '1', 31, 7),
(436, 'Z014', '1', 6, 6),
(437, 'R942', '1', 23, 7),
(438, 'P537', '1', 2, 2),
(439, 'S180', '1', 21, 5),
(440, 'N571', '1', 2, 2),
(441, 'Q791', '1', 3, 3),
(442, 'F987', '1', 14, 6),
(443, 'K259', '1', 31, 7),
(444, 'W120', '1', 8, 1),
(445, 'W406', '1', 22, 5),
(446, 'P292', '1', 20, 7),
(447, 'H198', '1', 39, 4),
(448, 'W166', '1', 24, 6),
(449, 'C584', '1', 23, 3),
(450, 'B556', '1', 38, 1),
(451, 'N117', '1', 34, 2),
(452, 'Q770', '1', 12, 4),
(453, 'J957', '1', 32, 8),
(454, 'G742', '1', 18, 2),
(455, 'B421', '1', 11, 3),
(456, 'G612', '1', 28, 4),
(457, 'W733', '1', 28, 4),
(458, 'Q383', '1', 1, 1),
(459, 'J270', '1', 6, 6),
(460, 'Y222', '1', 34, 2),
(461, 'G420', '1', 18, 2),
(462, 'R413', '1', 9, 8),
(463, 'G772', '1', 31, 8),
(464, 'M258', '1', 39, 2),
(465, 'F627', '1', 19, 3),
(466, 'O931', '1', 39, 1),
(467, 'D414', '1', 39, 5),
(468, 'T734', '1', 15, 2),
(469, 'M626', '1', 33, 2),
(470, 'R877', '1', 2, 1),
(471, 'G683', '1', 33, 7),
(472, 'B288', '1', 7, 6),
(473, 'N060', '1', 22, 1),
(474, 'J386', '1', 33, 7),
(475, 'E085', '1', 31, 4),
(476, 'Y765', '1', 36, 6),
(477, 'B462', '1', 38, 2),
(478, 'N363', '1', 15, 5),
(479, 'Q582', '1', 11, 8),
(480, 'O148', '1', 34, 7),
(481, 'D516', '1', 3, 4),
(482, 'A695', '1', 25, 2),
(483, 'D040', '1', 8, 7),
(484, 'Z875', '1', 2, 4),
(485, 'S103', '1', 23, 7),
(486, 'D876', '1', 28, 5),
(487, 'B634', '1', 31, 7),
(488, 'L204', '1', 37, 7),
(489, 'E107', '1', 23, 1),
(490, 'G355', '1', 23, 1),
(491, 'F664', '1', 33, 7),
(492, 'C815', '1', 17, 3),
(493, 'I668', '1', 15, 1),
(494, 'I345', '1', 3, 4),
(495, 'A419', '1', 1, 3),
(496, 'O407', '1', 12, 6),
(497, 'C512', '1', 35, 2),
(498, 'P724', '1', 22, 4),
(499, 'Y889', '1', 34, 7),
(500, 'G437', '1', 4, 2),
(501, 'H682', '1', 30, 6),
(502, 'T128', '1', 27, 3),
(503, 'B191', '1', 9, 1),
(504, 'P812', '1', 23, 7),
(505, 'B381', '1', 12, 4),
(506, 'R593', '1', 2, 2),
(507, 'M114', '1', 3, 3),
(508, 'G727', '1', 19, 3),
(509, 'S389', '1', 24, 8),
(510, 'Q918', '1', 22, 6),
(511, 'W758', '1', 10, 2),
(512, 'D606', '1', 12, 4),
(513, 'Z625', '1', 40, 8),
(514, 'B167', '1', 9, 1),
(515, 'N243', '1', 22, 6),
(516, 'S868', '1', 3, 3),
(517, 'Z487', '1', 18, 2),
(518, 'K878', '1', 14, 6),
(519, 'W969', '1', 29, 5),
(520, 'T191', '1', 12, 4),
(521, 'D136', '1', 22, 6),
(522, 'B526', '1', 36, 4),
(523, 'M373', '1', 10, 2),
(524, 'V794', '1', 24, 8),
(525, 'J673', '1', 29, 5),
(526, 'Y263', '1', 2, 2),
(527, 'K914', '1', 22, 6),
(528, 'O711', '1', 15, 7),
(529, 'N964', '1', 3, 3),
(530, 'B252', '1', 28, 4),
(531, 'B407', '1', 23, 7),
(532, 'E918', '1', 18, 2),
(533, 'V392', '1', 15, 7),
(534, 'J686', '1', 4, 4),
(535, 'Z934', '1', 29, 5),
(536, 'W353', '1', 40, 8),
(537, 'P099', '1', 29, 5),
(538, 'K949', '1', 12, 4),
(539, 'E313', '1', 31, 7),
(540, 'P782', '1', 9, 8),
(541, 'J317', '1', 37, 8),
(542, 'W488', '1', 8, 3),
(543, 'Z118', '1', 36, 8),
(544, 'M866', '1', 29, 8),
(545, 'F351', '1', 30, 3),
(546, 'Y146', '1', 37, 1),
(547, 'R378', '1', 5, 2),
(548, 'H380', '1', 40, 2),
(549, 'S708', '1', 35, 2),
(550, 'H829', '1', 13, 1),
(551, 'E125', '1', 1, 1),
(552, 'Z271', '1', 12, 4),
(553, 'S096', '1', 33, 1),
(554, 'H612', '1', 26, 2),
(555, 'N679', '1', 22, 6),
(556, 'Z565', '1', 23, 7),
(557, 'U357', '1', 8, 8),
(558, 'R575', '1', 22, 6),
(559, 'R305', '1', 23, 7),
(560, 'C469', '1', 1, 1),
(561, 'D098', '1', 30, 6),
(562, 'F298', '1', 7, 7),
(563, 'C871', '1', 36, 4),
(564, 'M405', '1', 37, 5),
(565, 'O912', '1', 12, 4),
(566, 'J705', '1', 33, 1),
(567, 'C672', '1', 14, 6),
(568, 'M883', '1', 17, 1),
(569, 'W627', '1', 18, 2),
(570, 'U252', '1', 20, 4),
(571, 'R980', '1', 8, 8),
(572, 'H833', '1', 11, 3),
(573, 'Q834', '1', 34, 2),
(574, 'K028', '1', 25, 1),
(575, 'V223', '1', 2, 2),
(576, 'G977', '1', 34, 2),
(577, 'L963', '1', 12, 4),
(578, 'I301', '1', 17, 1),
(579, 'C612', '1', 32, 8),
(580, 'H874', '1', 33, 1),
(581, 'C221', '1', 4, 4),
(582, 'G677', '1', 14, 6),
(583, 'G848', '1', 6, 6),
(584, 'G592', '1', 28, 4),
(585, 'N057', '1', 9, 5),
(586, 'Q427', '1', 36, 4),
(587, 'N560', '1', 4, 4),
(588, 'V835', '1', 22, 6),
(589, 'F860', '1', 1, 1),
(590, 'Y619', '1', 28, 4),
(591, 'S160', '1', 37, 5),
(592, 'P500', '1', 1, 1),
(593, 'G060', '1', 4, 4),
(594, 'O411', '1', 34, 2),
(595, 'Q631', '1', 30, 6),
(596, 'J969', '1', 4, 4),
(597, 'L262', '1', 13, 5),
(598, 'A581', '1', 30, 6),
(599, 'D326', '1', 19, 3),
(600, 'I239', '1', 29, 5),
(601, 'E375', '1', 35, 5),
(602, 'Z338', '1', 24, 2),
(603, 'E723', '1', 18, 8),
(604, 'Y489', '1', 36, 2),
(605, 'E742', '1', 38, 4),
(606, 'A193', '1', 24, 8),
(607, 'K382', '1', 24, 2),
(608, 'C109', '1', 19, 3),
(609, 'W649', '1', 35, 5),
(610, 'W580', '1', 28, 2),
(611, 'M216', '1', 13, 7),
(612, 'Y839', '1', 24, 8),
(613, 'K824', '1', 27, 7),
(614, 'O474', '1', 35, 7),
(615, 'K807', '1', 19, 3),
(616, 'F612', '1', 20, 5),
(617, 'V571', '1', 21, 6),
(618, 'X338', '1', 37, 8),
(619, 'F281', '1', 22, 6),
(620, 'N618', '1', 18, 2),
(621, 'R547', '1', 34, 8),
(622, 'G259', '1', 39, 3),
(623, 'C338', '1', 26, 4),
(624, 'F420', '1', 15, 7),
(625, 'E959', '1', 40, 8),
(626, 'G530', '1', 39, 1),
(627, 'I422', '1', 19, 5),
(628, 'T681', '1', 19, 3),
(629, 'N389', '1', 28, 6),
(630, 'E805', '1', 14, 2),
(631, 'B012', '1', 37, 7),
(632, 'X609', '1', 18, 4),
(633, 'S318', '1', 26, 6),
(634, 'N466', '1', 29, 2),
(635, 'W696', '1', 37, 4),
(636, 'U534', '1', 15, 1),
(637, 'J455', '1', 12, 7),
(638, 'E071', '1', 33, 5),
(639, 'T621', '1', 27, 7),
(640, 'W346', '1', 21, 3),
(641, 'Y332', '1', 30, 7),
(642, 'T048', '1', 34, 7),
(643, 'R241', '1', 27, 7),
(644, 'F425', '1', 30, 1),
(645, 'T239', '1', 37, 4),
(646, 'P999', '1', 20, 6),
(647, 'E479', '1', 39, 8),
(648, 'K768', '1', 30, 4),
(649, 'E990', '1', 12, 3),
(650, 'F548', '1', 35, 5),
(651, 'X186', '1', 34, 8),
(652, 'M300', '1', 32, 6),
(653, 'X013', '1', 19, 5),
(654, 'N508', '1', 17, 7),
(655, 'C185', '1', 13, 3),
(656, 'X023', '1', 34, 2),
(657, 'H253', '1', 11, 7),
(658, 'T654', '1', 31, 7),
(659, 'M305', '1', 40, 6),
(660, 'C852', '1', 11, 7),
(661, 'Q663', '1', 32, 2),
(662, 'U427', '1', 14, 2),
(663, 'U168', '1', 16, 6),
(664, 'G400', '1', 16, 4),
(665, 'I826', '1', 21, 5),
(666, 'M175', '1', 29, 1),
(667, 'C482', '1', 11, 1),
(668, 'A891', '1', 32, 4),
(669, 'U667', '1', 39, 3),
(670, 'H759', '1', 36, 3),
(671, 'M593', '1', 18, 6),
(672, 'R566', '1', 21, 2),
(673, 'N128', '1', 33, 2),
(674, 'E772', '1', 24, 4),
(675, 'T813', '1', 36, 4),
(676, 'F451', '1', 13, 8),
(677, 'G965', '1', 36, 4),
(678, 'H507', '1', 14, 8),
(679, 'Y078', '1', 28, 2),
(680, 'M989', '1', 27, 7),
(681, 'R707', '1', 36, 3),
(682, 'T490', '1', 15, 5),
(683, 'X792', '1', 21, 6),
(684, 'E229', '1', 14, 2),
(685, 'W287', '1', 21, 3),
(686, 'Y818', '1', 26, 2),
(687, 'I874', '1', 19, 4),
(688, 'H719', '1', 19, 5),
(689, 'A258', '1', 36, 5),
(690, 'Z303', '1', 33, 2),
(691, 'W530', '1', 33, 6),
(692, 'E232', '1', 37, 3),
(693, 'T451', '1', 27, 7),
(694, 'B437', '1', 24, 5),
(695, 'Z699', '1', 15, 3),
(696, 'H097', '1', 25, 6),
(697, 'N507', '1', 13, 7),
(698, 'N006', '1', 38, 7),
(699, 'N125', '1', 23, 6),
(700, 'O828', '1', 12, 1),
(701, 'I234', '1', 29, 1),
(702, 'X356', '1', 13, 1),
(703, 'N699', '1', 24, 4),
(704, 'J998', '1', 25, 7),
(705, 'Q060', '1', 12, 5),
(706, 'B527', '1', 24, 5),
(707, 'A752', '1', 36, 3),
(708, 'L851', '1', 27, 5),
(709, 'R979', '1', 12, 8),
(710, 'E299', '1', 37, 8),
(711, 'Y620', '1', 30, 7),
(712, 'C014', '1', 40, 7),
(713, 'O726', '1', 24, 4),
(714, 'Q409', '1', 20, 8),
(715, 'K265', '1', 30, 2),
(716, 'D738', '1', 19, 2),
(717, 'N587', '1', 23, 6),
(718, 'G675', '1', 11, 7),
(719, 'D699', '1', 27, 5),
(720, 'M420', '1', 11, 3),
(721, 'L115', '1', 40, 7),
(722, 'L557', '1', 36, 2),
(723, 'N909', '1', 13, 4),
(724, 'A969', '1', 28, 1),
(725, 'E805', '1', 11, 4),
(726, 'F280', '1', 38, 7),
(727, 'E785', '1', 26, 6),
(728, 'E093', '1', 33, 2),
(729, 'N996', '1', 26, 1),
(730, 'L709', '1', 29, 2),
(731, 'I054', '1', 26, 7),
(732, 'F048', '1', 12, 4),
(733, 'U664', '1', 12, 7),
(734, 'Y954', '1', 30, 7),
(735, 'T231', '1', 28, 7),
(736, 'V701', '1', 30, 4),
(737, 'A680', '1', 17, 5),
(738, 'A239', '1', 23, 8),
(739, 'E824', '1', 20, 5),
(740, 'D157', '1', 20, 1),
(741, 'F198', '1', 13, 8),
(742, 'B464', '1', 17, 5),
(743, 'W928', '1', 23, 8),
(744, 'Z794', '1', 21, 6),
(745, 'Q315', '1', 29, 2),
(746, 'X030', '1', 31, 1),
(747, 'B860', '1', 12, 5),
(748, 'W078', '1', 35, 2),
(749, 'M202', '1', 27, 8),
(750, 'O696', '1', 28, 4),
(751, 'Q874', '1', 17, 7),
(752, 'J278', '1', 19, 7),
(753, 'D623', '1', 38, 6),
(754, 'T815', '1', 35, 2),
(755, 'F873', '1', 12, 5),
(756, 'N462', '1', 13, 7),
(757, 'L916', '1', 18, 8),
(758, 'B130', '1', 19, 8),
(759, 'H623', '1', 26, 5),
(760, 'T445', '1', 27, 8),
(761, 'V668', '1', 13, 7),
(762, 'C138', '1', 34, 3),
(763, 'F057', '1', 24, 8),
(764, 'P010', '1', 29, 2),
(765, 'B612', '1', 22, 7),
(766, 'H223', '1', 36, 6),
(767, 'H519', '1', 24, 6),
(768, 'A410', '1', 39, 8),
(769, 'G588', '1', 38, 3),
(770, 'T953', '1', 14, 6),
(771, 'F294', '1', 36, 4),
(772, 'Z810', '1', 25, 8),
(773, 'R508', '1', 37, 1),
(774, 'B384', '1', 33, 7),
(775, 'Q908', '1', 16, 5),
(776, 'N368', '1', 20, 4),
(777, 'N028', '1', 32, 6),
(778, 'C246', '1', 37, 8),
(779, 'X984', '1', 26, 1),
(780, 'M979', '1', 22, 2),
(781, 'K419', '1', 24, 4),
(782, 'W096', '1', 11, 6),
(783, 'Y518', '1', 28, 3),
(784, 'W706', '1', 37, 6),
(785, 'W497', '1', 23, 5),
(786, 'E496', '1', 34, 3),
(787, 'C550', '1', 34, 8),
(788, 'W009', '1', 15, 6),
(789, 'Z519', '1', 25, 7),
(790, 'C220', '1', 36, 1),
(791, 'X788', '1', 30, 6),
(792, 'M130', '1', 17, 8),
(793, 'L879', '1', 37, 5),
(794, 'A187', '1', 19, 7),
(795, 'W327', '1', 11, 5),
(796, 'E315', '1', 32, 1),
(797, 'E189', '1', 28, 8),
(798, 'W449', '1', 22, 6),
(799, 'S109', '1', 11, 2),
(800, 'A267', '1', 25, 5),
(801, 'C799', '1', 23, 3),
(802, 'U415', '1', 18, 8),
(803, 'B859', '1', 30, 6),
(804, 'B108', '1', 30, 6),
(805, 'W655', '1', 13, 7),
(806, 'E189', '1', 35, 7),
(807, 'D578', '1', 12, 6),
(808, 'B875', '1', 16, 8),
(809, 'W496', '1', 38, 6),
(810, 'C974', '1', 39, 3),
(811, 'E317', '1', 16, 6),
(812, 'F110', '1', 30, 6),
(813, 'M472', '1', 36, 4),
(814, 'T246', '1', 12, 2),
(815, 'B144', '1', 11, 3),
(816, 'C838', '1', 39, 3),
(817, 'R998', '1', 39, 1),
(818, 'K393', '1', 37, 5),
(819, 'F541', '1', 36, 3),
(820, 'X536', '1', 16, 4),
(821, 'T066', '1', 35, 2),
(822, 'O996', '1', 12, 7),
(823, 'K267', '1', 19, 4),
(824, 'F615', '1', 40, 3),
(825, 'C585', '1', 20, 4),
(826, 'C857', '1', 16, 8),
(827, 'G471', '1', 28, 2),
(828, 'O998', '1', 39, 8),
(829, 'C667', '1', 38, 1),
(830, 'G341', '1', 29, 6),
(831, 'E504', '1', 28, 1),
(832, 'P657', '1', 26, 6),
(833, 'F937', '1', 13, 4),
(834, 'N233', '1', 35, 3),
(835, 'M711', '1', 40, 3),
(836, 'X083', '1', 27, 4),
(837, 'C361', '1', 35, 7),
(838, 'Q398', '1', 33, 3),
(839, 'I830', '1', 13, 4),
(840, 'H443', '1', 35, 6),
(841, 'H040', '1', 11, 5),
(842, 'M468', '1', 25, 3),
(843, 'T003', '1', 24, 8),
(844, 'Z232', '1', 32, 2),
(845, 'A657', '1', 38, 2),
(846, 'P489', '1', 26, 2),
(847, 'K489', '1', 22, 6),
(848, 'U507', '1', 12, 6),
(849, 'B785', '1', 21, 1),
(850, 'J267', '1', 31, 2),
(851, 'V615', '1', 2, 6),
(852, 'D085', '1', 7, 7),
(853, 'Y507', '1', 2, 7),
(854, 'J090', '1', 6, 7),
(855, 'Y259', '1', 4, 8),
(856, 'N127', '1', 1, 6),
(857, 'Q740', '1', 9, 7),
(858, 'Y364', '1', 6, 8),
(859, 'K668', '1', 5, 6),
(860, 'U992', '1', 6, 7),
(861, 'D345', '1', 1, 8),
(862, 'R027', '1', 8, 7),
(863, 'P790', '1', 6, 7),
(864, 'X932', '1', 7, 7),
(865, 'I875', '1', 5, 6),
(866, 'W532', '1', 2, 7),
(867, 'O647', '1', 8, 7),
(868, 'U201', '1', 8, 8),
(869, 'G585', '1', 10, 7),
(870, 'V126', '1', 10, 8),
(871, 'S037', '1', 6, 6),
(872, 'T239', '1', 2, 7),
(873, 'N587', '1', 3, 8),
(874, 'L960', '1', 8, 8),
(875, 'T396', '1', 9, 6),
(876, 'E778', '1', 8, 8),
(877, 'J731', '1', 5, 8),
(878, 'J188', '1', 1, 7),
(879, 'Z466', '1', 3, 6),
(880, 'F937', '1', 4, 6),
(881, 'D359', '1', 7, 8),
(882, 'I657', '1', 5, 6),
(883, 'D686', '1', 6, 8),
(884, 'V655', '1', 9, 6),
(885, 'D988', '1', 5, 8),
(886, 'D001', '1', 5, 7),
(887, 'H664', '1', 9, 7),
(888, 'J314', '1', 10, 6),
(889, 'O662', '1', 10, 8),
(890, 'H068', '1', 3, 8),
(891, 'W963', '1', 8, 7),
(892, 'N700', '1', 4, 7),
(893, 'Q933', '1', 5, 6),
(894, 'K919', '1', 6, 6),
(895, 'I426', '1', 2, 6),
(896, 'Z907', '1', 6, 8),
(897, 'X914', '1', 5, 7),
(898, 'T002', '1', 3, 7),
(899, 'O638', '1', 6, 8),
(900, 'R447', '1', 4, 6),
(901, 'O089', '1', 13, 3),
(902, 'P160', '1', 38, 8),
(903, 'I696', '1', 1, 6),
(904, 'P178', '1', 25, 6),
(905, 'T115', '1', 23, 7),
(906, 'T650', '1', 29, 7),
(907, 'S077', '1', 6, 6),
(908, 'T704', '1', 38, 8),
(909, 'J907', '1', 8, 6),
(910, 'G235', '1', 23, 3),
(911, 'N150', '1', 38, 6),
(912, 'N354', '1', 34, 6),
(913, 'A912', '1', 14, 4),
(914, 'S874', '1', 33, 2),
(915, 'A058', '1', 15, 3),
(916, 'T911', '1', 29, 3),
(917, 'S959', '1', 29, 1),
(918, 'G099', '1', 4, 5),
(919, 'L261', '1', 4, 3),
(920, 'M820', '1', 26, 4),
(921, 'R605', '1', 22, 2),
(922, 'C016', '1', 8, 7),
(923, 'Y554', '1', 40, 4),
(924, 'T899', '1', 14, 3),
(925, 'H969', '1', 39, 4),
(926, 'W965', '1', 27, 8),
(927, 'C900', '1', 36, 2),
(928, 'K564', '1', 28, 8),
(929, 'T386', '1', 10, 1),
(930, 'P458', '1', 34, 6),
(931, 'M041', '1', 4, 1),
(932, 'A449', '1', 5, 6),
(933, 'X256', '1', 11, 4),
(934, 'H791', '1', 23, 3),
(935, 'V501', '1', 27, 3),
(936, 'K136', '1', 24, 4),
(937, 'H883', '1', 38, 7),
(938, 'P270', '1', 12, 3),
(939, 'Y350', '1', 11, 4),
(940, 'F299', '1', 5, 6),
(941, 'W399', '1', 23, 5),
(942, 'L054', '1', 12, 3),
(943, 'F743', '1', 36, 8),
(944, 'L808', '1', 9, 2),
(945, 'F524', '1', 6, 2),
(946, 'J763', '1', 18, 2),
(947, 'X796', '1', 23, 6),
(948, 'Y774', '1', 22, 6),
(949, 'B397', '1', 40, 1),
(950, 'E432', '1', 8, 2),
(951, 'Y798', '1', 37, 5),
(952, 'V767', '1', 18, 2),
(953, 'N453', '1', 10, 2),
(954, 'Z884', '1', 19, 3),
(955, 'V746', '1', 40, 8),
(956, 'E194', '1', 2, 2),
(957, 'D002', '1', 3, 3),
(958, 'C888', '1', 25, 1),
(959, 'E963', '1', 24, 8),
(960, 'F858', '1', 16, 8),
(961, 'X288', '1', 12, 4),
(962, 'R987', '1', 16, 8),
(963, 'H168', '1', 12, 4),
(964, 'L320', '1', 18, 2),
(965, 'A270', '1', 23, 7),
(966, 'G937', '1', 33, 1),
(967, 'Z275', '1', 30, 6),
(968, 'Y440', '1', 15, 7),
(969, 'Q167', '1', 35, 3),
(970, 'E429', '1', 18, 2),
(971, 'S185', '1', 9, 1),
(972, 'B462', '1', 28, 3),
(973, 'O938', '1', 21, 8),
(974, 'R584', '1', 14, 4),
(975, 'Z482', '1', 32, 7),
(976, 'Y286', '1', 23, 7),
(977, 'G344', '1', 11, 6),
(978, 'N592', '1', 19, 2),
(979, 'V367', '1', 18, 7),
(980, 'T459', '1', 3, 8),
(981, 'R390', '1', 16, 7),
(982, 'X339', '1', 7, 6),
(983, 'Z873', '1', 30, 7),
(984, 'C451', '1', 23, 5),
(985, 'D620', '1', 37, 6),
(986, 'I260', '1', 22, 2),
(987, 'Q459', '1', 18, 2),
(988, 'C759', '1', 2, 7),
(989, 'S670', '1', 15, 1),
(990, 'W928', '1', 9, 3),
(991, 'Z443', '1', 3, 5),
(992, 'P639', '1', 29, 6),
(993, 'Z702', '1', 22, 5),
(994, 'Y607', '1', 37, 8),
(995, 'E417', '1', 16, 3),
(996, 'J652', '1', 3, 4),
(997, 'P838', '1', 12, 4),
(998, 'K408', '1', 20, 7),
(999, 'I679', '1', 15, 7),
(1000, 'T233', '1', 31, 8),
(1001, 'E625', '1', 27, 3),
(1002, 'P982', '1', 17, 8),
(1003, 'X800', '1', 5, 1),
(1004, 'Z528', '1', 23, 5),
(1005, 'Q634', '1', 9, 2),
(1006, 'B794', '1', 34, 6),
(1007, 'Y491', '1', 28, 4),
(1008, 'V089', '1', 27, 5),
(1009, 'C352', '1', 8, 4),
(1010, 'A542', '1', 11, 2),
(1011, 'E809', '1', 4, 4),
(1012, 'N862', '1', 39, 6),
(1013, 'Z640', '1', 3, 3),
(1014, 'V586', '1', 15, 2),
(1015, 'F399', '1', 39, 4),
(1016, 'G566', '1', 30, 3),
(1017, 'K177', '1', 28, 1),
(1018, 'Y363', '1', 14, 4),
(1019, 'Y653', '1', 20, 4),
(1020, 'S577', '1', 38, 6),
(1021, 'O886', '1', 24, 1),
(1022, 'C941', '1', 6, 6),
(1023, 'U076', '1', 13, 5),
(1024, 'Y090', '1', 9, 8),
(1025, 'S386', '1', 25, 8),
(1026, 'U647', '1', 35, 7),
(1027, 'R507', '1', 4, 7),
(1028, 'T697', '1', 38, 6),
(1029, 'N877', '1', 32, 4),
(1030, 'J416', '1', 2, 1),
(1031, 'E298', '1', 19, 2),
(1032, 'C501', '1', 39, 1),
(1033, 'E409', '1', 11, 6),
(1034, 'E314', '1', 4, 6),
(1035, 'D647', '1', 6, 3),
(1036, 'G429', '1', 15, 2),
(1037, 'V620', '1', 10, 2),
(1038, 'M800', '1', 8, 8),
(1039, 'F916', '1', 21, 8),
(1040, 'I075', '1', 39, 3),
(1041, 'N237', '1', 20, 4),
(1042, 'M071', '1', 31, 2),
(1043, 'R863', '1', 40, 3),
(1044, 'R821', '1', 31, 6),
(1045, 'W957', '1', 40, 5),
(1046, 'T956', '1', 40, 8),
(1047, 'C608', '1', 18, 5),
(1048, 'K155', '1', 3, 3),
(1049, 'O139', '1', 2, 4),
(1050, 'P057', '1', 19, 4),
(1051, 'B280', '1', 21, 6),
(1052, 'S331', '1', 38, 2),
(1053, 'U071', '1', 19, 3),
(1054, 'X466', '1', 35, 8),
(1055, 'S741', '1', 36, 2),
(1056, 'X055', '1', 23, 8),
(1057, 'I859', '1', 23, 4),
(1058, 'W438', '1', 29, 4),
(1059, 'M354', '1', 36, 3),
(1060, 'K059', '1', 20, 3),
(1061, 'S284', '1', 11, 6),
(1062, 'T370', '1', 3, 8),
(1063, 'T743', '1', 40, 4),
(1064, 'Z398', '1', 12, 4),
(1065, 'X812', '1', 25, 3),
(1066, 'U869', '1', 7, 8),
(1067, 'L406', '1', 15, 1),
(1068, 'E257', '1', 22, 7),
(1069, 'N662', '1', 37, 7),
(1070, 'V407', '1', 3, 1),
(1071, 'H539', '1', 28, 2),
(1072, 'S631', '1', 35, 1),
(1073, 'V622', '1', 2, 2),
(1074, 'K717', '1', 18, 1),
(1075, 'B395', '1', 4, 2),
(1076, 'J667', '1', 26, 6),
(1077, 'A948', '1', 20, 8),
(1078, 'G851', '1', 26, 1),
(1079, 'H223', '1', 34, 6),
(1080, 'L995', '1', 34, 1),
(1081, 'Q885', '1', 26, 2),
(1082, 'I776', '1', 8, 2),
(1083, 'G360', '1', 31, 2),
(1084, 'W657', '1', 15, 3),
(1085, 'U310', '1', 35, 6),
(1086, 'C835', '1', 10, 2),
(1087, 'V538', '1', 32, 6),
(1088, 'M019', '1', 7, 3),
(1089, 'V811', '1', 20, 2),
(1090, 'P965', '1', 27, 8),
(1091, 'D243', '1', 21, 7),
(1092, 'M503', '1', 13, 7),
(1093, 'S777', '1', 8, 1),
(1094, 'K664', '1', 31, 7),
(1095, 'K028', '1', 32, 1),
(1096, 'U900', '1', 27, 8),
(1097, 'L264', '1', 34, 3),
(1098, 'Y585', '1', 20, 5),
(1099, 'U793', '1', 27, 8),
(1100, 'S421', '1', 13, 8),
(1101, 'Y945', '1', 24, 4),
(1102, 'V699', '1', 30, 6),
(1103, 'Q151', '1', 32, 1),
(1104, 'V204', '1', 15, 2),
(1105, 'U848', '1', 33, 2),
(1106, 'S425', '1', 16, 1),
(1107, 'T118', '1', 40, 4),
(1108, 'X888', '1', 4, 2),
(1109, 'X346', '1', 7, 8),
(1110, 'U675', '1', 29, 6),
(1111, 'G650', '1', 19, 1),
(1112, 'Y779', '1', 35, 6),
(1113, 'M946', '1', 24, 8),
(1114, 'C190', '1', 36, 7),
(1115, 'P344', '1', 36, 8),
(1116, 'I151', '1', 10, 4),
(1117, 'N735', '1', 17, 7),
(1118, 'L132', '1', 2, 5),
(1119, 'B681', '1', 10, 3),
(1120, 'X428', '1', 19, 4),
(1121, 'B292', '1', 36, 5),
(1122, 'J331', '1', 23, 8),
(1123, 'X377', '1', 4, 2),
(1124, 'X435', '1', 15, 6),
(1125, 'L313', '1', 39, 4),
(1126, 'Y586', '1', 37, 4),
(1127, 'J499', '1', 24, 8),
(1128, 'U924', '1', 1, 1),
(1129, 'A778', '1', 13, 6),
(1130, 'M464', '1', 6, 3),
(1131, 'C472', '1', 2, 7),
(1132, 'O941', '1', 20, 4),
(1133, 'J221', '1', 39, 8),
(1134, 'P900', '1', 33, 6),
(1135, 'K084', '1', 17, 1),
(1136, 'Z241', '1', 40, 2),
(1137, 'U536', '1', 20, 1),
(1138, 'M329', '1', 8, 1),
(1139, 'L717', '1', 10, 8),
(1140, 'W755', '1', 3, 8),
(1141, 'S258', '1', 22, 1),
(1142, 'L025', '1', 7, 7),
(1143, 'U781', '1', 21, 5),
(1144, 'E407', '1', 2, 7),
(1145, 'Y199', '1', 1, 8),
(1146, 'W954', '1', 14, 4),
(1147, 'T720', '1', 2, 3),
(1148, 'N925', '1', 33, 1),
(1149, 'B447', '1', 23, 5),
(1150, 'V886', '1', 9, 1),
(1151, 'V510', '1', 36, 3),
(1152, 'Y048', '1', 16, 7),
(1153, 'M322', '1', 25, 6),
(1154, 'T142', '1', 28, 6),
(1155, 'W045', '1', 34, 7),
(1156, 'O786', '1', 31, 2),
(1157, 'D576', '1', 11, 5),
(1158, 'Y337', '1', 37, 8),
(1159, 'I348', '1', 31, 1),
(1160, 'E292', '1', 37, 1),
(1161, 'U136', '1', 21, 8),
(1162, 'E187', '1', 36, 6),
(1163, 'G150', '1', 4, 1),
(1164, 'F992', '1', 39, 2),
(1165, 'I967', '1', 23, 8),
(1166, 'W454', '1', 23, 6),
(1167, 'O963', '1', 18, 4),
(1168, 'R116', '1', 8, 4),
(1169, 'P690', '1', 3, 4),
(1170, 'A449', '1', 19, 7),
(1171, 'U945', '1', 2, 7),
(1172, 'A921', '1', 11, 3),
(1173, 'Z023', '1', 20, 1),
(1174, 'K153', '1', 3, 4),
(1175, 'U322', '1', 18, 1),
(1176, 'N405', '1', 1, 1),
(1177, 'S830', '1', 12, 4),
(1178, 'H088', '1', 7, 7),
(1179, 'U124', '1', 3, 1),
(1180, 'N944', '1', 14, 1),
(1181, 'O068', '1', 31, 5),
(1182, 'T107', '1', 22, 5),
(1183, 'L092', '1', 4, 5),
(1184, 'H244', '1', 6, 6),
(1185, 'B858', '1', 36, 7),
(1186, 'V657', '1', 40, 1),
(1187, 'T533', '1', 36, 4),
(1188, 'N539', '1', 35, 5),
(1189, 'C702', '1', 4, 2),
(1190, 'D545', '1', 10, 5),
(1191, 'I254', '1', 3, 3),
(1192, 'K558', '1', 1, 3),
(1193, 'V695', '1', 16, 1),
(1194, 'X350', '1', 23, 1),
(1195, 'N270', '1', 25, 5),
(1196, 'X998', '1', 27, 7),
(1197, 'C386', '1', 24, 1),
(1198, 'B465', '1', 40, 2),
(1199, 'H001', '1', 23, 6),
(1200, 'Y251', '1', 1, 7),
(1201, 'S275', '1', 10, 2),
(1202, 'A307', '1', 32, 4),
(1203, 'J592', '1', 30, 1),
(1204, 'S089', '1', 39, 1),
(1205, 'Y152', '1', 22, 1),
(1206, 'K146', '1', 17, 8),
(1207, 'N834', '1', 22, 2),
(1208, 'A787', '1', 31, 2),
(1209, 'T341', '1', 5, 6),
(1210, 'O708', '1', 36, 3),
(1211, 'I512', '1', 6, 3),
(1212, 'K695', '1', 27, 5),
(1213, 'A253', '1', 33, 1),
(1214, 'J704', '1', 32, 8),
(1215, 'A499', '1', 38, 5),
(1216, 'K746', '1', 1, 1),
(1217, 'P292', '1', 14, 7),
(1218, 'X091', '1', 7, 5),
(1219, 'E619', '1', 40, 4),
(1220, 'C379', '1', 36, 6),
(1221, 'N607', '1', 33, 2),
(1222, 'Q621', '1', 30, 2),
(1223, 'B679', '1', 5, 6),
(1224, 'X970', '1', 37, 3),
(1225, 'E331', '1', 16, 7),
(1226, 'C424', '1', 36, 2),
(1227, 'B381', '1', 21, 3),
(1228, 'V252', '1', 9, 4),
(1229, 'N660', '1', 5, 8),
(1230, 'O423', '1', 9, 6),
(1231, 'A655', '1', 34, 6),
(1232, 'Z372', '1', 24, 1),
(1233, 'N953', '1', 20, 2),
(1234, 'Z587', '1', 37, 4),
(1235, 'S532', '1', 10, 4),
(1236, 'R153', '1', 11, 1),
(1237, 'S441', '1', 1, 4),
(1238, 'N749', '1', 29, 6),
(1239, 'S607', '1', 22, 2),
(1240, 'K325', '1', 3, 5),
(1241, 'Y169', '1', 13, 5),
(1242, 'J170', '1', 38, 8),
(1243, 'X509', '1', 8, 1),
(1244, 'Q193', '1', 16, 7),
(1245, 'B341', '1', 21, 5),
(1246, 'Y842', '1', 36, 2),
(1247, 'L852', '1', 5, 5),
(1248, 'Q894', '1', 10, 6),
(1249, 'O655', '1', 27, 4),
(1250, 'B616', '1', 1, 5),
(1251, 'P830', '1', 35, 7),
(1252, 'D766', '1', 18, 4),
(1253, 'F673', '1', 22, 8),
(1254, 'Q837', '1', 4, 8),
(1255, 'A259', '1', 3, 2),
(1256, 'F417', '1', 1, 7),
(1257, 'Y293', '1', 18, 2),
(1258, 'B136', '1', 24, 6),
(1259, 'E243', '1', 7, 4),
(1260, 'X325', '1', 9, 5),
(1261, 'W988', '1', 36, 6),
(1262, 'P003', '1', 25, 8),
(1263, 'U456', '1', 33, 2),
(1264, 'M506', '1', 23, 5),
(1265, 'S911', '1', 32, 5),
(1266, 'Y049', '1', 1, 8),
(1267, 'Q421', '1', 4, 2),
(1268, 'E075', '1', 36, 1),
(1269, 'S628', '1', 8, 3),
(1270, 'F390', '1', 7, 5),
(1271, 'H350', '1', 4, 4),
(1272, 'H311', '1', 16, 5),
(1273, 'D324', '1', 10, 5),
(1274, 'K688', '1', 20, 3),
(1275, 'N359', '1', 1, 7),
(1276, 'R354', '1', 28, 3),
(1277, 'K722', '1', 34, 2),
(1278, 'I315', '1', 23, 6),
(1279, 'H015', '1', 31, 1),
(1280, 'P092', '1', 19, 2),
(1281, 'M342', '1', 20, 4),
(1282, 'F547', '1', 40, 7),
(1283, 'P824', '1', 39, 7),
(1284, 'R830', '1', 24, 3),
(1285, 'J206', '1', 14, 6),
(1286, 'O568', '1', 29, 6),
(1287, 'R449', '1', 9, 8),
(1288, 'N958', '1', 9, 1),
(1289, 'I502', '1', 1, 6),
(1290, 'R115', '1', 9, 3),
(1291, 'N175', '1', 12, 7),
(1292, 'I602', '1', 28, 3),
(1293, 'Z413', '1', 35, 4),
(1294, 'K036', '1', 11, 4),
(1295, 'P523', '1', 17, 8),
(1296, 'A896', '1', 24, 5),
(1297, 'U318', '1', 16, 6),
(1298, 'F234', '1', 19, 2),
(1299, 'U309', '1', 26, 2),
(1300, 'E181', '1', 6, 2),
(1301, 'M495', '1', 28, 5),
(1302, 'G014', '1', 19, 4),
(1303, 'B843', '1', 22, 8),
(1304, 'O775', '1', 17, 8),
(1305, 'C466', '1', 24, 7),
(1306, 'B777', '1', 19, 2),
(1307, 'I561', '1', 17, 7),
(1308, 'C586', '1', 23, 2),
(1309, 'P235', '1', 1, 8),
(1310, 'H941', '1', 2, 3),
(1311, 'J464', '1', 35, 5),
(1312, 'V511', '1', 3, 2),
(1313, 'O569', '1', 25, 7),
(1314, 'Q308', '1', 28, 5),
(1315, 'K444', '1', 40, 1),
(1316, 'M331', '1', 23, 6),
(1317, 'R750', '1', 15, 5),
(1318, 'K959', '1', 16, 3),
(1319, 'G648', '1', 36, 6),
(1320, 'H210', '1', 11, 1),
(1321, 'A013', '1', 26, 4),
(1322, 'Y011', '1', 9, 4),
(1323, 'F970', '1', 9, 7),
(1324, 'X306', '1', 24, 5),
(1325, 'X368', '1', 16, 8),
(1326, 'G273', '1', 31, 6),
(1327, 'T273', '1', 10, 4),
(1328, 'W489', '1', 36, 4),
(1329, 'A561', '1', 37, 6),
(1330, 'Q571', '1', 5, 7),
(1331, 'Y939', '1', 23, 3),
(1332, 'L712', '1', 2, 2),
(1333, 'S785', '1', 18, 7),
(1334, 'J173', '1', 30, 8),
(1335, 'A979', '1', 28, 1),
(1336, 'K974', '1', 37, 2),
(1337, 'Q446', '1', 9, 6),
(1338, 'O178', '1', 20, 7),
(1339, 'Y408', '1', 36, 8),
(1340, 'Y905', '1', 35, 8),
(1341, 'D171', '1', 31, 7),
(1342, 'H124', '1', 26, 4),
(1343, 'A426', '1', 9, 1),
(1344, 'D879', '1', 11, 7),
(1345, 'D694', '1', 38, 7),
(1346, 'B840', '1', 4, 3),
(1347, 'D974', '1', 13, 3),
(1348, 'T674', '1', 7, 5),
(1349, 'B963', '1', 39, 2),
(1350, 'H545', '1', 9, 8),
(1351, 'I150', '1', 9, 5),
(1352, 'J373', '1', 20, 4),
(1353, 'Y014', '1', 32, 5),
(1354, 'M513', '1', 19, 4),
(1355, 'E563', '1', 10, 5),
(1356, 'X148', '1', 11, 5),
(1357, 'S929', '1', 6, 2),
(1358, 'E025', '1', 16, 6),
(1359, 'A237', '1', 27, 7),
(1360, 'R458', '1', 34, 5),
(1361, 'X830', '1', 11, 2),
(1362, 'A920', '1', 7, 5),
(1363, 'H762', '1', 6, 7),
(1364, 'T110', '1', 3, 7),
(1365, 'C966', '1', 25, 8),
(1366, 'A634', '1', 16, 1),
(1367, 'S988', '1', 35, 7),
(1368, 'Q834', '1', 4, 7),
(1369, 'V657', '1', 3, 5),
(1370, 'K241', '1', 6, 8),
(1371, 'U766', '1', 6, 6),
(1372, 'O601', '1', 17, 1),
(1373, 'H636', '1', 25, 7),
(1374, 'K123', '1', 17, 5),
(1375, 'H376', '1', 31, 3),
(1376, 'V292', '1', 21, 3),
(1377, 'D614', '1', 39, 6),
(1378, 'J643', '1', 22, 3),
(1379, 'T917', '1', 14, 4),
(1380, 'R040', '1', 32, 1),
(1381, 'K526', '1', 36, 6),
(1382, 'R987', '1', 39, 3),
(1383, 'U646', '1', 38, 6),
(1384, 'C416', '1', 21, 2),
(1385, 'R643', '1', 23, 6),
(1386, 'G380', '1', 6, 1),
(1387, 'P454', '1', 11, 8),
(1388, 'O388', '1', 1, 7),
(1389, 'P393', '1', 24, 6),
(1390, 'F894', '1', 9, 5),
(1391, 'T186', '1', 2, 2),
(1392, 'G646', '1', 10, 4),
(1393, 'C330', '1', 31, 8),
(1394, 'W621', '1', 1, 5),
(1395, 'R765', '1', 35, 5),
(1396, 'C894', '1', 4, 2),
(1397, 'L430', '1', 17, 3),
(1398, 'I004', '1', 27, 5),
(1399, 'H617', '1', 22, 3),
(1400, 'K910', '1', 21, 6),
(1401, 'F725', '1', 16, 3),
(1402, 'L722', '1', 40, 5),
(1403, 'U194', '1', 36, 3),
(1404, 'K451', '1', 1, 3),
(1405, 'G670', '1', 16, 3),
(1406, 'S408', '1', 6, 4),
(1407, 'D288', '1', 12, 3),
(1408, 'F475', '1', 30, 7),
(1409, 'L239', '1', 30, 5),
(1410, 'B074', '1', 21, 5),
(1411, 'L216', '1', 19, 5),
(1412, 'G338', '1', 6, 2),
(1413, 'B966', '1', 30, 2),
(1414, 'X912', '1', 4, 6),
(1415, 'U489', '1', 33, 8),
(1416, 'P927', '1', 2, 4),
(1417, 'T217', '1', 2, 5),
(1418, 'X818', '1', 32, 6),
(1419, 'J676', '1', 1, 7),
(1420, 'M261', '1', 6, 4),
(1421, 'N528', '1', 10, 3),
(1422, 'F301', '1', 23, 4),
(1423, 'J381', '1', 7, 2),
(1424, 'X841', '1', 19, 1),
(1425, 'Q385', '1', 33, 7),
(1426, 'K111', '1', 36, 4),
(1427, 'M165', '1', 8, 6),
(1428, 'X716', '1', 23, 5),
(1429, 'N462', '1', 22, 3),
(1430, 'S520', '1', 2, 3),
(1431, 'W113', '1', 37, 6),
(1432, 'W143', '1', 11, 8),
(1433, 'W517', '1', 11, 5),
(1434, 'U769', '1', 1, 5),
(1435, 'H317', '1', 17, 2),
(1436, 'D796', '1', 7, 4),
(1437, 'P351', '1', 4, 1),
(1438, 'P598', '1', 36, 4),
(1439, 'F298', '1', 2, 3),
(1440, 'M684', '1', 30, 6),
(1441, 'I192', '1', 5, 5),
(1442, 'G179', '1', 32, 2),
(1443, 'D244', '1', 19, 2),
(1444, 'Q564', '1', 25, 7),
(1445, 'F846', '1', 23, 4),
(1446, 'E848', '1', 12, 2),
(1447, 'U006', '1', 21, 8),
(1448, 'W443', '1', 9, 7),
(1449, 'O261', '1', 5, 7),
(1450, 'N375', '1', 20, 5),
(1451, 'C480', '1', 24, 6),
(1452, 'O081', '1', 36, 6),
(1453, 'R365', '1', 20, 6),
(1454, 'I399', '1', 1, 1),
(1455, 'I777', '1', 6, 3),
(1456, 'O769', '1', 31, 1),
(1457, 'N646', '1', 17, 8),
(1458, 'G825', '1', 26, 7),
(1459, 'W221', '1', 40, 6),
(1460, 'L691', '1', 31, 2),
(1461, 'Z782', '1', 1, 1),
(1462, 'M846', '1', 7, 7),
(1463, 'V079', '1', 29, 8),
(1464, 'A714', '1', 23, 4),
(1465, 'M911', '1', 21, 5),
(1466, 'D229', '1', 9, 6),
(1467, 'U546', '1', 14, 4),
(1468, 'D793', '1', 20, 5),
(1469, 'X685', '1', 29, 7),
(1470, 'P192', '1', 23, 7),
(1471, 'H281', '1', 18, 2),
(1472, 'W091', '1', 27, 8),
(1473, 'L937', '1', 17, 8),
(1474, 'J568', '1', 32, 1),
(1475, 'A303', '1', 6, 8),
(1476, 'Z030', '1', 9, 5),
(1477, 'V506', '1', 35, 8),
(1478, 'L870', '1', 20, 1),
(1479, 'G818', '1', 38, 3),
(1480, 'T199', '1', 16, 2),
(1481, 'I709', '1', 14, 2),
(1482, 'C318', '1', 6, 3),
(1483, 'Z479', '1', 11, 8),
(1484, 'M002', '1', 39, 1),
(1485, 'Y091', '1', 1, 6),
(1486, 'Z192', '1', 40, 8),
(1487, 'O369', '1', 33, 2),
(1488, 'P708', '1', 12, 5),
(1489, 'V194', '1', 40, 6),
(1490, 'T474', '1', 5, 3),
(1491, 'Y197', '1', 39, 7),
(1492, 'F691', '1', 35, 8),
(1493, 'F258', '1', 18, 4),
(1494, 'J307', '1', 9, 6),
(1495, 'U917', '1', 7, 5),
(1496, 'F892', '1', 23, 6),
(1497, 'D562', '1', 27, 5),
(1498, 'L983', '1', 8, 4),
(1499, 'U825', '1', 26, 5),
(1500, 'Q740', '1', 8, 6),
(1501, 'Z046', '1', 25, 3),
(1502, 'R449', '1', 29, 1),
(1503, 'N445', '1', 6, 4),
(1504, 'H137', '1', 12, 5),
(1505, 'K984', '1', 8, 3),
(1506, 'K139', '1', 18, 7),
(1507, 'X904', '1', 1, 3),
(1508, 'H274', '1', 22, 5),
(1509, 'H224', '1', 36, 3),
(1510, 'V107', '1', 26, 8),
(1511, 'N168', '1', 16, 5),
(1512, 'R254', '1', 39, 7),
(1513, 'P272', '1', 8, 8),
(1514, 'D526', '1', 2, 8),
(1515, 'E434', '1', 18, 5),
(1516, 'R512', '1', 5, 1),
(1517, 'V785', '1', 24, 1),
(1518, 'J677', '1', 10, 8),
(1519, 'M604', '1', 26, 3),
(1520, 'R112', '1', 8, 5),
(1521, 'A934', '1', 22, 5),
(1522, 'M791', '1', 30, 4),
(1523, 'N683', '1', 11, 2),
(1524, 'W276', '1', 17, 6),
(1525, 'J312', '1', 39, 7),
(1526, 'O060', '1', 28, 6),
(1527, 'E057', '1', 37, 7),
(1528, 'Y044', '1', 14, 6),
(1529, 'A364', '1', 29, 6),
(1530, 'U678', '1', 13, 2),
(1531, 'U396', '1', 12, 4),
(1532, 'I583', '1', 19, 3),
(1533, 'B340', '1', 13, 5),
(1534, 'E345', '1', 8, 2),
(1535, 'P765', '1', 24, 6),
(1536, 'V508', '1', 27, 6),
(1537, 'N367', '1', 33, 7),
(1538, 'P017', '1', 25, 3),
(1539, 'M199', '1', 5, 5),
(1540, 'A264', '1', 31, 8),
(1541, 'O103', '1', 19, 8),
(1542, 'E123', '1', 11, 4),
(1543, 'G162', '1', 30, 3),
(1544, 'C250', '1', 31, 6),
(1545, 'I188', '1', 1, 8),
(1546, 'H745', '1', 5, 5),
(1547, 'M028', '1', 33, 3),
(1548, 'Z313', '1', 32, 3),
(1549, 'B579', '1', 27, 8),
(1550, 'S105', '1', 9, 4),
(1551, 'W601', '1', 28, 6),
(1552, 'U798', '1', 39, 6),
(1553, 'J616', '1', 38, 8),
(1554, 'F085', '1', 25, 5),
(1555, 'M081', '1', 7, 6),
(1556, 'F490', '1', 36, 5),
(1557, 'H363', '1', 20, 5),
(1558, 'J724', '1', 24, 3),
(1559, 'S226', '1', 39, 8),
(1560, 'E724', '1', 11, 2),
(1561, 'B534', '1', 40, 8),
(1562, 'X652', '1', 31, 8),
(1563, 'J475', '1', 17, 2),
(1564, 'H328', '1', 18, 2),
(1565, 'W966', '1', 17, 7),
(1566, 'F814', '1', 31, 7),
(1567, 'W013', '1', 24, 2),
(1568, 'Q651', '1', 11, 3),
(1569, 'A713', '1', 34, 8),
(1570, 'U133', '1', 36, 7),
(1571, 'U697', '1', 34, 3),
(1572, 'D481', '1', 15, 7),
(1573, 'P238', '1', 13, 3),
(1574, 'J094', '1', 8, 5),
(1575, 'T320', '1', 38, 4),
(1576, 'D989', '1', 4, 5),
(1577, 'N498', '1', 38, 6),
(1578, 'M107', '1', 18, 2),
(1579, 'T719', '1', 19, 8),
(1580, 'V147', '1', 32, 6),
(1581, 'G983', '1', 6, 3),
(1582, 'O758', '1', 5, 2),
(1583, 'D201', '1', 25, 6),
(1584, 'W699', '1', 18, 5),
(1585, 'G438', '1', 12, 3),
(1586, 'S913', '1', 13, 4),
(1587, 'M264', '1', 19, 7),
(1588, 'Q227', '1', 31, 1),
(1589, 'C084', '1', 4, 8),
(1590, 'G044', '1', 20, 5),
(1591, 'D118', '1', 11, 1),
(1592, 'D645', '1', 23, 5),
(1593, 'I076', '1', 15, 1),
(1594, 'W093', '1', 25, 3),
(1595, 'W269', '1', 29, 7),
(1596, 'I799', '1', 11, 8),
(1597, 'V694', '1', 4, 1),
(1598, 'O753', '1', 17, 7),
(1599, 'H133', '1', 5, 2),
(1600, 'V679', '1', 24, 2),
(1601, 'A001', '1', 14, 5),
(1602, 'A002', '1', 15, 4),
(1603, 'A003', '1', 18, 3),
(1604, 'A004', '1', 19, 6),
(1605, 'A005', '1', 27, 1),
(1606, 'A006', '1', 27, 2),
(1607, 'A007', '1', 33, 4),
(1608, 'A008', '1', 34, 4);



INSERT INTO pojazdy(rejestracja, typy_pojazdów_id, model) VALUES
('YHL89NA', 2, 'Kawasaki VN1500'),
('FBF15XB', 3, 'Daewoo Leganza'),
('IIH44LG', 5, 'Toyota Avensis'),
('MFX02EV', 4, 'Mercedes-Benz Citan'),
('ACW88EX', 5, 'Mitsubishi Lancer'),
('CNF85SX', 2, 'Toyota Corolla'),
('GSA99GJ', 3, 'Chevrolet Camaro'),
('HZW87NU', 5, 'Fiat 126p'),
('OAS70GP', 4, 'Volkswagen Golf'),
('RBZ27PY', 1, 'Toyota Yaris'),
('MKY72RP', 2, 'Subaru XT76'),
('OTD32ED', 1, 'Mitsubishi 500'),
('BIC20XX', 2, 'Mercedes-Benz Viano'),
('ORH84ZW', 3, 'Kia K9'),
('WGY28IG', 3, 'Toyota Mark x'),
('DIM95DC', 3, 'Dodge Viper'),
('VNA71KB', 5, 'Suzuki Swift'),
('VPB59CT', 5, 'Mitsubishi Colt'),
('NWL56RH', 5, 'Lamborghini Espada'),
('FQP19TW', 3, 'Audi A4'),
('CBI92LA', 1, 'Fiat Ducato'),
('WFB31DT', 5, 'Volkswagen Passat'),
('RSX32UZ', 1, 'Mercedes-Benz Actros MP4'),
('OWF36TR', 2, 'Peugeot 404'),
('ZVY24IC', 1, 'Subaru Leone'),
('TEG17JI', 3, NULL),
('HSP83MK', 4, 'Kawasaki VN700'),
('OAU46ZX', 2, NULL),
('TKX35FP', 3, 'Audi A3'),
('HJC61FF', 5, 'Peugeot 2008'),
('XMQ55ED', 4, 'Opel Olympia'),
('AJE95HU', 4, 'Toyota Auris'),
('JIZ90GV', 4, 'Suzuki Ignis'),
('RXX59MX', 5, 'Dodge Durango'),
('YCU13DU', 5, 'Kia Cee''d'),
('SRO23YA', 2, 'Fiat Seicento'),
('KJA13OJ', 4, 'Subaru Impreza'),
('XUJ36SL', 5, 'Kia Sportage'),
('CXN89BH', 4, 'Lamborghini Gallardo'),
('NJE60PO', 1, 'Fiat Punto'),
('UUC97CX', 4, 'Kia Cerato'),
('CVA00SS', 4, 'Suzuki Katana'),
('SMS23EB', 3, 'Subaru Exiga Concept'),
('BKT36YY', 4, 'Fiat Panda'),
('IJY36QQ', 4, 'Nissan Almera'),
('NJH35JJ', 5, 'Toyota Starlet'),
('QRF42TM', 5, 'Daewoo Matiz'),
('HUY35JF', 4, 'Opel Astra'),
('IUZ87WY', 3, 'BMW X7'),
('HPQ82KV', 1, 'Honda Civic'),
('AGA60PJ', 5, 'Kawasaki VN1500'),
('ACC86KW', 2, 'Toyota Corolla'),
('DWY27KW', 2, 'Toyota Yaris'),
('VWY36KP', 3, 'Opel Astra'),
('QFA78IQ', 8, 'Suzuki Swift'),
('USH63RT', 2, 'Mercedes-Benz Viano'),
('GHO40QV', 3, 'Toyota Mark x'),
('ZRJ35DN', 1, 'Chevrolet Camaro'),
('UVR58DJ', 8, 'Fiat Ducato'),
('KZL79XJ', 8, 'Fiat 126p'),
('JUO81SY', 4, 'Subaru Leone'),
('PIW01LM', 8, 'Volkswagen Golf'),
('QAD07YO', 4, 'Mercedes-Benz Actros MP4'),
('PGB58TA', 2, 'Lexus CT'),
('SLS10TQ', 7, 'Dodge Durango'),
('PFI20MD', 1, 'Kia Cee''d'),
('ABT76NI', 6, 'Peugeot 404'),
('RYK21SZ', 7, 'Suzuki Ignis'),
('WIU35XG', 3, 'Subaru Impreza'),
('ULF60YS', 2, 'Fiat Seicento'),
('XSS65WE', 1, 'Suzuki Katana'),
('PZX12PA', 3, 'Kia Sportage'),
('BPA68SO', 8, 'Kawasaki VN700'),
('SCX46KA', 4, 'Opel Insignia'),
('UCZ02YI', 7, 'Subaru Exiga Concept'),
('ZSO44XY', 7, 'Toyota Starlet'),
('NQJ03EQ', 6, NULL),
('AWP78EM', 2, 'Fiat Punto'),
('PPV11PH', 7, 'Audi A4'),
('KFC75CU', 8, 'Kia Cerato'),
('MJE74FY', 7, 'Fiat Panda'),
('NHI78EY', 6, 'Kia Forte'),
('MRG14JB', 7, 'Mitsubishi Lancer'),
('PPE95ZX', 5, 'Subaru XT76'),
('QRX64UV', 6, 'Volkswagen Passat'),
('HVU67MW', 2, 'Mitsubishi 500'),
('DXF66PJ', 2, 'Daewoo Matiz'),
('QUZ00GF', 7, 'Toyota Supra'),
('YWC89AI', 1, 'Fiat Multipla'),
('QCK48TG', 3, 'Audi A3'),
('PJQ45IK', 5, 'Peugeot 2008'),
('ZVT75HJ', 6, 'Dodge Viper'),
('ZHH81NF', 5, 'Kia K9'),
('CYD51AY', 8, 'Nissan Almera'),
('BAV40RP', 3, 'Mitsubishi Colt'),
('XDP54DD', 4, 'BMW X7'),
('OML14NH', 4, 'Honda Civic'),
('EIK78UG', 7, 'Lamborghini Espada'),
('EUF30SZ', 7, 'Daewoo Leganza'),
('BQM96KH', 8, 'Toyota Auris'),
('HWU30HR', 8, 'Mitsubishi Lancer'),
('CIA93LD', 8, 'Subaru XT76'),
('AFY16TI', 7, 'Mitsubishi 500'),
('KRN93IW', 6, 'Subaru Impreza'),
('CBR43PX', 7, 'Kawasaki VN1500'),
('XTF57KM', 8, NULL),
('OPX46LG', 8, 'Kia Forte'),
('KXL44VB', 7, 'Mercedes-Benz Citan'),
('AYI40XL', 6, 'Toyota Yaris'),
('SRL85QA', 7, 'Fiat Multipla'),
('LQR73BR', 6, 'Honda Civic'),
('ZGU26LP', 8, 'Dodge Viper'),
('FTL89RM', 6, 'Suzuki Katana'),
('FUO03MN', 7, 'Mercedes-Benz Viano'),
('SFQ49YN', 6, 'Kia K9'),
('OMV48JB', 7, 'Mitsubishi Colt'),
('TMX00VG', 6, 'Fiat Ducato'),
('PTL20FS', 7, 'Dodge Durango'),
('AME11FJ', 8, 'Kia Cee'),
('EYM46UF', 7, 'Toyota Mark x'),
('JJA38SQ', 8, 'Opel Astra'),
('HKM52MX', 8, NULL),
('OBN87PI', 5, 'Kawasaki VN1500'),
('HAA72FG', 6, 'Toyota Corolla'),
('ABA27LW', 3, 'Chevrolet Camaro'),
('GLI63LF', 1, NULL),
('ZWO72IQ', 5, 'Fiat 126p'),
('XLU58QG', 4, 'Toyota Auris'),
('JRR42VR', 2, 'Daewoo Leganza'),
('AIX82IC', 6, 'Volkswagen Golf'),
('QRJ45JR', 5, 'Mercedes-Benz Citan'),
('UFW11FU', 3, 'Lexus CT'),
('QTZ03AY', 3, 'Toyota Avensis'),
('NCN43WH', 4, 'Kia Sportage'),
('LUO12IA', 4, 'Opel Insignia'),
('JAA33HN', 6, 'Fiat Punto'),
('USN55WC', 5, 'Mitsubishi Lancer'),
('PKG02DV', 8, 'Audi A4'),
('GCU96VZ', 2, 'Subaru XT76'),
('BUA26RB', 3, 'Volkswagen Passat'),
('JWA57QO', 4, 'Fiat Ducato'),
('SFU71WI', 1, 'Toyota Yaris'),
('CIU79OB', 5, 'Subaru XT76'),
('KRB99UB', 6, 'Kawasaki VN1500'),
('UBC36FH', 4, 'Fiat 126p'),
('SXL34PR', 3, 'Volkswagen Golf'),
('PCN69YZ', 5, 'Mercedes-Benz Viano'),
('PFG34JB', 7, 'Audi A4'),
('JRR04PF', 2, 'Mitsubishi 500'),
('QBJ74PL', 5, 'Kia K9'),
('OPG45ID', 2, 'Mitsubishi Colt'),
('WIK14EZ', 8, 'Toyota Mark x'),
('EUM85ZJ', 3, 'Mercedes-Benz Actros MP4'),
('YZC64DJ', 1, NULL),
('GZO00TP', 1, 'Peugeot 404'),
('AYN79EV', 7, 'Lamborghini Espada'),
('WSO76BP', 1, 'Dodge Durango'),
('DIW60GU', 4, 'Toyota Starlet'),
('RWW94RX', 6, 'Kawasaki VN700'),
('NXH69ML', 3, 'Daewoo Matiz'),
('YTS03BI', 2, 'Opel Olympia'),
('XSM89BH', 5, 'Toyota Supra'),
('XFD31HE', 4, 'Peugeot 2008'),
('OEM26BA', 2, 'Lamborghini Gallardo'),
('BXK58JA', 4, 'Volkswagen Passat'),
('ALU10OI', 8, 'Opel Astra'),
('MYO02JQ', 3, 'Lexus CT'),
('REV71IW', 2, 'Daewoo Leganza'),
('PWO02QL', 2, 'Toyota Avensis'),
('KTK03QT', 8, 'Suzuki Swift'),
('KUL77SW', 4, 'Kia Cee''d'),
('TSN88QQ', 7, 'Fiat Seicento'),
('ALC01AE', 7, 'Toyota Auris'),
('LTN74SB', 3, NULL),
('PLI20OH', 3, 'Mercedes-Benz Citan'),
('SWF22MM', 7, 'Kia Sportage'),
('ENS96FV', 1, 'Opel Insignia'),
('KLK85YJ', 8, 'Audi A3'),
('AGB28CO', 8, 'Nissan Almera'),
('QTM99BM', 4, 'Subaru Leone'),
('JDF15CP', 7, 'Fiat Punto'),
('DAH09AN', 2, 'Suzuki Ignis'),
('GIQ44EP', 3, 'Mitsubishi Lancer'),
('CMG25HG', 4, 'Kia Cerato'),
('KGD77BW', 4, 'BMW X7'),
('GMQ57GJ', 3, 'Honda Civic'),
('SPL49YD', 2, 'Fiat Panda'),
('XEU64CZ', 2, 'Chevrolet Lacetti'),
('TAX95BU', 2, 'Toyota Corolla'),
('XPJ08ES', 1, 'Chevrolet Camaro'),
('OFA07GG', 7, 'Kia K9'),
('EBE25FC', 6, 'Kawasaki VN1500'),
('OWG67BY', 8, 'Mercedes-Benz Viano'),
('ISF87CF', 3, 'Daewoo Leganza'),
('XUE16YQ', 4, 'Toyota Avensis'),
('DPZ72TI', 5, 'Mitsubishi Colt'),
('YFM32RM', 5, 'Fiat Punto'),
('XEW99IS', 1, 'Kia Cerato'),
('VRF77TT', 2, 'Suzuki Swift'),
('WMU61ST', 3, 'Audi A4'),
('ZCK52WL', 5, 'Toyota Mark x'),
('BGC37PL', 2, 'Subaru Leone'),
('CYP38GU', 2, 'Lamborghini Espada'),
('UFK91FJ', 1, 'Suzuki Ignis'),
('VRF52CA', 5, 'Fiat Panda'),
('NTS56EA', 3, 'Opel Olympia'),
('EIN28ZB', 2, 'Mercedes-Benz Actros MP4'),
('NJQ92RC', 1, 'Volkswagen Passat'),
('ZQK11QW', 4, 'Audi A3'),
('MUN76RO', 5, 'Nissan Almera'),
('QTV09XC', 4, 'Peugeot 404'),
('UOP53NS', 1, 'Kia Forte'),
('DKR92GE', 1, 'Lamborghini Gallardo'),
('UUB09YD', 1, 'Opel Astra'),
('MJV08GR', 4, 'Subaru Impreza'),
('BLI53FV', 1, 'Kawasaki VN700'),
('UYM63DF', 8, 'BMW X7'),
('COA62LX', 5, 'Lexus CT'),
('IRN46JA', 3, 'Opel Insignia'),
('AAH88TV', 1, 'Mitsubishi Lancer'),
('XOH46EU', 1, 'Honda Civic'),
('VXE06JX', 5, 'Peugeot 2008'),
('ZCN66RQ', 6, 'Chevrolet Lacetti'),
('UWU64KM', 6, 'Toyota Auris'),
('MAF70TH', 7, 'Mercedes-Benz Citan'),
('IBP45WB', 6, 'Suzuki Katana'),
('MKE93RE', 7, 'Subaru XT76'),
('VRZ53ID', 2, 'Toyota Corolla'),
('AOM41TR', 5, 'Fiat Multipla'),
('KDY30CC', 2, 'Chevrolet Camaro'),
('AYA77AE', 3, 'Toyota Yaris'),
('DJG98HT', 6, 'Subaru Exiga Concept'),
('ZXQ93HW', 7, 'Toyota Starlet'),
('XGY64LW', 1, 'Daewoo Matiz'),
('DIA57AJ', 5, 'Fiat 126p'),
('JEH22IC', 7, 'Dodge Viper'),
('MQF07HP', 4, 'Toyota Supra'),
('QQS02GU', 6, 'Volkswagen Golf'),
('CLU38HE', 3, 'MK Dasher B'),
('TWD14FT', 1, 'Mitsubishi 500'),
('HKA21XA', 6, 'Kawasaki VN1500'),
('CBB91PQ', 3, NULL),
('DKB38LR', 1, 'Peugeot 2008'),
('BRD81NQ', 7, 'Daewoo Matiz'),
('GRM74HY', 4, 'Fiat Ducato'),
('ZQL05HU', 2, 'Dodge Durango'),
('JRY07FL', 3, 'Toyota Corolla'),
('OSJ83XC', 3, 'Toyota Supra'),
('OTW68WA', 8, 'Lamborghini Gallardo'),
('WAZ40MX', 6, 'Opel Astra'),
('JHU57CL', 2, 'Kia Cee''d'),
('VHY21PN', 4, 'Daewoo Leganza'),
('GDB82SI', 8, 'Chevrolet Camaro'),
('YZF38FM', 1, 'Fiat 126p'),
('FDY26TK', 6, 'Lexus CT'),
('PPQ27BL', 3, 'Opel Insignia'),
('NHA49AB', 2, 'Toyota Avensis'),
('EBY07EV', 6, 'Toyota Auris'),
('PEV39CJ', 5, 'Mercedes-Benz Citan'),
('UIO59RA', 4, 'Toyota Yaris'),
('WPL39AD', 6, 'Mercedes-Benz Viano'),
('TKB49ER', 4, 'Suzuki Swift'),
('LJP78GJ', 2, 'Volkswagen Golf'),
('ZFL84MG', 8, 'Audi A4'),
('ZNT84GK', 5, 'Subaru Leone'),
('GFN51YJ', 2, 'Volkswagen Passat'),
('KAR37UH', 6, 'Mitsubishi Lancer'),
('DEO27OA', 7, 'Fiat Seicento'),
('HAA90PD', 3, 'Kia Sportage'),
('TDT98NU', 4, 'Toyota Mark x'),
('NTY86EF', 7, 'Subaru XT76'),
('ICL53XJ', 2, 'Mitsubishi 500'),
('TVV31RF', 7, 'Suzuki Ignis'),
('KKS52GG', 4, 'Mercedes-Benz Actros MP4'),
('DQQ26BM', 5, 'Fiat Punto'),
('RFO40ZW', 8, 'Peugeot 404'),
('PPI62SG', 5, 'Kia Cerato'),
('QFZ01IJ', 4, 'Subaru Impreza'),
('LER62RX', 7, 'Kawasaki VN700'),
('FYW64VT', 8, 'Kia K9'),
('NNR55IV', 8, 'Audi A3'),
('AFJ14JJ', 3, 'Nissan Almera'),
('QEL90PW', 8, 'BMW X7'),
('WCB28SM', 8, 'Mitsubishi Colt'),
('ZSE15BM', 3, 'Lamborghini Espada'),
('YYS23QV', 1, 'Opel Olympia'),
('SUC47AT', 2, 'Fiat Panda'),
('VMH82DR', 2, 'Kia Forte'),
('GCH78BZ', 2, 'Suzuki Katana'),
('OUT16MW', 1, 'Honda Civic'),
('EXO51KP', 1, 'Mercedes-Benz Viano'),
('PSI96HU', 4, 'Audi A4'),
('DIN67BZ', 1, 'Toyota Mark x'),
('VUL63XR', 2, 'Volkswagen Passat'),
('RDP55FA', 6, 'Fiat Panda'),
('LCS69DE', 7, 'Subaru Leone'),
('JCF29YC', 8, 'Mercedes-Benz Actros MP4'),
('IPX04EF', 6, 'Kia Forte'),
('ONU93PQ', 7, 'Kia K9'),
('WJC67AM', 1, 'Fiat Multipla'),
('MAD06KL', 6, 'Suzuki Ignis'),
('XPO21UU', 7, 'Subaru Impreza'),
('IWU79UX', 4, NULL),
('CBL74KX', 5, 'Peugeot 404'),
('IUN69TF', 4, 'Mitsubishi Colt'),
('LRS38FW', 1, 'Lamborghini Espada'),
('NCM12HM', 6, 'Opel Olympia'),
('TCC22BG', 1, 'Kawasaki VN700'),
('WHZ68US', 2, 'Dodge Viper'),
('GXZ29YX', 4, 'Audi A3'),
('NQW27ND', 8, 'Suzuki Katana'),
('PWP78LZ', 3, 'Subaru Exiga Concept'),
('FGC02IX', 2, 'Fiat Ducato'),
('PVW35SL', 1, 'Lamborghini Gallardo'),
('SGP50EG', 2, 'Kawasaki VN1500'),
('OQG44PB', 2, 'Nissan Almera'),
('QQL31GA', 4, 'Dodge Durango'),
('TLP89DI', 1, 'Kia Cee''d'),
('YGK66RQ', 8, 'Opel Astra'),
('WNU61DL', 1, 'Peugeot 2008'),
('VTZ42GZ', 4, 'Toyota Auris'),
('KWH48TZ', 6, 'BMW X7'),
('RUL00OK', 6, 'Honda Civic'),
('DKB35EG', 4, 'Fiat Seicento'),
('IEM11QG', 5, 'Chevrolet Lacetti'),
('HIC69XN', 4, 'Lexus CT'),
('VVR94UT', 4, 'Kia Sportage'),
('XCE10DU', 6, 'Aston Martin GT420'),
('VFL27FT', 1, 'Toyota Corolla'),
('ENK04XM', 4, 'Chevrolet Camaro'),
('ZGC09MS', 5, 'Fiat 126p'),
('JJZ70WY', 1, 'Opel Insignia'),
('NUQ55AA', 4, 'Mercedes-Benz Citan'),
('WBL41BW', 2, 'Toyota Starlet'),
('DKR43QI', 6, 'Fiat Punto'),
('GXF37YH', 4, 'Daewoo Matiz'),
('ZNN63SF', 5, 'Toyota Supra'),
('MRF13KP', 6, 'Mitsubishi Lancer'),
('XBO04YY', 3, 'Kia Cerato'),
('BGY96DG', 5, 'Toyota Yaris');



INSERT INTO pobyty(id, godzina_rozpoczecia, godzina_zakonczenia, należność, konta_id, wjazdowe_bramki_id, wyjazdowe_bramki_id, selektor, pojazdy_rejestracja) VALUES
(1, '2020-06-11 00:58:57', '2020-06-11 02:30:49.643197', NULL, NULL, 2, NULL, 'z_parkowaniem', 'LRS38FW'),
(2, '2020-06-04 21:04:26', '2020-06-05 00:40:28.281133', NULL, NULL, 75, NULL, 'bez_parkowania', 'CNF85SX'),
(3, '2020-01-01 00:00:42', '2020-01-01 02:37:18.157305', NULL, NULL, 46, NULL, 'z_parkowaniem', 'DAH09AN'),
(4, '2020-06-09 23:15:58', NULL, NULL, 2, 99, NULL, 'bez_parkowania', 'WNU61DL'),
(5, '2020-03-22 04:45:08', '2020-03-22 08:00:08.652356', NULL, 120, 88, NULL, 'bez_parkowania', 'UFK91FJ'),
(6, '2020-03-21 09:46:36', '2020-03-21 11:34:14.648771', NULL, 200, 77, NULL, 'z_parkowaniem', 'WSO76BP'),
(7, '2020-05-06 04:26:12', '2020-05-06 08:26:00.002782', NULL, NULL, 57, NULL, 'bez_parkowania', 'BGC37PL'),
(8, '2020-01-01 23:39:16', '2020-01-02 02:16:45.674766', NULL, NULL, 68, NULL, 'z_parkowaniem', 'AAH88TV'),
(9, '2020-03-09 09:18:14', '2020-03-09 11:11:11.520504', NULL, 248, 13, NULL, 'z_parkowaniem', 'CYP38GU'),
(10, '2020-06-06 07:42:10', '2020-06-06 09:05:03.032053', NULL, 43, 4, NULL, 'bez_parkowania', 'PVW35SL'),
(11, '2020-04-14 04:36:12', '2020-04-14 07:37:14.76462', NULL, NULL, 15, NULL, 'bez_parkowania', 'UOP53NS'),
(12, '2020-03-06 14:28:47', '2020-03-06 16:26:07.032557', NULL, 8, 97, NULL, 'z_parkowaniem', 'NJE60PO'),
(13, '2020-01-10 18:18:13', '2020-01-10 22:28:18.559204', NULL, 57, 44, NULL, 'bez_parkowania', 'XEW99IS'),
(14, '2020-05-12 23:41:47', '2020-05-13 00:27:45.671772', NULL, 125, 80, NULL, 'z_parkowaniem', 'ENS96FV'),
(15, '2020-05-20 01:55:21', '2020-05-20 03:55:41.022311', NULL, NULL, 69, NULL, 'z_parkowaniem', 'UUB09YD'),
(16, '2020-01-31 16:08:01', '2020-01-31 16:49:31.880851', NULL, 10, 82, NULL, 'bez_parkowania', 'TCC22BG'),
(17, '2020-01-01 00:02:43', '2020-01-01 02:11:24.423745', NULL, NULL, 93, NULL, 'bez_parkowania', 'BIC20XX'),
(18, '2020-01-01 00:04:28', '2020-01-01 01:06:35.131192', NULL, NULL, 71, NULL, 'z_parkowaniem', 'BLI53FV'),
(19, '2020-03-26 20:08:47', '2020-03-26 20:52:52.856866', NULL, 46, 47, NULL, 'z_parkowaniem', 'RBZ27PY'),
(20, '2020-05-26 12:27:13', '2020-05-26 15:11:44.124367', NULL, 165, 5, NULL, 'bez_parkowania', 'NJQ92RC'),
(21, '2020-03-02 19:30:08', '2020-03-02 20:41:16.552027', NULL, 166, 18, NULL, 'z_parkowaniem', 'EXO51KP'),
(22, '2020-01-01 00:01:03', '2020-01-01 00:03:23.891464', NULL, 197, 84, NULL, 'bez_parkowania', 'RSX32UZ'),
(23, '2020-04-07 08:19:48', '2020-04-07 09:12:29.714097', NULL, 89, 60, NULL, 'z_parkowaniem', 'YZC64DJ'),
(24, '2020-05-07 22:02:36', '2020-05-08 02:16:43.790808', NULL, 115, 34, NULL, 'bez_parkowania', 'VFL27FT'),
(25, '2020-02-14 03:55:45', '2020-02-14 05:19:41.029716', NULL, NULL, 23, NULL, 'bez_parkowania', 'AWP78EM'),
(26, '2020-01-01 00:02:04', '2020-01-01 00:07:56.27761', NULL, 47, 49, NULL, 'z_parkowaniem', 'OTD32ED'),
(27, '2020-01-01 00:00:09', '2020-01-01 01:56:39.524367', NULL, 24, 35, NULL, 'bez_parkowania', 'SFU71WI'),
(28, '2020-02-29 20:41:09', '2020-03-01 00:06:29.338661', NULL, 208, 73, NULL, 'z_parkowaniem', 'TLP89DI'),
(29, '2020-05-14 14:33:34', '2020-05-14 18:05:40.213199', NULL, NULL, 89, NULL, 'z_parkowaniem', 'WJC67AM'),
(30, '2020-04-01 09:47:41', '2020-04-01 12:31:58.235165', NULL, 230, 25, NULL, 'bez_parkowania', 'OUT16MW'),
(31, '2020-01-10 15:49:49', '2020-01-10 16:05:12.129108', NULL, 48, 61, NULL, 'z_parkowaniem', 'CBI92LA'),
(32, '2020-01-01 00:01:09', '2020-01-01 01:57:14.128371', NULL, 164, 37, NULL, 'bez_parkowania', 'XOH46EU'),
(33, '2020-01-01 00:06:01', '2020-01-01 03:01:03.683043', NULL, 222, 28, NULL, 'bez_parkowania', 'GLI63LF'),
(34, '2020-04-22 08:03:32', '2020-04-22 08:47:50.675991', NULL, 164, 40, NULL, 'z_parkowaniem', 'YZF38FM'),
(35, '2020-01-01 00:34:13', '2020-01-01 02:14:39.393941', NULL, NULL, 95, NULL, 'z_parkowaniem', 'TWD14FT'),
(36, '2020-01-01 01:20:39', '2020-01-01 05:17:45.143806', NULL, 30, 51, NULL, 'bez_parkowania', 'JJZ70WY'),
(37, '2020-02-23 02:46:27', '2020-02-23 05:52:43.373159', NULL, 49, 64, NULL, 'z_parkowaniem', 'XPJ08ES'),
(38, '2020-06-01 08:29:35', '2020-06-01 11:58:15.018338', NULL, 6, 54, NULL, 'bez_parkowania', 'PFI20MD'),
(39, '2020-03-19 05:07:33', '2020-03-19 08:16:03.238336', NULL, NULL, 86, NULL, 'bez_parkowania', 'DIN67BZ'),
(40, '2020-01-14 21:35:01', '2020-01-15 01:23:34.407404', NULL, NULL, 30, NULL, 'z_parkowaniem', 'ZRJ35DN'),
(41, '2020-03-20 22:43:51', '2020-03-21 02:12:34.328607', NULL, 101, 42, NULL, 'bez_parkowania', 'GZO00TP'),
(42, '2020-02-26 17:09:54', '2020-02-26 20:30:42.073294', NULL, 55, 91, NULL, 'z_parkowaniem', 'XSS65WE'),
(43, '2020-01-06 00:55:19', '2020-01-06 01:05:28.10211', NULL, 113, 8, NULL, 'bez_parkowania', 'ZVY24IC'),
(44, '2020-03-02 07:38:26', '2020-03-02 09:33:55.363941', NULL, 180, 20, NULL, 'z_parkowaniem', 'YWC89AI'),
(45, '2020-01-01 00:38:48', '2020-01-01 02:05:51.420096', NULL, 32, 66, NULL, 'bez_parkowania', 'DKB38LR'),
(46, '2020-02-12 20:46:50', '2020-02-12 23:11:50.998669', NULL, NULL, 32, NULL, 'z_parkowaniem', 'HPQ82KV'),
(47, '2020-05-18 11:23:45', '2020-05-18 15:24:57.226397', NULL, 170, 55, NULL, 'z_parkowaniem', 'DKR92GE'),
(48, '2020-04-08 04:52:33', '2020-04-08 06:58:21.402233', NULL, 174, 9, NULL, 'bez_parkowania', 'ACC86KW'),
(49, '2020-01-01 01:45:58', '2020-01-01 02:13:18.129726', NULL, 5, 21, NULL, 'bez_parkowania', 'YYS23QV'),
(50, '2020-01-01 02:30:40', '2020-01-01 03:39:32.443721', NULL, 20, 12, NULL, 'z_parkowaniem', 'XGY64LW'),
(51, '2020-01-01 00:00:05', '2020-01-01 00:43:01.209531', NULL, NULL, 89, NULL, 'z_parkowaniem', 'DAH09AN'),
(52, '2020-01-01 00:00:09', '2020-01-01 04:11:44.828956', NULL, 50, 99, NULL, 'bez_parkowania', 'PVW35SL'),
(53, '2020-02-26 23:26:58', '2020-02-27 01:10:20.045627', NULL, 189, 80, NULL, 'bez_parkowania', 'NJE60PO'),
(54, '2020-05-23 09:38:24', '2020-05-23 09:57:37.549809', NULL, 7, 34, NULL, 'z_parkowaniem', 'CYP38GU'),
(55, '2020-01-01 00:00:44', NULL, NULL, 213, 15, NULL, 'bez_parkowania', 'RBZ27PY'),
(56, '2020-02-23 07:58:52', '2020-02-23 10:09:45.066922', NULL, NULL, 60, NULL, 'z_parkowaniem', 'NJQ92RC'),
(57, '2020-05-14 02:04:46', '2020-05-14 02:49:52.510562', NULL, NULL, 5, NULL, 'bez_parkowania', 'BIC20XX'),
(58, '2020-06-02 01:24:36', '2020-06-02 04:55:38.958796', NULL, NULL, 18, NULL, 'z_parkowaniem', 'AAH88TV'),
(59, '2020-01-01 00:01:28', '2020-01-01 03:27:48.935858', NULL, 124, 8, NULL, 'z_parkowaniem', 'AWP78EM'),
(60, '2020-01-01 00:39:00', '2020-01-01 00:41:48.696232', NULL, NULL, 23, NULL, 'bez_parkowania', 'ENS96FV'),
(61, '2020-05-18 23:11:07', '2020-05-19 00:38:29.811939', NULL, 121, 69, NULL, 'bez_parkowania', 'VFL27FT'),
(62, '2020-03-21 22:42:14', '2020-03-22 02:56:00.251325', NULL, NULL, 35, NULL, 'z_parkowaniem', 'RSX32UZ'),
(63, '2020-02-21 22:42:24', '2020-02-22 02:47:11.478043', NULL, NULL, 20, NULL, 'z_parkowaniem', 'TLP89DI'),
(64, '2020-03-10 03:50:51', '2020-03-10 07:20:06.228741', NULL, 206, 82, NULL, 'bez_parkowania', 'OTD32ED'),
(65, '2020-04-22 11:16:44', '2020-04-22 11:29:59.283699', NULL, NULL, 95, NULL, 'bez_parkowania', 'CNF85SX'),
(66, '2020-05-22 06:44:48', '2020-05-22 10:06:05.624182', NULL, 7, 91, NULL, 'z_parkowaniem', 'BGC37PL'),
(67, '2020-01-10 21:04:17', '2020-01-10 22:06:37.203363', NULL, 26, 71, NULL, 'z_parkowaniem', 'XSS65WE'),
(68, '2020-01-01 00:00:52', '2020-01-01 02:11:08.67889', NULL, 7, 9, NULL, 'bez_parkowania', 'ZVY24IC'),
(69, '2020-01-16 23:29:46', '2020-01-17 03:07:48.806181', NULL, 114, 97, NULL, 'z_parkowaniem', 'SFU71WI'),
(70, '2020-01-01 00:00:07', '2020-01-01 02:41:33.017236', NULL, 169, 21, NULL, 'bez_parkowania', 'BLI53FV'),
(71, '2020-01-01 00:00:04', '2020-01-01 00:02:23.755106', NULL, NULL, 49, NULL, 'z_parkowaniem', 'OUT16MW'),
(72, '2020-05-17 05:09:25', '2020-05-17 05:21:27.803532', NULL, 142, 61, NULL, 'bez_parkowania', 'EXO51KP'),
(73, '2020-05-07 00:26:18', '2020-05-07 00:34:36.166289', NULL, NULL, 25, NULL, 'z_parkowaniem', 'JJZ70WY'),
(74, '2020-01-01 01:19:55', '2020-01-01 02:01:59.038452', NULL, NULL, 93, NULL, 'bez_parkowania', 'YWC89AI'),
(75, '2020-01-01 00:15:21', '2020-01-01 04:33:32.151947', NULL, 35, 84, NULL, 'bez_parkowania', 'PFI20MD'),
(76, '2020-06-02 01:16:28', '2020-06-02 03:56:38.4727', NULL, NULL, 37, NULL, 'z_parkowaniem', 'WJC67AM'),
(77, '2020-01-01 00:05:17', '2020-01-01 01:42:33.838813', NULL, 50, 12, NULL, 'z_parkowaniem', 'LRS38FW'),
(78, '2020-01-01 00:00:02', '2020-01-01 00:15:39.294509', NULL, 160, 28, NULL, 'bez_parkowania', 'TWD14FT'),
(79, '2020-01-01 00:00:08', '2020-01-01 00:39:13.290441', NULL, 147, 73, NULL, 'bez_parkowania', 'ACC86KW'),
(80, '2020-05-04 03:33:00', '2020-05-04 06:47:40.253704', NULL, 233, 51, NULL, 'z_parkowaniem', 'WNU61DL'),
(81, '2020-06-02 12:41:32', '2020-06-02 13:41:37.481201', NULL, NULL, 86, NULL, 'z_parkowaniem', 'YYS23QV'),
(82, '2020-02-20 01:40:58', '2020-02-20 04:10:33.695664', NULL, 92, 75, NULL, 'bez_parkowania', 'XGY64LW'),
(83, '2020-01-01 00:03:40', '2020-01-01 01:27:34.862069', NULL, 2, 40, NULL, 'z_parkowaniem', 'UFK91FJ'),
(84, '2020-05-10 01:42:37', '2020-05-10 02:14:25.284541', NULL, NULL, 30, NULL, 'bez_parkowania', 'YZC64DJ'),
(85, '2020-01-01 00:14:37', '2020-01-01 02:35:07.178639', NULL, 31, 2, NULL, 'bez_parkowania', 'CBI92LA'),
(86, '2020-01-01 01:56:59', '2020-01-01 04:35:51.433428', NULL, 57, 88, NULL, 'z_parkowaniem', 'GLI63LF'),
(87, '2020-05-19 20:42:40', '2020-05-20 00:24:46.913118', NULL, 200, 77, NULL, 'z_parkowaniem', 'XOH46EU'),
(88, '2020-04-08 10:12:54', '2020-04-08 14:02:39.594327', NULL, 70, 68, NULL, 'bez_parkowania', 'YZF38FM'),
(89, '2020-06-05 20:39:56', '2020-06-05 22:19:24.46515', NULL, 37, 42, NULL, 'z_parkowaniem', 'XPJ08ES'),
(90, '2020-06-07 02:27:19', '2020-06-07 03:38:22.30993', NULL, NULL, 64, NULL, 'bez_parkowania', 'DIN67BZ'),
(91, '2020-01-01 00:00:03', '2020-01-01 02:55:36.276253', NULL, 9, 32, NULL, 'bez_parkowania', 'WSO76BP'),
(92, '2020-03-12 11:36:23', '2020-03-12 15:34:30.887788', NULL, 114, 44, NULL, 'z_parkowaniem', 'ZRJ35DN'),
(93, '2020-01-01 00:00:05', '2020-01-01 04:04:55.866493', NULL, 219, 13, NULL, 'z_parkowaniem', 'UOP53NS'),
(94, '2020-01-01 00:05:15', '2020-01-01 02:58:00.916525', NULL, 11, 54, NULL, 'bez_parkowania', 'XEW99IS'),
(95, '2020-03-22 13:45:26', '2020-03-22 17:07:38.340951', NULL, 1, 4, NULL, 'bez_parkowania', 'UUB09YD'),
(96, '2020-01-01 00:03:15', '2020-01-01 01:14:27.376871', NULL, 11, 66, NULL, 'z_parkowaniem', 'TCC22BG'),
(97, '2020-03-02 08:28:28', '2020-03-02 09:42:13.53294', NULL, 3, 55, NULL, 'z_parkowaniem', 'GZO00TP'),
(98, '2020-03-26 13:43:42', '2020-03-26 16:52:50.061206', NULL, 144, 46, NULL, 'bez_parkowania', 'DKB38LR'),
(99, '2020-01-18 03:25:33', '2020-01-18 06:19:43.81295', NULL, 154, 57, NULL, 'bez_parkowania', 'HPQ82KV'),
(100, '2020-01-01 00:00:06', '2020-01-01 00:34:39.784081', NULL, 184, 47, NULL, 'z_parkowaniem', 'DKR92GE');


INSERT INTO pobyty(id, godzina_rozpoczecia, godzina_zakonczenia, należność, konta_id, wjazdowe_bramki_id, wyjazdowe_bramki_id, selektor, pojazdy_rejestracja) VALUES
(101, '2020-01-21 17:22:27', '2020-01-21 19:05:04.840056', NULL, 67, 99, NULL, 'z_parkowaniem', 'XEW99IS'),
(102, '2020-02-17 12:06:41', '2020-02-17 12:46:46.65218', NULL, NULL, 93, NULL, 'bez_parkowania', 'YZC64DJ'),
(103, '2020-01-01 00:04:20', '2020-01-01 03:03:45.310285', NULL, NULL, 89, NULL, 'bez_parkowania', 'DKR92GE'),
(104, '2020-01-01 00:30:55', '2020-01-01 00:40:53.389818', NULL, NULL, 18, NULL, 'z_parkowaniem', 'PFI20MD'),
(105, '2020-01-29 20:21:47', '2020-01-29 23:23:50.406869', NULL, 237, 55, NULL, 'bez_parkowania', 'BGC37PL'),
(106, '2020-05-31 05:53:58', '2020-05-31 09:31:46.304489', NULL, 235, 37, NULL, 'z_parkowaniem', 'XOH46EU'),
(107, '2020-01-01 00:00:06', '2020-01-01 03:53:33.183364', NULL, 140, 46, NULL, 'z_parkowaniem', 'LRS38FW'),
(108, '2020-04-15 00:29:50', '2020-04-15 04:45:02.026283', NULL, NULL, 28, NULL, 'bez_parkowania', 'AAH88TV'),
(109, '2020-01-23 22:27:00', NULL, NULL, NULL, 57, NULL, 'z_parkowaniem', 'PVW35SL'),
(110, '2020-01-01 00:00:53', '2020-01-01 01:28:01.323799', NULL, 14, 8, NULL, 'bez_parkowania', 'CYP38GU'),
(111, '2020-05-20 00:04:38', '2020-05-20 02:55:26.565245', NULL, 128, 40, NULL, 'bez_parkowania', 'YZF38FM'),
(112, '2020-05-16 18:10:47', '2020-05-16 21:32:25.623347', NULL, 92, 30, NULL, 'z_parkowaniem', 'XPJ08ES'),
(113, '2020-02-20 09:32:40', '2020-02-20 11:08:21.599849', NULL, NULL, 84, NULL, 'bez_parkowania', 'BIC20XX'),
(114, '2020-05-10 11:04:20', '2020-05-10 12:01:50.450188', NULL, 18, 95, NULL, 'z_parkowaniem', 'UUB09YD'),
(115, '2020-05-11 08:23:10', '2020-05-11 09:01:10.878966', NULL, NULL, 73, NULL, 'bez_parkowania', 'AWP78EM'),
(116, '2020-01-01 00:00:38', '2020-01-01 01:50:11.945678', NULL, 3, 47, NULL, 'z_parkowaniem', 'ENS96FV'),
(117, '2020-05-19 05:22:29', '2020-05-19 06:29:41.83218', NULL, 16, 60, NULL, 'z_parkowaniem', 'TCC22BG'),
(118, '2020-01-01 00:01:13', '2020-01-01 00:55:49.834818', NULL, NULL, 49, NULL, 'bez_parkowania', 'NJE60PO'),
(119, '2020-01-01 00:00:05', '2020-01-01 03:06:44.402816', NULL, NULL, 61, NULL, 'bez_parkowania', 'CNF85SX'),
(120, '2020-01-01 00:11:32', '2020-01-01 02:49:15.581127', NULL, 123, 42, NULL, 'z_parkowaniem', 'VFL27FT'),
(121, '2020-01-01 00:00:07', '2020-01-01 01:13:41.23669', NULL, 116, 91, NULL, 'bez_parkowania', 'BLI53FV'),
(122, '2020-04-25 01:49:16', '2020-04-25 02:09:31.788896', NULL, 81, 86, NULL, 'z_parkowaniem', 'EXO51KP'),
(123, '2020-01-01 00:00:07', '2020-01-01 02:49:29.352868', NULL, NULL, 51, NULL, 'bez_parkowania', 'RBZ27PY'),
(124, '2020-04-02 03:47:07', '2020-04-02 07:55:15.732426', NULL, NULL, 97, NULL, 'z_parkowaniem', 'NJQ92RC'),
(125, '2020-05-27 14:35:47', '2020-05-27 15:03:01.692378', NULL, 26, 20, NULL, 'z_parkowaniem', 'CBI92LA'),
(126, '2020-02-21 13:55:09', '2020-02-21 14:49:07.108914', NULL, NULL, 75, NULL, 'bez_parkowania', 'TLP89DI'),
(127, '2020-01-01 00:00:33', '2020-01-01 00:46:57.706317', NULL, NULL, 32, NULL, 'z_parkowaniem', 'WJC67AM'),
(128, '2020-05-10 14:01:20', '2020-05-10 15:38:20.202529', NULL, NULL, 9, NULL, 'bez_parkowania', 'TWD14FT'),
(129, '2020-01-01 00:00:10', '2020-01-01 02:24:49.826309', NULL, 120, 88, NULL, 'bez_parkowania', 'RSX32UZ'),
(130, '2020-01-01 01:02:52', '2020-01-01 03:43:43.343963', NULL, 226, 64, NULL, 'z_parkowaniem', 'OTD32ED'),
(131, '2020-06-06 14:16:03', '2020-06-06 16:10:53.601599', NULL, 77, 44, NULL, 'bez_parkowania', 'ZRJ35DN'),
(132, '2020-04-22 06:51:57', '2020-04-22 07:03:05.316263', NULL, 233, 21, NULL, 'z_parkowaniem', 'GLI63LF'),
(133, '2020-05-16 01:35:48', '2020-05-16 04:11:26.47611', NULL, NULL, 54, NULL, 'z_parkowaniem', 'WNU61DL'),
(134, '2020-04-07 09:29:41', '2020-04-07 12:08:16.015417', NULL, 20, 34, NULL, 'bez_parkowania', 'SFU71WI'),
(135, '2020-03-10 22:29:30', '2020-03-11 00:40:33.482514', NULL, 1, 66, NULL, 'bez_parkowania', 'XSS65WE'),
(136, '2020-01-23 02:37:23', '2020-01-23 04:04:53.688134', NULL, 41, 12, NULL, 'z_parkowaniem', 'DIN67BZ'),
(137, '2020-04-08 05:23:55', '2020-04-08 05:43:15.743161', NULL, 157, 77, NULL, 'z_parkowaniem', 'DAH09AN'),
(138, '2020-05-01 21:22:44', '2020-05-02 01:29:26.683174', NULL, 135, 23, NULL, 'bez_parkowania', 'ZVY24IC'),
(139, '2020-01-05 01:23:02', '2020-01-05 05:27:57.762128', NULL, 196, 35, NULL, 'z_parkowaniem', 'OUT16MW'),
(140, '2020-05-28 00:33:40', '2020-05-28 04:52:00.453607', NULL, 82, 68, NULL, 'bez_parkowania', 'YWC89AI'),
(141, '2020-05-15 17:31:11', '2020-05-15 20:28:29.894807', NULL, 98, 80, NULL, 'z_parkowaniem', 'JJZ70WY'),
(142, '2020-02-11 17:29:32', '2020-02-11 19:50:07.683077', NULL, 240, 25, NULL, 'bez_parkowania', 'ACC86KW'),
(143, '2020-01-07 00:01:23', '2020-01-07 03:10:53.94302', NULL, 87, 2, NULL, 'z_parkowaniem', 'YYS23QV'),
(144, '2020-04-23 21:16:57', '2020-04-23 23:31:43.314744', NULL, 234, 13, NULL, 'bez_parkowania', 'UFK91FJ'),
(145, '2020-03-11 07:09:55', '2020-03-11 07:51:25.747445', NULL, 62, 69, NULL, 'bez_parkowania', 'GZO00TP'),
(146, '2020-03-13 00:05:40', '2020-03-13 03:25:33.66232', NULL, 192, 4, NULL, 'z_parkowaniem', 'DKB38LR'),
(147, '2020-01-01 00:00:09', '2020-01-01 03:11:05.973137', NULL, 206, 15, NULL, 'bez_parkowania', 'XGY64LW'),
(148, '2020-04-08 01:08:00', '2020-04-08 03:30:09.453564', NULL, 241, 5, NULL, 'z_parkowaniem', 'HPQ82KV'),
(149, '2020-05-12 09:10:00', '2020-05-12 09:21:51.924279', NULL, 196, 82, NULL, 'bez_parkowania', 'WSO76BP'),
(150, '2020-01-01 00:00:03', '2020-01-01 00:28:02.523381', NULL, 90, 71, NULL, 'z_parkowaniem', 'UOP53NS');

INSERT INTO pobyty(id, godzina_rozpoczecia, godzina_zakonczenia, należność, konta_id, wjazdowe_bramki_id, wyjazdowe_bramki_id, selektor, pojazdy_rejestracja) VALUES
(151, '2020-01-28 06:30:22', '2020-01-28 10:15:59.628931', NULL, 156, 21, NULL, 'bez_parkowania', 'DIN67BZ'),
(152, '2020-05-10 05:36:41', '2020-05-10 08:20:00.625363', NULL, NULL, 28, NULL, 'z_parkowaniem', 'DAH09AN'),
(153, '2020-01-29 07:38:30', '2020-01-29 09:45:50.869383', NULL, 68, 55, NULL, 'z_parkowaniem', 'YWC89AI'),
(154, '2020-01-01 00:01:39', NULL, NULL, 67, 46, NULL, 'bez_parkowania', 'ACC86KW'),
(155, '2020-01-01 00:00:10', '2020-01-01 02:17:02.376003', NULL, NULL, 40, NULL, 'z_parkowaniem', 'GZO00TP'),
(156, '2020-01-01 00:00:04', '2020-01-01 03:04:04.0811', NULL, 31, 57, NULL, 'bez_parkowania', 'DKB38LR'),
(157, '2020-01-31 07:48:52', '2020-01-31 12:01:48.660684', NULL, 171, 30, NULL, 'bez_parkowania', 'UFK91FJ'),
(158, '2020-03-01 18:40:04', '2020-03-01 22:30:13.468456', NULL, NULL, 47, NULL, 'z_parkowaniem', 'YYS23QV'),
(159, '2020-03-24 00:26:22', '2020-03-24 03:12:51.681084', NULL, 2, 68, NULL, 'bez_parkowania', 'CYP38GU'),
(160, '2020-05-05 00:34:22', '2020-05-05 04:45:22.999029', NULL, 18, 42, NULL, 'z_parkowaniem', 'NJE60PO'),
(161, '2020-01-19 08:19:51', '2020-01-19 12:32:12.658978', NULL, NULL, 80, NULL, 'z_parkowaniem', 'XGY64LW'),
(162, '2020-01-01 00:15:17', '2020-01-01 03:24:04.289848', NULL, 83, 69, NULL, 'bez_parkowania', 'RBZ27PY'),
(163, '2020-01-01 00:00:06', '2020-01-01 02:20:48.302406', NULL, NULL, 32, NULL, 'z_parkowaniem', 'HPQ82KV'),
(164, '2020-05-28 17:26:12', '2020-05-28 19:14:37.632491', NULL, NULL, 91, NULL, 'bez_parkowania', 'DKR92GE'),
(165, '2020-01-01 00:00:31', '2020-01-01 02:06:33.539163', NULL, NULL, 44, NULL, 'bez_parkowania', 'AAH88TV'),
(166, '2020-01-27 14:53:22', '2020-01-27 18:06:27.443759', NULL, NULL, 60, NULL, 'z_parkowaniem', 'NJQ92RC'),
(167, '2020-05-30 07:48:08', '2020-05-30 10:49:13.916905', NULL, NULL, 97, NULL, 'z_parkowaniem', 'ENS96FV'),
(168, '2020-04-09 21:00:18', '2020-04-09 21:42:40.881562', NULL, 58, 93, NULL, 'bez_parkowania', 'WSO76BP'),
(169, '2020-02-26 21:14:12', '2020-02-27 00:29:26.910745', NULL, NULL, 89, NULL, 'z_parkowaniem', 'YZC64DJ'),
(170, '2020-01-23 04:02:18', '2020-01-23 06:29:36.982734', NULL, 99, 12, NULL, 'bez_parkowania', 'RSX32UZ'),
(171, '2020-01-01 00:00:24', '2020-01-01 02:59:00.98511', NULL, 1, 82, NULL, 'bez_parkowania', 'BIC20XX'),
(172, '2020-03-31 12:55:21', '2020-03-31 15:39:52.545397', NULL, 37, 49, NULL, 'z_parkowaniem', 'UOP53NS'),
(173, '2020-03-23 11:59:49', '2020-03-23 12:34:01.712892', NULL, 75, 71, NULL, 'z_parkowaniem', 'XEW99IS'),
(174, '2020-03-20 01:27:42', '2020-03-20 02:34:13.949974', NULL, 47, 84, NULL, 'bez_parkowania', 'XOH46EU'),
(175, '2020-06-03 09:40:47', '2020-06-03 13:25:48.629915', NULL, 103, 61, NULL, 'bez_parkowania', 'UUB09YD'),
(176, '2020-04-28 17:30:40', '2020-04-28 21:27:03.69893', NULL, 130, 73, NULL, 'z_parkowaniem', 'TCC22BG'),
(177, '2020-05-03 22:34:26', '2020-05-04 00:10:21.384443', NULL, NULL, 51, NULL, 'z_parkowaniem', 'OTD32ED'),
(178, '2020-05-01 14:32:19', '2020-05-01 17:04:14.215403', NULL, 222, 34, NULL, 'bez_parkowania', 'SFU71WI'),
(179, '2020-06-02 05:16:35', '2020-06-02 06:24:51.653113', NULL, NULL, 2, NULL, 'bez_parkowania', 'YZF38FM'),
(180, '2020-02-01 13:30:29', '2020-02-01 14:54:55.738698', NULL, 49, 99, NULL, 'z_parkowaniem', 'AWP78EM'),
(181, '2020-05-05 17:29:22', '2020-05-05 20:59:20.579203', NULL, 173, 23, NULL, 'bez_parkowania', 'CNF85SX'),
(182, '2020-03-22 13:22:55', '2020-03-22 15:16:31.000991', NULL, 69, 13, NULL, 'z_parkowaniem', 'XPJ08ES'),
(183, '2020-01-01 00:01:16', '2020-01-01 01:35:35.821704', NULL, 71, 4, NULL, 'z_parkowaniem', 'ZRJ35DN'),
(184, '2020-04-25 18:17:00', '2020-04-25 21:22:07.978533', NULL, NULL, 35, NULL, 'bez_parkowania', 'BLI53FV'),
(185, '2020-01-01 00:15:38', '2020-01-01 03:31:17.081957', NULL, 165, 95, NULL, 'bez_parkowania', 'BGC37PL'),
(186, '2020-03-31 06:05:11', '2020-03-31 06:48:18.600467', NULL, NULL, 86, NULL, 'z_parkowaniem', 'EXO51KP'),
(187, '2020-06-01 18:47:26', '2020-06-01 20:08:34.525909', NULL, 1, 75, NULL, 'z_parkowaniem', 'VFL27FT'),
(188, '2020-01-12 05:42:59', '2020-01-12 08:08:05.813343', NULL, 198, 88, NULL, 'bez_parkowania', 'CBI92LA'),
(189, '2020-02-14 09:39:02', '2020-02-14 13:51:49.507116', NULL, 153, 64, NULL, 'z_parkowaniem', 'OUT16MW'),
(190, '2020-02-18 01:55:59', '2020-02-18 03:45:55.052462', NULL, NULL, 77, NULL, 'bez_parkowania', 'GLI63LF'),
(191, '2020-01-01 00:11:18', '2020-01-01 01:36:47.422007', NULL, 16, 15, NULL, 'z_parkowaniem', 'JJZ70WY'),
(192, '2020-01-01 00:00:03', '2020-01-01 03:31:56.13566', NULL, 66, 25, NULL, 'bez_parkowania', 'XSS65WE'),
(193, '2020-05-15 00:36:07', '2020-05-15 04:24:38.866443', NULL, 27, 5, NULL, 'z_parkowaniem', 'ZVY24IC'),
(194, '2020-05-09 02:59:24', '2020-05-09 04:36:57.716318', NULL, 143, 54, NULL, 'bez_parkowania', 'TLP89DI'),
(195, '2020-01-11 15:21:05', '2020-01-11 19:04:08.949807', NULL, 2, 18, NULL, 'bez_parkowania', 'PFI20MD'),
(196, '2020-01-01 00:08:38', '2020-01-01 00:42:18.180473', NULL, 5, 8, NULL, 'z_parkowaniem', 'LRS38FW'),
(197, '2020-01-01 00:00:08', '2020-01-01 03:54:45.951452', NULL, 76, 66, NULL, 'bez_parkowania', 'PVW35SL'),
(198, '2020-05-01 07:21:25', '2020-05-01 10:12:23.89089', NULL, 142, 20, NULL, 'z_parkowaniem', 'WJC67AM'),
(199, '2020-05-11 20:51:02', '2020-05-11 21:34:48.253216', NULL, 1, 9, NULL, 'bez_parkowania', 'TWD14FT'),
(200, '2020-04-03 20:10:53', '2020-04-04 00:22:40.738369', NULL, 24, 37, NULL, 'z_parkowaniem', 'WNU61DL');

INSERT INTO pobyty(id, godzina_rozpoczecia, godzina_zakonczenia, należność, konta_id, wjazdowe_bramki_id, wyjazdowe_bramki_id, selektor, pojazdy_rejestracja) VALUES
(201, '2020-05-20 03:44:48', '2020-05-20 07:19:03.41218', NULL, 198, 40, NULL, 'bez_parkowania', 'XOH46EU'),
(202, '2020-01-10 09:22:16', '2020-01-10 12:24:35.23904', NULL, 145, 95, NULL, 'z_parkowaniem', 'DKR92GE'),
(203, '2020-01-01 00:00:09', '2020-01-01 00:02:13.775409', NULL, 42, 61, NULL, 'z_parkowaniem', 'DAH09AN'),
(204, '2020-02-25 09:19:08', '2020-02-25 13:28:03.333621', NULL, 47, 51, NULL, 'bez_parkowania', 'AAH88TV'),
(205, '2020-05-02 10:16:34', '2020-05-02 12:41:59.370601', NULL, 162, 88, NULL, 'z_parkowaniem', 'WSO76BP'),
(206, '2020-02-06 08:45:53', '2020-02-06 09:31:21.053294', NULL, NULL, 99, NULL, 'bez_parkowania', 'CNF85SX'),
(207, '2020-02-18 14:35:20', '2020-02-18 16:06:29.34764', NULL, 228, 77, NULL, 'z_parkowaniem', 'YZF38FM'),
(208, '2020-01-01 22:56:32', '2020-01-02 01:31:41.206444', NULL, NULL, 15, NULL, 'bez_parkowania', 'ENS96FV'),
(209, '2020-01-27 06:05:14', NULL, NULL, NULL, 5, NULL, 'bez_parkowania', 'BLI53FV'),
(210, '2020-02-27 20:46:06', '2020-02-28 00:52:02.754985', NULL, NULL, 91, NULL, 'z_parkowaniem', 'XPJ08ES'),
(211, '2020-01-01 00:22:45', '2020-01-01 01:09:56.780901', NULL, 135, 30, NULL, 'z_parkowaniem', 'EXO51KP'),
(212, '2020-03-16 05:05:29', '2020-03-16 06:12:09.984163', NULL, 42, 64, NULL, 'bez_parkowania', 'CBI92LA'),
(213, '2020-06-08 21:58:30', '2020-06-09 00:31:37.257422', NULL, 85, 54, NULL, 'bez_parkowania', 'UOP53NS'),
(214, '2020-03-07 01:13:22', '2020-03-07 02:23:47.255147', NULL, NULL, 18, NULL, 'z_parkowaniem', 'GLI63LF'),
(215, '2020-02-15 05:33:25', '2020-02-15 06:00:01.604256', NULL, 166, 42, NULL, 'bez_parkowania', 'BGC37PL'),
(216, '2020-05-14 18:12:15', '2020-05-14 18:40:24.59256', NULL, 53, 8, NULL, 'z_parkowaniem', 'XEW99IS'),
(217, '2020-02-27 11:55:29', '2020-02-27 16:09:53.071433', NULL, 185, 68, NULL, 'z_parkowaniem', 'DIN67BZ'),
(218, '2020-01-05 17:37:55', '2020-01-05 21:54:12.724917', NULL, NULL, 32, NULL, 'bez_parkowania', 'GZO00TP'),
(219, '2020-06-09 17:51:25', '2020-06-09 21:28:15.743701', NULL, NULL, 80, NULL, 'z_parkowaniem', 'UUB09YD'),
(220, '2020-04-25 06:22:22', '2020-04-25 10:40:45.111341', NULL, 178, 20, NULL, 'bez_parkowania', 'JJZ70WY'),
(221, '2020-01-01 00:00:04', '2020-01-01 03:40:23.587117', NULL, 81, 66, NULL, 'bez_parkowania', 'ZRJ35DN'),
(222, '2020-01-11 21:20:11', '2020-01-11 21:48:13.065488', NULL, 147, 9, NULL, 'z_parkowaniem', 'PFI20MD'),
(223, '2020-04-16 04:39:54', '2020-04-16 05:23:25.911923', NULL, 114, 44, NULL, 'bez_parkowania', 'TCC22BG'),
(224, '2020-01-19 04:54:47', '2020-01-19 05:54:16.978926', NULL, 203, 97, NULL, 'z_parkowaniem', 'DKB38LR'),
(225, '2020-01-01 01:12:40', '2020-01-01 02:00:29.743288', NULL, NULL, 55, NULL, 'z_parkowaniem', 'HPQ82KV'),
(226, '2020-01-01 00:01:10', '2020-01-01 02:06:07.960983', NULL, NULL, 34, NULL, 'bez_parkowania', 'XSS65WE'),
(227, '2020-05-14 03:33:10', '2020-05-14 03:35:13.82299', NULL, 84, 46, NULL, 'bez_parkowania', 'VFL27FT'),
(228, '2020-01-01 01:54:51', '2020-01-01 03:19:42.710741', NULL, NULL, 21, NULL, 'z_parkowaniem', 'LRS38FW'),
(229, '2020-05-31 13:28:43', '2020-05-31 17:12:24.621225', NULL, 8, 69, NULL, 'z_parkowaniem', 'PVW35SL'),
(230, '2020-02-01 10:30:09', '2020-02-01 12:20:33.895916', NULL, 223, 12, NULL, 'bez_parkowania', 'NJE60PO'),
(231, '2020-01-01 00:00:01', '2020-01-01 00:56:45.693386', NULL, NULL, 82, NULL, 'bez_parkowania', 'TLP89DI'),
(232, '2020-02-23 09:08:16', '2020-02-23 12:12:16.552175', NULL, 212, 57, NULL, 'z_parkowaniem', 'CYP38GU'),
(233, '2020-01-01 00:14:45', '2020-01-01 03:41:06.091907', NULL, NULL, 93, NULL, 'bez_parkowania', 'WJC67AM'),
(234, '2020-03-22 03:21:13', '2020-03-22 06:44:14.038938', NULL, 233, 89, NULL, 'z_parkowaniem', 'BIC20XX'),
(235, '2020-02-12 12:24:29', '2020-02-12 14:23:00.172057', NULL, 89, 71, NULL, 'z_parkowaniem', 'ZVY24IC'),
(236, '2020-01-11 17:30:09', '2020-01-11 21:14:02.986993', NULL, NULL, 23, NULL, 'bez_parkowania', 'RBZ27PY'),
(237, '2020-02-09 23:56:08', '2020-02-10 03:15:04.682049', NULL, 88, 2, NULL, 'bez_parkowania', 'NJQ92RC'),
(238, '2020-01-01 00:05:08', '2020-01-01 01:37:21.730198', NULL, 91, 13, NULL, 'z_parkowaniem', 'YWC89AI'),
(239, '2020-02-11 16:27:17', '2020-02-11 20:47:14.092175', NULL, NULL, 4, NULL, 'bez_parkowania', 'ACC86KW'),
(240, '2020-01-01 14:37:02', '2020-01-01 18:13:42.175789', NULL, 179, 84, NULL, 'z_parkowaniem', 'TWD14FT'),
(241, '2020-03-30 02:53:35', '2020-03-30 02:57:07.597778', NULL, 175, 73, NULL, 'z_parkowaniem', 'WNU61DL'),
(242, '2020-01-01 00:01:37', '2020-01-01 01:39:11.694419', NULL, 212, 35, NULL, 'bez_parkowania', 'UFK91FJ'),
(243, '2020-02-05 16:13:51', '2020-02-05 17:37:12.784941', NULL, 6, 47, NULL, 'z_parkowaniem', 'RSX32UZ'),
(244, '2020-01-17 14:34:03', '2020-01-17 15:03:07.286931', NULL, 246, 25, NULL, 'bez_parkowania', 'AWP78EM'),
(245, '2020-01-01 01:09:57', '2020-01-01 03:41:24.075898', NULL, 28, 37, NULL, 'z_parkowaniem', 'OTD32ED'),
(246, '2020-01-25 11:07:20', '2020-01-25 13:42:00.0446', NULL, 161, 28, NULL, 'bez_parkowania', 'SFU71WI'),
(247, '2020-04-03 09:17:38', '2020-04-03 11:51:29.583684', NULL, 211, 86, NULL, 'bez_parkowania', 'YYS23QV'),
(248, '2020-01-24 20:08:50', '2020-01-24 21:07:38.973037', NULL, NULL, 75, NULL, 'z_parkowaniem', 'XGY64LW'),
(249, '2020-06-07 23:23:49', '2020-06-08 00:01:58.140636', NULL, 245, 60, NULL, 'z_parkowaniem', 'YZC64DJ'),
(250, '2020-01-01 00:08:10', '2020-01-01 01:34:24.475439', NULL, 171, 49, NULL, 'bez_parkowania', 'OUT16MW');

INSERT INTO pobyty(id, godzina_rozpoczecia, godzina_zakonczenia, należność, konta_id, wjazdowe_bramki_id, wyjazdowe_bramki_id, selektor, pojazdy_rejestracja) VALUES
(251, '2020-02-01 18:18:32', '2020-02-01 22:32:06.288397', NULL, 80, 93, NULL, 'z_parkowaniem', 'TWD14FT'),
(252, '2020-01-01 00:14:48', NULL, NULL, 47, 60, NULL, 'bez_parkowania', 'WNU61DL'),
(253, '2020-05-17 20:05:42', '2020-05-17 22:43:22.113236', NULL, NULL, 35, NULL, 'z_parkowaniem', 'UFK91FJ'),
(254, '2020-05-09 16:30:22', '2020-05-09 18:30:58.438893', NULL, 105, 2, NULL, 'bez_parkowania', 'XSS65WE'),
(255, '2020-06-02 20:12:26', '2020-06-02 20:18:50.275238', NULL, 110, 13, NULL, 'bez_parkowania', 'CBI92LA'),
(256, '2020-02-12 04:30:37', '2020-02-12 07:41:27.971734', NULL, 182, 99, NULL, 'z_parkowaniem', 'GLI63LF'),
(257, '2020-01-01 00:16:24', '2020-01-01 02:14:02.655371', NULL, NULL, 89, NULL, 'bez_parkowania', 'PVW35SL'),
(258, '2020-05-11 07:39:05', '2020-05-11 09:58:54.496159', NULL, NULL, 49, NULL, 'z_parkowaniem', 'BGC37PL'),
(259, '2020-03-07 08:27:02', '2020-03-07 09:18:52.9141', NULL, 132, 61, NULL, 'z_parkowaniem', 'ZVY24IC'),
(260, '2020-04-11 04:55:31', '2020-04-11 05:16:32.045757', NULL, 138, 88, NULL, 'bez_parkowania', 'DIN67BZ'),
(261, '2020-05-03 06:56:47', '2020-05-03 07:34:15.941026', NULL, NULL, 95, NULL, 'bez_parkowania', 'GZO00TP'),
(262, '2020-01-04 21:04:16', '2020-01-04 22:41:58.128869', NULL, NULL, 4, NULL, 'z_parkowaniem', 'CYP38GU'),
(263, '2020-04-08 21:27:13', '2020-04-08 21:49:38.593213', NULL, 178, 51, NULL, 'z_parkowaniem', 'DAH09AN'),
(264, '2020-05-25 02:26:52', '2020-05-25 04:13:51.422989', NULL, NULL, 91, NULL, 'bez_parkowania', 'YWC89AI'),
(265, '2020-06-10 20:24:47', '2020-06-10 22:20:56.493152', NULL, 167, 25, NULL, 'bez_parkowania', 'BIC20XX'),
(266, '2020-01-01 00:00:06', '2020-01-01 01:17:06.484916', NULL, NULL, 15, NULL, 'z_parkowaniem', 'WSO76BP'),
(267, '2020-01-01 00:14:05', '2020-01-01 01:10:31.684359', NULL, 194, 97, NULL, 'bez_parkowania', 'NJE60PO'),
(268, '2020-02-10 00:26:37', '2020-02-10 03:22:25.494711', NULL, 4, 64, NULL, 'z_parkowaniem', 'DKB38LR'),
(269, '2020-01-04 13:35:25', '2020-01-04 16:45:53.45709', NULL, NULL, 37, NULL, 'bez_parkowania', 'UOP53NS'),
(270, '2020-02-26 06:49:04', '2020-02-26 09:43:24.992749', NULL, 57, 28, NULL, 'z_parkowaniem', 'ACC86KW'),
(271, '2020-03-11 05:24:56', '2020-03-11 08:30:43.890117', NULL, 139, 40, NULL, 'z_parkowaniem', 'XEW99IS'),
(272, '2020-01-01 00:00:07', '2020-01-01 04:19:38.325559', NULL, 28, 54, NULL, 'bez_parkowania', 'AWP78EM'),
(273, '2020-01-01 01:56:01', '2020-01-01 02:25:19.302802', NULL, NULL, 5, NULL, 'bez_parkowania', 'HPQ82KV'),
(274, '2020-03-07 14:51:50', '2020-03-07 16:11:58.687352', NULL, 57, 30, NULL, 'z_parkowaniem', 'CNF85SX'),
(275, '2020-01-01 01:59:22', '2020-01-01 04:07:49.036202', NULL, 77, 18, NULL, 'z_parkowaniem', 'DKR92GE'),
(276, '2020-02-07 00:26:14', '2020-02-07 01:11:15.117016', NULL, 212, 8, NULL, 'bez_parkowania', 'RBZ27PY'),
(277, '2020-04-22 04:25:39', '2020-04-22 06:27:45.565432', NULL, NULL, 20, NULL, 'z_parkowaniem', 'YYS23QV'),
(278, '2020-01-01 00:16:36', '2020-01-01 03:33:56.977551', NULL, 6, 9, NULL, 'bez_parkowania', 'NJQ92RC'),
(279, '2020-01-01 00:01:04', '2020-01-01 00:31:28.683633', NULL, 170, 21, NULL, 'z_parkowaniem', 'AAH88TV'),
(280, '2020-04-08 23:22:45', '2020-04-09 01:43:54.630881', NULL, NULL, 77, NULL, 'bez_parkowania', 'RSX32UZ'),
(281, '2020-04-01 10:10:07', '2020-04-01 14:21:00.896422', NULL, 100, 68, NULL, 'bez_parkowania', 'OTD32ED'),
(282, '2020-02-05 01:25:21', '2020-02-05 02:41:00.300025', NULL, 74, 66, NULL, 'z_parkowaniem', 'ENS96FV'),
(283, '2020-01-01 00:00:08', '2020-01-01 03:34:25.627532', NULL, 6, 80, NULL, 'bez_parkowania', 'UUB09YD'),
(284, '2020-01-01 00:01:01', '2020-01-01 00:04:43.75201', NULL, 16, 69, NULL, 'z_parkowaniem', 'TCC22BG'),
(285, '2020-03-15 21:01:03', '2020-03-15 22:12:14.457546', NULL, 58, 42, NULL, 'z_parkowaniem', 'BLI53FV'),
(286, '2020-01-01 00:00:09', '2020-01-01 02:07:34.411517', NULL, NULL, 55, NULL, 'bez_parkowania', 'XGY64LW'),
(287, '2020-04-22 12:06:40', '2020-04-22 15:44:20.642484', NULL, 167, 32, NULL, 'bez_parkowania', 'VFL27FT'),
(288, '2020-01-15 22:30:21', '2020-01-16 00:26:05.11096', NULL, 61, 82, NULL, 'z_parkowaniem', 'EXO51KP'),
(289, '2020-01-01 00:14:41', '2020-01-01 01:27:27.736073', NULL, 176, 44, NULL, 'z_parkowaniem', 'YZC64DJ'),
(290, '2020-05-30 23:27:35', '2020-05-31 02:41:43.5999', NULL, 71, 71, NULL, 'bez_parkowania', 'XOH46EU'),
(291, '2020-01-31 13:29:17', '2020-01-31 16:47:20.808671', NULL, NULL, 84, NULL, 'z_parkowaniem', 'SFU71WI'),
(292, '2020-01-01 00:06:16', '2020-01-01 00:57:02.933678', NULL, 217, 73, NULL, 'bez_parkowania', 'OUT16MW'),
(293, '2020-01-01 02:07:50', '2020-01-01 03:26:45.135107', NULL, NULL, 34, NULL, 'bez_parkowania', 'YZF38FM'),
(294, '2020-01-01 00:00:07', '2020-01-01 02:42:43.396252', NULL, 1, 86, NULL, 'z_parkowaniem', 'JJZ70WY'),
(295, '2020-06-07 21:57:08', '2020-06-08 00:10:40.000152', NULL, NULL, 75, NULL, 'bez_parkowania', 'PFI20MD'),
(296, '2020-01-01 00:24:35', '2020-01-01 01:30:27.405204', NULL, 220, 46, NULL, 'z_parkowaniem', 'LRS38FW'),
(297, '2020-03-13 08:51:19', '2020-03-13 09:18:07.080727', NULL, 234, 12, NULL, 'z_parkowaniem', 'TLP89DI'),
(298, '2020-05-05 18:34:51', '2020-05-05 20:27:50.130437', NULL, 101, 23, NULL, 'bez_parkowania', 'XPJ08ES'),
(299, '2020-04-23 14:55:54', '2020-04-23 15:32:35.873674', NULL, 74, 57, NULL, 'bez_parkowania', 'ZRJ35DN'),
(300, '2020-04-14 22:46:24', '2020-04-15 01:22:43.68444', NULL, 36, 47, NULL, 'z_parkowaniem', 'WJC67AM');

INSERT INTO pobyty(id, godzina_rozpoczecia, godzina_zakonczenia, należność, konta_id, wjazdowe_bramki_id, wyjazdowe_bramki_id, selektor, pojazdy_rejestracja) VALUES
(301, '2020-06-01 04:06:23', '2020-06-01 08:12:09.514228', NULL, 160, 54, NULL, 'z_parkowaniem', 'DAH09AN'),
(302, '2020-02-25 22:56:52', '2020-02-26 01:21:22.614751', NULL, 50, 95, NULL, 'bez_parkowania', 'AWP78EM'),
(303, '2020-04-28 21:09:59', '2020-04-29 00:44:16.890868', NULL, NULL, 35, NULL, 'z_parkowaniem', 'AAH88TV'),
(304, '2020-04-13 06:24:51', '2020-04-13 09:04:23.923469', NULL, 96, 25, NULL, 'bez_parkowania', 'OUT16MW'),
(305, '2020-05-25 09:44:38', NULL, NULL, 5, 66, NULL, 'z_parkowaniem', 'CNF85SX'),
(306, '2020-02-27 14:50:00', '2020-02-27 16:05:38.36377', NULL, NULL, 91, NULL, 'bez_parkowania', 'ENS96FV'),
(307, '2020-02-14 00:51:08', '2020-02-14 04:50:45.700492', NULL, NULL, 21, NULL, 'bez_parkowania', 'YYS23QV'),
(308, '2020-01-01 00:00:42', '2020-01-01 01:08:05.485872', NULL, NULL, 55, NULL, 'z_parkowaniem', 'BLI53FV'),
(309, '2020-01-01 01:45:20', '2020-01-01 04:28:14.353605', NULL, NULL, 46, NULL, 'z_parkowaniem', 'JJZ70WY'),
(310, '2020-01-02 18:31:45', '2020-01-02 20:38:49.535668', NULL, NULL, 57, NULL, 'bez_parkowania', 'VFL27FT'),
(311, '2020-01-01 00:00:10', '2020-01-01 00:08:11.307189', NULL, NULL, 99, NULL, 'z_parkowaniem', 'XGY64LW'),
(312, '2020-05-01 01:18:41', '2020-05-01 02:08:35.302807', NULL, 181, 47, NULL, 'bez_parkowania', 'PFI20MD'),
(313, '2020-04-25 18:37:32', '2020-04-25 22:34:56.330246', NULL, 166, 97, NULL, 'z_parkowaniem', 'BGC37PL'),
(314, '2020-01-01 00:00:08', '2020-01-01 00:48:33.114668', NULL, NULL, 12, NULL, 'bez_parkowania', 'CYP38GU'),
(315, '2020-01-01 01:05:41', '2020-01-01 01:22:18.559408', NULL, 98, 88, NULL, 'z_parkowaniem', 'YZC64DJ'),
(316, '2020-01-01 00:00:34', '2020-01-01 01:42:15.434468', NULL, 27, 2, NULL, 'bez_parkowania', 'BIC20XX'),
(317, '2020-01-18 00:27:12', '2020-01-18 04:45:38.143649', NULL, NULL, 13, NULL, 'bez_parkowania', 'EXO51KP'),
(318, '2020-02-16 08:54:39', '2020-02-16 12:20:41.708445', NULL, 107, 37, NULL, 'z_parkowaniem', 'TLP89DI'),
(319, '2020-01-01 00:13:31', '2020-01-01 01:26:11.862676', NULL, 7, 60, NULL, 'bez_parkowania', 'LRS38FW'),
(320, '2020-01-07 15:40:32', '2020-01-07 16:46:27.824054', NULL, 88, 28, NULL, 'z_parkowaniem', 'CBI92LA'),
(321, '2020-01-01 00:00:26', '2020-01-01 01:51:42.765147', NULL, 130, 40, NULL, 'bez_parkowania', 'WJC67AM'),
(322, '2020-02-16 11:13:02', '2020-02-16 14:22:40.965853', NULL, 144, 30, NULL, 'z_parkowaniem', 'TWD14FT'),
(323, '2020-06-05 07:42:00', '2020-06-05 09:33:49.893396', NULL, 52, 42, NULL, 'bez_parkowania', 'PVW35SL'),
(324, '2020-01-04 23:54:38', '2020-01-05 02:32:30.47219', NULL, 163, 32, NULL, 'z_parkowaniem', 'XOH46EU'),
(325, '2020-06-06 04:36:50', '2020-06-06 08:27:23.067962', NULL, NULL, 77, NULL, 'bez_parkowania', 'YZF38FM'),
(326, '2020-03-04 22:00:57', '2020-03-04 22:32:03.030035', NULL, 31, 49, NULL, 'z_parkowaniem', 'NJE60PO'),
(327, '2020-01-01 00:00:10', '2020-01-01 01:53:54.568626', NULL, 60, 93, NULL, 'bez_parkowania', 'WNU61DL'),
(328, '2020-04-12 06:27:49', '2020-04-12 08:45:50.008711', NULL, 5, 68, NULL, 'z_parkowaniem', 'XPJ08ES'),
(329, '2020-05-28 02:43:32', '2020-05-28 05:01:54.677863', NULL, 2, 44, NULL, 'z_parkowaniem', 'ZRJ35DN'),
(330, '2020-01-07 16:51:20', '2020-01-07 20:38:39.094837', NULL, NULL, 61, NULL, 'bez_parkowania', 'RBZ27PY'),
(331, '2020-04-16 12:07:32', '2020-04-16 13:39:53.613151', NULL, NULL, 51, NULL, 'bez_parkowania', 'NJQ92RC'),
(332, '2020-05-28 22:03:54', '2020-05-29 00:09:50.740943', NULL, 44, 64, NULL, 'z_parkowaniem', 'RSX32UZ'),
(333, '2020-02-03 03:59:14', '2020-02-03 05:15:04.953663', NULL, 218, 80, NULL, 'z_parkowaniem', 'XSS65WE'),
(334, '2020-04-28 02:37:10', '2020-04-28 05:19:28.842674', NULL, 12, 4, NULL, 'bez_parkowania', 'ZVY24IC'),
(335, '2020-01-30 18:00:37', '2020-01-30 22:04:25.274733', NULL, NULL, 15, NULL, 'z_parkowaniem', 'OTD32ED'),
(336, '2020-01-08 23:15:49', '2020-01-09 00:30:55.975334', NULL, 205, 69, NULL, 'bez_parkowania', 'SFU71WI'),
(337, '2020-01-01 00:01:14', '2020-01-01 02:28:38.019913', NULL, 141, 5, NULL, 'bez_parkowania', 'GLI63LF'),
(338, '2020-04-06 01:54:53', '2020-04-06 02:05:18.349274', NULL, 142, 34, NULL, 'z_parkowaniem', 'UFK91FJ'),
(339, '2020-04-09 04:34:26', '2020-04-09 05:05:54.419753', NULL, 191, 82, NULL, 'z_parkowaniem', 'WSO76BP'),
(340, '2020-05-13 22:13:25', '2020-05-14 00:06:08.962308', NULL, 55, 89, NULL, 'bez_parkowania', 'UOP53NS'),
(341, '2020-05-11 16:11:36', '2020-05-11 18:47:48.497409', NULL, NULL, 18, NULL, 'z_parkowaniem', 'DIN67BZ'),
(342, '2020-01-01 01:38:26', '2020-01-01 04:38:25.724537', NULL, 192, 8, NULL, 'bez_parkowania', 'GZO00TP'),
(343, '2020-01-28 14:21:45', '2020-01-28 15:31:02.034713', NULL, 7, 23, NULL, 'bez_parkowania', 'XEW99IS'),
(344, '2020-02-22 19:22:29', '2020-02-22 20:56:08.523173', NULL, 118, 20, NULL, 'z_parkowaniem', 'DKB38LR'),
(345, '2020-01-01 00:00:07', '2020-01-01 02:49:01.205655', NULL, NULL, 9, NULL, 'z_parkowaniem', 'YWC89AI'),
(346, '2020-01-18 23:50:57', '2020-01-19 00:47:49.27748', NULL, 127, 71, NULL, 'bez_parkowania', 'ACC86KW'),
(347, '2020-02-11 20:40:56', '2020-02-11 23:23:58.722315', NULL, 61, 84, NULL, 'bez_parkowania', 'HPQ82KV'),
(348, '2020-01-01 01:38:25', '2020-01-01 03:51:59.313273', NULL, 198, 73, NULL, 'z_parkowaniem', 'DKR92GE'),
(349, '2020-01-01 00:00:33', '2020-01-01 03:48:01.474181', NULL, 27, 86, NULL, 'bez_parkowania', 'UUB09YD'),
(350, '2020-01-01 00:00:04', '2020-01-01 02:40:28.637682', NULL, 120, 75, NULL, 'z_parkowaniem', 'TCC22BG');

INSERT INTO pobyty(id, godzina_rozpoczecia, godzina_zakonczenia, należność, konta_id, wjazdowe_bramki_id, wyjazdowe_bramki_id, selektor, pojazdy_rejestracja) VALUES
(351, '2020-05-03 05:31:17', '2020-05-03 07:31:27.885803', NULL, 44, 28, NULL, 'bez_parkowania', 'ENS96FV'),
(352, '2020-01-03 18:49:12', '2020-01-03 22:27:10.513774', NULL, NULL, 73, NULL, 'z_parkowaniem', 'DAH09AN'),
(353, '2020-04-19 16:29:24', '2020-04-19 16:50:22.50899', NULL, 13, 51, NULL, 'bez_parkowania', 'RBZ27PY'),
(354, '2020-01-01 02:25:14', '2020-01-01 06:17:12.59014', NULL, NULL, 99, NULL, 'z_parkowaniem', 'BLI53FV'),
(355, '2020-02-12 21:10:55', '2020-02-13 00:40:48.050442', NULL, 249, 9, NULL, 'z_parkowaniem', 'EXO51KP'),
(356, '2020-01-01 00:01:21', '2020-01-01 00:39:39.428128', NULL, 8, 21, NULL, 'bez_parkowania', 'NJQ92RC'),
(357, '2020-02-05 13:37:47', '2020-02-05 15:13:19.650994', NULL, 118, 86, NULL, 'bez_parkowania', 'BIC20XX'),
(358, '2020-05-19 17:34:05', '2020-05-19 20:38:07.149149', NULL, NULL, 64, NULL, 'z_parkowaniem', 'TCC22BG'),
(359, '2020-01-01 00:00:06', '2020-01-01 02:32:50.323195', NULL, 43, 40, NULL, 'z_parkowaniem', 'VFL27FT'),
(360, '2020-05-23 01:36:35', NULL, NULL, 146, 75, NULL, 'bez_parkowania', 'TLP89DI'),
(361, '2020-03-29 07:21:41', '2020-03-29 11:03:28.393885', NULL, NULL, 12, NULL, 'bez_parkowania', 'WJC67AM'),
(362, '2020-01-09 19:00:29', '2020-01-09 21:32:57.975454', NULL, 3, 88, NULL, 'z_parkowaniem', 'RSX32UZ'),
(363, '2020-03-15 23:43:30', '2020-03-16 01:53:55.855455', NULL, NULL, 2, NULL, 'z_parkowaniem', 'CBI92LA'),
(364, '2020-05-21 08:18:08', '2020-05-21 10:26:00.497571', NULL, 25, 97, NULL, 'bez_parkowania', 'ZVY24IC'),
(365, '2020-03-10 17:55:44', '2020-03-10 19:05:55.304085', NULL, NULL, 13, NULL, 'z_parkowaniem', 'TWD14FT'),
(366, '2020-01-01 00:00:05', '2020-01-01 00:45:39.042039', NULL, NULL, 54, NULL, 'bez_parkowania', 'GLI63LF'),
(367, '2020-01-01 00:09:35', '2020-01-01 04:03:00.871365', NULL, 57, 66, NULL, 'bez_parkowania', 'WNU61DL'),
(368, '2020-01-01 00:00:06', '2020-01-01 04:13:33.85735', NULL, 19, 4, NULL, 'z_parkowaniem', 'YWC89AI'),
(369, '2020-01-01 02:11:29', '2020-01-01 02:32:20.590595', NULL, 56, 93, NULL, 'z_parkowaniem', 'OTD32ED'),
(370, '2020-02-18 03:44:58', '2020-02-18 04:33:17.4297', NULL, NULL, 15, NULL, 'bez_parkowania', 'UFK91FJ'),
(371, '2020-02-07 16:25:27', '2020-02-07 19:49:04.882462', NULL, 216, 55, NULL, 'z_parkowaniem', 'DIN67BZ'),
(372, '2020-01-01 00:01:30', '2020-01-01 03:33:39.631962', NULL, 9, 46, NULL, 'bez_parkowania', 'GZO00TP'),
(373, '2020-01-01 00:01:38', '2020-01-01 04:05:25.393235', NULL, 192, 30, NULL, 'z_parkowaniem', 'SFU71WI'),
(374, '2020-03-21 01:18:56', '2020-03-21 02:01:30.659609', NULL, NULL, 57, NULL, 'bez_parkowania', 'OUT16MW'),
(375, '2020-01-14 02:52:05', '2020-01-14 06:22:43.969165', NULL, 36, 77, NULL, 'z_parkowaniem', 'JJZ70WY'),
(376, '2020-05-19 06:51:29', '2020-05-19 10:25:55.418349', NULL, 205, 89, NULL, 'bez_parkowania', 'DKB38LR'),
(377, '2020-04-26 11:03:15', '2020-04-26 14:48:31.876593', NULL, NULL, 95, NULL, 'z_parkowaniem', 'PFI20MD'),
(378, '2020-01-01 00:00:03', '2020-01-01 00:45:59.112813', NULL, 169, 68, NULL, 'bez_parkowania', 'AWP78EM'),
(379, '2020-05-25 00:40:33', '2020-05-25 02:18:11.629875', NULL, 142, 47, NULL, 'bez_parkowania', 'CNF85SX'),
(380, '2020-02-21 16:50:58', '2020-02-21 20:21:57.39876', NULL, 78, 5, NULL, 'z_parkowaniem', 'HPQ82KV'),
(381, '2020-01-29 21:46:41', '2020-01-30 01:49:31.330695', NULL, 133, 60, NULL, 'z_parkowaniem', 'DKR92GE'),
(382, '2020-01-01 00:00:10', '2020-01-01 01:25:30.152315', NULL, 44, 49, NULL, 'bez_parkowania', 'BGC37PL'),
(383, '2020-02-04 14:53:49', '2020-02-04 15:14:44.975952', NULL, NULL, 61, NULL, 'z_parkowaniem', 'CYP38GU'),
(384, '2020-01-19 20:04:49', '2020-01-19 21:54:05.401948', NULL, 112, 42, NULL, 'bez_parkowania', 'LRS38FW'),
(385, '2020-01-23 23:13:06', '2020-01-24 03:00:48.631733', NULL, 64, 80, NULL, 'bez_parkowania', 'ACC86KW'),
(386, '2020-02-09 09:14:20', '2020-02-09 13:09:29.807004', NULL, 159, 32, NULL, 'z_parkowaniem', 'WSO76BP'),
(387, '2020-01-01 00:01:30', '2020-01-01 01:59:18.006132', NULL, NULL, 69, NULL, 'z_parkowaniem', 'YYS23QV'),
(388, '2020-01-01 00:06:10', '2020-01-01 02:47:15.339473', NULL, 124, 18, NULL, 'bez_parkowania', 'UOP53NS'),
(389, '2020-03-07 05:44:04', '2020-03-07 07:13:04.96294', NULL, NULL, 82, NULL, 'bez_parkowania', 'XGY64LW'),
(390, '2020-04-17 12:12:36', '2020-04-17 13:30:52.316111', NULL, NULL, 71, NULL, 'z_parkowaniem', 'AAH88TV'),
(391, '2020-04-24 18:36:40', '2020-04-24 19:28:27.718406', NULL, 173, 44, NULL, 'z_parkowaniem', 'YZC64DJ'),
(392, '2020-01-19 16:57:16', '2020-01-19 18:37:31.733368', NULL, 81, 34, NULL, 'bez_parkowania', 'XOH46EU'),
(393, '2020-06-11 17:42:40', '2020-06-11 20:30:27.143115', NULL, 141, 23, NULL, 'bez_parkowania', 'XEW99IS'),
(394, '2020-04-08 16:30:23', '2020-04-08 18:21:48.901192', NULL, NULL, 91, NULL, 'z_parkowaniem', 'UUB09YD'),
(395, '2020-05-18 00:40:26', '2020-05-18 02:36:32.165405', NULL, 100, 84, NULL, 'z_parkowaniem', 'PVW35SL'),
(396, '2020-03-20 09:23:08', '2020-03-20 10:03:08.718725', NULL, 132, 35, NULL, 'bez_parkowania', 'NJE60PO'),
(397, '2020-03-09 05:25:04', '2020-03-09 06:03:58.959353', NULL, 198, 8, NULL, 'bez_parkowania', 'YZF38FM'),
(398, '2020-04-28 04:15:06', '2020-04-28 07:35:25.124174', NULL, 225, 25, NULL, 'z_parkowaniem', 'XPJ08ES'),
(399, '2020-01-01 00:00:09', '2020-01-01 03:14:16.954985', NULL, 221, 37, NULL, 'z_parkowaniem', 'ZRJ35DN'),
(400, '2020-06-12 06:26:47', '2020-06-12 09:55:00.697816', NULL, 66, 20, NULL, 'bez_parkowania', 'XSS65WE');

INSERT INTO pobyty(id, godzina_rozpoczecia, godzina_zakonczenia, należność, konta_id, wjazdowe_bramki_id, wyjazdowe_bramki_id, selektor, pojazdy_rejestracja) VALUES
(401, '2020-04-14 22:00:46', '2020-04-14 22:53:15.771615', NULL, 119, 99, NULL, 'z_parkowaniem', 'DKR92GE'),
(402, '2020-03-30 02:47:53', '2020-03-30 06:05:24.843045', NULL, 239, 64, NULL, 'bez_parkowania', 'DAH09AN'),
(403, '2020-01-01 00:01:39', '2020-01-01 03:28:49.253726', NULL, NULL, 8, NULL, 'z_parkowaniem', 'OUT16MW'),
(404, '2020-01-01 00:00:44', '2020-01-01 03:41:27.206933', NULL, 58, 91, NULL, 'bez_parkowania', 'AAH88TV'),
(405, '2020-05-06 08:17:27', '2020-05-06 11:03:59.569199', NULL, NULL, 82, NULL, 'bez_parkowania', 'JJZ70WY'),
(406, '2020-01-01 00:00:55', '2020-01-01 03:53:16.060753', NULL, NULL, 71, NULL, 'z_parkowaniem', 'ENS96FV'),
(407, '2020-05-13 09:58:23', '2020-05-13 10:15:55.428834', NULL, 162, 20, NULL, 'bez_parkowania', 'WJC67AM'),
(408, '2020-06-10 08:40:50', '2020-06-10 10:19:16.416094', NULL, NULL, 84, NULL, 'z_parkowaniem', 'PFI20MD'),
(409, '2020-06-07 11:18:46', '2020-06-07 11:38:46.937543', NULL, NULL, 9, NULL, 'z_parkowaniem', 'BLI53FV'),
(410, '2020-02-25 06:00:41', NULL, NULL, 67, 54, NULL, 'bez_parkowania', 'AWP78EM'),
(411, '2020-02-07 04:38:30', '2020-02-07 08:09:21.200798', NULL, 8, 21, NULL, 'bez_parkowania', 'EXO51KP'),
(412, '2020-01-01 01:30:25', '2020-01-01 04:07:49.10148', NULL, NULL, 97, NULL, 'z_parkowaniem', 'ACC86KW'),
(413, '2020-05-11 23:45:46', '2020-05-12 01:19:57.123218', NULL, NULL, 12, NULL, 'bez_parkowania', 'CBI92LA'),
(414, '2020-01-11 14:48:19', '2020-01-11 14:58:21.819253', NULL, 120, 93, NULL, 'z_parkowaniem', 'GLI63LF'),
(415, '2020-05-11 15:02:02', '2020-05-11 15:55:21.337362', NULL, 97, 2, NULL, 'bez_parkowania', 'CNF85SX'),
(416, '2020-04-02 03:20:06', '2020-04-02 05:46:42.992646', NULL, 55, 89, NULL, 'z_parkowaniem', 'LRS38FW'),
(417, '2020-04-16 10:13:17', '2020-04-16 11:18:00.268039', NULL, NULL, 95, NULL, 'bez_parkowania', 'YYS23QV'),
(418, '2020-04-01 00:51:58', '2020-04-01 01:56:51.5842', NULL, 196, 13, NULL, 'z_parkowaniem', 'XGY64LW'),
(419, '2020-01-08 09:23:57', '2020-01-08 09:36:19.473545', NULL, 81, 66, NULL, 'bez_parkowania', 'DIN67BZ'),
(420, '2020-04-15 01:07:55', '2020-04-15 05:14:17.247545', NULL, NULL, 55, NULL, 'z_parkowaniem', 'BGC37PL'),
(421, '2020-05-22 12:44:56', '2020-05-22 15:08:08.766025', NULL, 79, 73, NULL, 'z_parkowaniem', 'GZO00TP'),
(422, '2020-05-13 08:53:01', '2020-05-13 12:13:21.044006', NULL, NULL, 86, NULL, 'bez_parkowania', 'DKB38LR'),
(423, '2020-03-21 03:50:49', '2020-03-21 04:56:39.330331', NULL, 37, 4, NULL, 'z_parkowaniem', 'HPQ82KV'),
(424, '2020-03-05 13:10:31', '2020-03-05 16:02:45.771223', NULL, NULL, 25, NULL, 'bez_parkowania', 'PVW35SL'),
(425, '2020-01-01 00:47:52', '2020-01-01 01:45:04.394146', NULL, NULL, 75, NULL, 'bez_parkowania', 'NJE60PO'),
(426, '2020-06-10 01:33:26', '2020-06-10 01:39:40.017219', NULL, 133, 37, NULL, 'z_parkowaniem', 'CYP38GU'),
(427, '2020-01-01 00:00:05', '2020-01-01 02:04:32.455186', NULL, 239, 88, NULL, 'z_parkowaniem', 'RBZ27PY'),
(428, '2020-01-01 00:00:04', '2020-01-01 01:57:10.457019', NULL, NULL, 77, NULL, 'bez_parkowania', 'YZC64DJ'),
(429, '2020-06-09 17:23:00', '2020-06-09 20:37:03.363391', NULL, 30, 15, NULL, 'bez_parkowania', 'TWD14FT'),
(430, '2020-01-01 00:52:46', '2020-01-01 02:49:54.03701', NULL, 225, 46, NULL, 'z_parkowaniem', 'NJQ92RC'),
(431, '2020-01-01 00:01:07', '2020-01-01 00:57:12.034543', NULL, 212, 28, NULL, 'z_parkowaniem', 'WNU61DL'),
(432, '2020-02-05 13:28:49', '2020-02-05 14:35:35.948468', NULL, NULL, 57, NULL, 'bez_parkowania', 'UFK91FJ'),
(433, '2020-01-01 00:10:28', '2020-01-01 01:15:27.118676', NULL, 228, 40, NULL, 'z_parkowaniem', 'RSX32UZ'),
(434, '2020-01-01 00:01:10', '2020-01-01 02:10:41.336983', NULL, 168, 47, NULL, 'bez_parkowania', 'BIC20XX'),
(435, '2020-01-01 00:06:58', '2020-01-01 00:29:45.711153', NULL, 96, 60, NULL, 'bez_parkowania', 'OTD32ED'),
(436, '2020-01-24 07:33:41', '2020-01-24 08:25:29.146861', NULL, NULL, 49, NULL, 'z_parkowaniem', 'SFU71WI'),
(437, '2020-05-19 14:02:05', '2020-05-19 15:24:50.628192', NULL, 90, 5, NULL, 'bez_parkowania', 'WSO76BP'),
(438, '2020-03-03 05:00:55', '2020-03-03 08:54:53.653135', NULL, 71, 68, NULL, 'z_parkowaniem', 'UOP53NS'),
(439, '2020-03-15 19:50:14', '2020-03-15 21:28:41.929034', NULL, 12, 18, NULL, 'bez_parkowania', 'XOH46EU'),
(440, '2020-02-07 09:37:01', '2020-02-07 13:05:00.443748', NULL, 139, 80, NULL, 'z_parkowaniem', 'YZF38FM'),
(441, '2020-02-01 00:05:19', '2020-02-01 01:36:10.946495', NULL, 224, 61, NULL, 'bez_parkowania', 'XEW99IS'),
(442, '2020-04-20 03:28:05', '2020-04-20 04:42:14.813701', NULL, 242, 30, NULL, 'z_parkowaniem', 'UUB09YD'),
(443, '2020-04-08 11:30:43', '2020-04-08 13:35:26.284206', NULL, 98, 69, NULL, 'z_parkowaniem', 'XPJ08ES'),
(444, '2020-01-01 00:00:03', '2020-01-01 03:59:53.685179', NULL, 236, 42, NULL, 'bez_parkowania', 'TCC22BG'),
(445, '2020-01-01 00:53:46', '2020-01-01 01:25:12.653268', NULL, 249, 32, NULL, 'z_parkowaniem', 'VFL27FT'),
(446, '2020-01-01 01:36:24', '2020-01-01 04:48:32.34952', NULL, 21, 44, NULL, 'bez_parkowania', 'ZRJ35DN'),
(447, '2020-06-05 02:12:06', '2020-06-05 06:31:37.656547', NULL, 20, 51, NULL, 'z_parkowaniem', 'TLP89DI'),
(448, '2020-03-29 13:59:01', '2020-03-29 15:51:06.429155', NULL, 68, 34, NULL, 'bez_parkowania', 'XSS65WE'),
(449, '2020-04-25 20:41:28', '2020-04-25 22:37:43.665845', NULL, 180, 23, NULL, 'bez_parkowania', 'ZVY24IC'),
(450, '2020-01-04 18:53:21', '2020-01-04 20:43:46.953187', NULL, 6, 35, NULL, 'z_parkowaniem', 'YWC89AI');

INSERT INTO pobyty(id, godzina_rozpoczecia, godzina_zakonczenia, należność, konta_id, wjazdowe_bramki_id, wyjazdowe_bramki_id, selektor, pojazdy_rejestracja) VALUES
(451, '2020-01-01 00:09:38', '2020-01-01 02:02:49.376736', NULL, 76, 99, NULL, 'z_parkowaniem', 'CBI92LA'),
(452, '2020-04-13 19:01:31', '2020-04-13 20:25:23.903188', NULL, 72, 32, NULL, 'bez_parkowania', 'YZF38FM'),
(453, '2020-02-19 13:25:21', '2020-02-19 16:08:41.398402', NULL, 100, 95, NULL, 'bez_parkowania', 'CYP38GU'),
(454, '2020-03-04 18:52:56', '2020-03-04 20:18:41.250276', NULL, NULL, 46, NULL, 'z_parkowaniem', 'DAH09AN'),
(455, '2020-04-19 09:48:38', '2020-04-19 12:51:48.688402', NULL, 5, 91, NULL, 'z_parkowaniem', 'XPJ08ES'),
(456, '2020-01-01 00:00:36', '2020-01-01 03:06:58.937175', NULL, 139, 57, NULL, 'bez_parkowania', 'ZRJ35DN'),
(457, '2020-01-01 00:00:05', '2020-01-01 02:31:50.683685', NULL, NULL, 47, NULL, 'bez_parkowania', 'XEW99IS'),
(458, '2020-01-01 00:13:11', '2020-01-01 00:17:24.400808', NULL, NULL, 82, NULL, 'z_parkowaniem', 'GLI63LF'),
(459, '2020-04-06 03:53:23', '2020-04-06 06:58:48.859455', NULL, 89, 71, NULL, 'bez_parkowania', 'XSS65WE'),
(460, '2020-01-01 00:00:01', '2020-01-01 01:04:43.55021', NULL, 10, 44, NULL, 'z_parkowaniem', 'RSX32UZ'),
(461, '2020-04-27 07:30:03', NULL, NULL, 5, 60, NULL, 'bez_parkowania', 'OTD32ED'),
(462, '2020-02-15 06:13:27', '2020-02-15 10:19:30.02032', NULL, NULL, 20, NULL, 'z_parkowaniem', 'DIN67BZ'),
(463, '2020-01-12 06:56:05', '2020-01-12 11:03:08.780985', NULL, 60, 84, NULL, 'z_parkowaniem', 'BIC20XX'),
(464, '2020-01-01 00:00:05', '2020-01-01 01:47:24.600345', NULL, 24, 97, NULL, 'bez_parkowania', 'AWP78EM'),
(465, '2020-05-17 07:24:10', '2020-05-17 10:15:07.976752', NULL, NULL, 34, NULL, 'z_parkowaniem', 'CNF85SX'),
(466, '2020-02-01 00:55:33', '2020-02-01 02:18:38.628571', NULL, 190, 73, NULL, 'bez_parkowania', 'GZO00TP'),
(467, '2020-02-24 11:08:13', '2020-02-24 15:09:51.681993', NULL, NULL, 23, NULL, 'bez_parkowania', 'BGC37PL'),
(468, '2020-02-20 17:13:36', '2020-02-20 18:25:42.911902', NULL, 81, 93, NULL, 'z_parkowaniem', 'SFU71WI'),
(469, '2020-03-01 05:10:15', '2020-03-01 06:40:46.473952', NULL, 30, 89, NULL, 'bez_parkowania', 'ZVY24IC'),
(470, '2020-04-16 07:30:08', '2020-04-16 08:27:55.893939', NULL, 18, 9, NULL, 'z_parkowaniem', 'UUB09YD'),
(471, '2020-01-01 00:13:20', '2020-01-01 03:38:32.127004', NULL, NULL, 21, NULL, 'bez_parkowania', 'TCC22BG'),
(472, '2020-01-01 01:12:15', '2020-01-01 01:53:23.05473', NULL, NULL, 86, NULL, 'z_parkowaniem', 'OUT16MW'),
(473, '2020-03-02 11:41:52', '2020-03-02 13:29:32.942749', NULL, 120, 35, NULL, 'bez_parkowania', 'VFL27FT'),
(474, '2020-01-01 16:25:34', '2020-01-01 16:46:41.897652', NULL, 187, 49, NULL, 'z_parkowaniem', 'TLP89DI'),
(475, '2020-01-08 08:05:26', '2020-01-08 08:38:15.736551', NULL, 100, 75, NULL, 'z_parkowaniem', 'DKB38LR'),
(476, '2020-01-20 14:52:02', '2020-01-20 16:26:39.936595', NULL, NULL, 12, NULL, 'bez_parkowania', 'HPQ82KV'),
(477, '2020-05-27 08:41:47', '2020-05-27 11:48:59.489999', NULL, 194, 25, NULL, 'bez_parkowania', 'DKR92GE'),
(478, '2020-01-01 00:01:49', '2020-01-01 02:05:46.831415', NULL, 82, 61, NULL, 'z_parkowaniem', 'YWC89AI'),
(479, '2020-01-01 00:01:22', '2020-01-01 00:38:02.14862', NULL, NULL, 37, NULL, 'z_parkowaniem', 'ACC86KW'),
(480, '2020-01-01 00:06:32', '2020-01-01 00:36:46.176138', NULL, 129, 2, NULL, 'bez_parkowania', 'WJC67AM'),
(481, '2020-03-09 22:34:15', '2020-03-09 23:29:01.309221', NULL, 125, 28, NULL, 'bez_parkowania', 'YYS23QV'),
(482, '2020-05-27 19:22:22', '2020-05-27 21:03:37.601444', NULL, NULL, 51, NULL, 'z_parkowaniem', 'XGY64LW'),
(483, '2020-01-01 00:13:26', '2020-01-01 03:49:44.304804', NULL, NULL, 88, NULL, 'z_parkowaniem', 'TWD14FT'),
(484, '2020-04-15 08:37:59', '2020-04-15 11:02:07.714495', NULL, 202, 77, NULL, 'bez_parkowania', 'YZC64DJ'),
(485, '2020-03-01 03:16:02', '2020-03-01 04:36:33.107169', NULL, NULL, 40, NULL, 'z_parkowaniem', 'XOH46EU'),
(486, '2020-05-10 13:41:30', '2020-05-10 16:38:08.256143', NULL, 142, 64, NULL, 'bez_parkowania', 'JJZ70WY'),
(487, '2020-01-01 01:22:38', '2020-01-01 04:53:28.024829', NULL, 196, 54, NULL, 'bez_parkowania', 'WNU61DL'),
(488, '2020-01-07 11:15:47', '2020-01-07 14:30:54.54139', NULL, NULL, 30, NULL, 'z_parkowaniem', 'PFI20MD'),
(489, '2020-01-22 08:36:08', '2020-01-22 11:25:20.367065', NULL, 135, 13, NULL, 'z_parkowaniem', 'UFK91FJ'),
(490, '2020-01-01 00:00:03', '2020-01-01 02:57:09.944514', NULL, 148, 66, NULL, 'bez_parkowania', 'LRS38FW'),
(491, '2020-01-01 00:12:49', '2020-01-01 01:45:02.561882', NULL, NULL, 68, NULL, 'bez_parkowania', 'PVW35SL'),
(492, '2020-02-26 02:25:10', '2020-02-26 05:10:28.176812', NULL, 43, 80, NULL, 'z_parkowaniem', 'WSO76BP'),
(493, '2020-04-24 00:10:56', '2020-04-24 01:26:37.391792', NULL, 104, 4, NULL, 'z_parkowaniem', 'NJE60PO'),
(494, '2020-03-04 22:18:19', '2020-03-04 22:59:51.086969', NULL, 165, 69, NULL, 'bez_parkowania', 'AAH88TV'),
(495, '2020-01-10 00:48:32', '2020-01-10 01:49:43.476406', NULL, 247, 15, NULL, 'bez_parkowania', 'RBZ27PY'),
(496, '2020-01-01 00:00:05', '2020-01-01 00:24:11.918645', NULL, 90, 5, NULL, 'z_parkowaniem', 'UOP53NS'),
(497, '2020-01-01 00:22:02', '2020-01-01 02:16:32.975941', NULL, 162, 55, NULL, 'z_parkowaniem', 'NJQ92RC'),
(498, '2020-04-06 16:05:58', '2020-04-06 18:28:58.260997', NULL, 6, 42, NULL, 'bez_parkowania', 'ENS96FV'),
(499, '2020-01-01 00:00:06', '2020-01-01 03:09:58.79525', NULL, 146, 18, NULL, 'z_parkowaniem', 'BLI53FV'),
(500, '2020-03-14 21:08:34', '2020-03-14 22:27:50.678874', NULL, 166, 8, NULL, 'bez_parkowania', 'EXO51KP');

INSERT INTO pobyty(id, godzina_rozpoczecia, godzina_zakonczenia, należność, konta_id, wjazdowe_bramki_id, wyjazdowe_bramki_id, selektor, pojazdy_rejestracja) VALUES
(501, '2020-01-18 15:08:08', '2020-01-18 19:01:20.49612', NULL, NULL, 47, NULL, 'z_parkowaniem', 'PVW35SL'),
(502, '2020-06-06 07:06:18', '2020-06-06 10:27:07.245418', NULL, NULL, 42, NULL, 'bez_parkowania', 'UUB09YD'),
(503, '2020-02-08 22:06:48', '2020-02-08 23:40:18.535104', NULL, 13, 97, NULL, 'z_parkowaniem', 'CYP38GU'),
(504, '2020-01-01 00:00:42', '2020-01-01 04:19:59.253603', NULL, NULL, 32, NULL, 'bez_parkowania', 'XOH46EU'),
(505, '2020-03-04 09:10:11', NULL, NULL, 1, 44, NULL, 'bez_parkowania', 'NJE60PO'),
(506, '2020-03-14 02:05:08', '2020-03-14 02:59:49.357219', NULL, NULL, 82, NULL, 'z_parkowaniem', 'DAH09AN'),
(507, '2020-05-30 00:36:24', '2020-05-30 01:26:20.092022', NULL, NULL, 60, NULL, 'z_parkowaniem', 'HPQ82KV'),
(508, '2020-01-01 00:00:06', '2020-01-01 03:31:55.747547', NULL, NULL, 9, NULL, 'bez_parkowania', 'RBZ27PY'),
(509, '2020-05-18 22:22:32', '2020-05-18 22:57:31.216928', NULL, 211, 99, NULL, 'z_parkowaniem', 'BIC20XX'),
(510, '2020-03-04 15:02:18', '2020-03-04 15:36:57.255058', NULL, 159, 34, NULL, 'bez_parkowania', 'YZF38FM'),
(511, '2020-02-29 18:16:22', '2020-02-29 21:50:45.081331', NULL, 69, 71, NULL, 'z_parkowaniem', 'TCC22BG'),
(512, '2020-05-16 21:38:16', '2020-05-16 21:57:26.476456', NULL, NULL, 84, NULL, 'bez_parkowania', 'DKR92GE'),
(513, '2020-01-23 17:31:21', '2020-01-23 17:46:21.101298', NULL, 193, 49, NULL, 'z_parkowaniem', 'AWP78EM'),
(514, '2020-02-02 12:56:55', '2020-02-02 16:40:39.110507', NULL, 171, 93, NULL, 'bez_parkowania', 'NJQ92RC'),
(515, '2020-02-14 19:17:22', '2020-02-14 20:13:29.097574', NULL, NULL, 89, NULL, 'bez_parkowania', 'RSX32UZ'),
(516, '2020-01-12 16:09:56', '2020-01-12 18:18:07.67076', NULL, 115, 23, NULL, 'z_parkowaniem', 'CNF85SX'),
(517, '2020-01-01 00:04:10', '2020-01-01 04:22:04.679726', NULL, 24, 95, NULL, 'z_parkowaniem', 'AAH88TV'),
(518, '2020-03-13 19:41:21', '2020-03-13 23:17:58.399441', NULL, 29, 73, NULL, 'bez_parkowania', 'ENS96FV'),
(519, '2020-04-30 22:07:11', '2020-05-01 02:15:44.655859', NULL, 195, 35, NULL, 'bez_parkowania', 'VFL27FT'),
(520, '2020-01-05 19:13:01', '2020-01-05 22:40:11.410885', NULL, NULL, 91, NULL, 'z_parkowaniem', 'XPJ08ES'),
(521, '2020-02-13 18:50:23', '2020-02-13 19:10:03.766817', NULL, 230, 21, NULL, 'bez_parkowania', 'ZRJ35DN'),
(522, '2020-01-01 01:56:48', '2020-01-01 04:28:14.346485', NULL, NULL, 12, NULL, 'z_parkowaniem', 'XSS65WE'),
(523, '2020-01-01 02:43:55', '2020-01-01 05:47:35.020933', NULL, NULL, 25, NULL, 'z_parkowaniem', 'ZVY24IC'),
(524, '2020-03-20 05:11:51', '2020-03-20 05:51:49.655928', NULL, NULL, 37, NULL, 'bez_parkowania', 'YWC89AI'),
(525, '2020-02-25 01:58:01', '2020-02-25 06:06:47.990908', NULL, 93, 28, NULL, 'bez_parkowania', 'OTD32ED'),
(526, '2020-01-01 00:26:32', '2020-01-01 03:17:57.882048', NULL, 220, 61, NULL, 'z_parkowaniem', 'BLI53FV'),
(527, '2020-02-16 10:06:55', '2020-02-16 14:00:20.758171', NULL, 157, 86, NULL, 'z_parkowaniem', 'ACC86KW'),
(528, '2020-01-28 17:52:16', '2020-01-28 19:07:58.574439', NULL, NULL, 75, NULL, 'bez_parkowania', 'BGC37PL'),
(529, '2020-01-01 02:38:28', '2020-01-01 05:15:41.349629', NULL, 230, 88, NULL, 'z_parkowaniem', 'EXO51KP'),
(530, '2020-03-26 04:25:05', '2020-03-26 04:36:24.378846', NULL, 238, 40, NULL, 'bez_parkowania', 'TLP89DI'),
(531, '2020-05-01 09:13:58', '2020-05-01 12:03:42.285511', NULL, 231, 30, NULL, 'bez_parkowania', 'WJC67AM'),
(532, '2020-03-15 13:13:48', '2020-03-15 16:54:02.533257', NULL, 85, 2, NULL, 'z_parkowaniem', 'SFU71WI'),
(533, '2020-01-01 00:01:39', '2020-01-01 03:46:54.451866', NULL, 59, 51, NULL, 'bez_parkowania', 'TWD14FT'),
(534, '2020-04-30 02:55:53', '2020-04-30 03:50:46.664892', NULL, NULL, 77, NULL, 'z_parkowaniem', 'WNU61DL'),
(535, '2020-04-18 21:16:06', '2020-04-19 00:48:24.325265', NULL, 226, 64, NULL, 'z_parkowaniem', 'YYS23QV'),
(536, '2020-04-12 14:16:28', '2020-04-12 17:03:09.113662', NULL, 19, 54, NULL, 'bez_parkowania', 'UFK91FJ'),
(537, '2020-01-01 00:13:04', '2020-01-01 02:27:38.034593', NULL, 188, 68, NULL, 'bez_parkowania', 'OUT16MW'),
(538, '2020-03-02 11:41:25', '2020-03-02 14:58:21.827933', NULL, 61, 13, NULL, 'z_parkowaniem', 'XGY64LW'),
(539, '2020-04-03 12:45:46', '2020-04-03 15:53:59.826196', NULL, 13, 80, NULL, 'z_parkowaniem', 'CBI92LA'),
(540, '2020-01-07 19:38:07', '2020-01-07 23:03:31.858978', NULL, NULL, 4, NULL, 'bez_parkowania', 'YZC64DJ'),
(541, '2020-03-07 01:20:15', '2020-03-07 01:38:29.622058', NULL, 234, 66, NULL, 'z_parkowaniem', 'WSO76BP'),
(542, '2020-02-25 07:53:44', '2020-02-25 08:06:08.642845', NULL, 6, 69, NULL, 'bez_parkowania', 'UOP53NS'),
(543, '2020-04-26 02:58:44', '2020-04-26 05:57:40.494713', NULL, 40, 15, NULL, 'bez_parkowania', 'XEW99IS'),
(544, '2020-06-10 16:21:24', '2020-06-10 20:23:40.521864', NULL, 192, 5, NULL, 'z_parkowaniem', 'JJZ70WY'),
(545, '2020-04-27 13:00:32', '2020-04-27 16:05:21.1673', NULL, 215, 18, NULL, 'bez_parkowania', 'GLI63LF'),
(546, '2020-01-01 00:04:56', '2020-01-01 01:48:22.732204', NULL, 228, 8, NULL, 'z_parkowaniem', 'PFI20MD'),
(547, '2020-01-01 00:13:53', '2020-01-01 04:28:55.202099', NULL, 116, 55, NULL, 'bez_parkowania', 'LRS38FW'),
(548, '2020-05-20 09:08:01', '2020-05-20 10:26:53.887071', NULL, 159, 20, NULL, 'z_parkowaniem', 'DIN67BZ'),
(549, '2020-03-08 18:28:33', '2020-03-08 21:01:12.906529', NULL, 25, 46, NULL, 'z_parkowaniem', 'GZO00TP'),
(550, '2020-05-11 16:54:08', '2020-05-11 18:16:37.297658', NULL, 172, 57, NULL, 'bez_parkowania', 'DKB38LR');

INSERT INTO pobyty(id, godzina_rozpoczecia, godzina_zakonczenia, należność, konta_id, wjazdowe_bramki_id, wyjazdowe_bramki_id, selektor, pojazdy_rejestracja) VALUES
(551, '2020-05-18 21:24:44', '2020-05-19 01:05:56.332907', NULL, NULL, 49, NULL, 'z_parkowaniem', 'RBZ27PY'),
(552, '2020-05-12 17:26:47', '2020-05-12 19:51:24.525713', NULL, 104, 61, NULL, 'bez_parkowania', 'BIC20XX'),
(553, '2020-01-06 08:39:53', '2020-01-06 12:35:02.614798', NULL, 48, 99, NULL, 'bez_parkowania', 'NJQ92RC'),
(554, '2020-05-28 08:15:04', '2020-05-28 10:42:31.494004', NULL, NULL, 8, NULL, 'z_parkowaniem', 'UFK91FJ'),
(555, '2020-02-07 11:24:40', '2020-02-07 15:30:51.852526', NULL, 202, 80, NULL, 'bez_parkowania', 'YWC89AI'),
(556, '2020-01-29 16:53:27', '2020-01-29 18:40:02.484888', NULL, 236, 51, NULL, 'z_parkowaniem', 'ENS96FV'),
(557, '2020-01-01 00:15:42', '2020-01-01 03:30:49.843834', NULL, 61, 69, NULL, 'bez_parkowania', 'WSO76BP'),
(558, '2020-04-26 05:32:54', '2020-04-26 07:00:05.17069', NULL, NULL, 20, NULL, 'z_parkowaniem', 'DAH09AN'),
(559, '2020-01-01 00:00:04', '2020-01-01 03:01:00.370129', NULL, 21, 9, NULL, 'z_parkowaniem', 'RSX32UZ'),
(560, '2020-02-05 07:55:32', '2020-02-05 11:23:46.06141', NULL, NULL, 64, NULL, 'bez_parkowania', 'AWP78EM'),
(561, '2020-04-09 08:28:05', NULL, NULL, 99, 21, NULL, 'z_parkowaniem', 'BLI53FV'),
(562, '2020-01-21 16:52:43', '2020-01-21 17:31:28.85365', NULL, 242, 25, NULL, 'bez_parkowania', 'UOP53NS'),
(563, '2020-05-22 10:40:03', '2020-05-22 13:22:05.823101', NULL, 11, 37, NULL, 'bez_parkowania', 'CNF85SX'),
(564, '2020-01-01 00:01:14', '2020-01-01 03:25:06.928088', NULL, 185, 82, NULL, 'z_parkowaniem', 'XEW99IS'),
(565, '2020-04-29 09:54:49', '2020-04-29 13:27:55.283409', NULL, 226, 28, NULL, 'z_parkowaniem', 'EXO51KP'),
(566, '2020-04-11 06:51:05', '2020-04-11 08:05:19.336177', NULL, NULL, 40, NULL, 'bez_parkowania', 'ACC86KW'),
(567, '2020-01-01 00:00:06', '2020-01-01 01:17:52.431061', NULL, 143, 12, NULL, 'z_parkowaniem', 'UUB09YD'),
(568, '2020-01-01 00:01:24', '2020-01-01 04:12:35.822609', NULL, 63, 54, NULL, 'bez_parkowania', 'TCC22BG'),
(569, '2020-04-05 10:42:17', '2020-04-05 13:57:25.981542', NULL, NULL, 91, NULL, 'bez_parkowania', 'BGC37PL'),
(570, '2020-02-10 01:34:58', '2020-02-10 05:13:37.663203', NULL, NULL, 2, NULL, 'z_parkowaniem', 'VFL27FT'),
(571, '2020-01-10 07:09:45', '2020-01-10 09:36:17.813563', NULL, 82, 66, NULL, 'z_parkowaniem', 'TLP89DI'),
(572, '2020-05-22 11:24:32', '2020-05-22 15:15:00.769567', NULL, NULL, 97, NULL, 'bez_parkowania', 'WJC67AM'),
(573, '2020-01-11 13:21:44', '2020-01-11 15:51:38.439169', NULL, 142, 55, NULL, 'bez_parkowania', 'CBI92LA'),
(574, '2020-03-28 12:02:21', '2020-03-28 16:02:38.731889', NULL, 212, 93, NULL, 'z_parkowaniem', 'TWD14FT'),
(575, '2020-02-22 06:08:08', '2020-02-22 10:26:10.737478', NULL, NULL, 30, NULL, 'z_parkowaniem', 'OTD32ED'),
(576, '2020-01-01 00:00:08', '2020-01-01 03:25:30.030945', NULL, 9, 46, NULL, 'bez_parkowania', 'SFU71WI'),
(577, '2020-01-11 18:59:55', '2020-01-11 19:05:32.340505', NULL, 71, 57, NULL, 'bez_parkowania', 'CYP38GU'),
(578, '2020-01-01 00:03:28', '2020-01-01 02:16:58.2734', NULL, 2, 47, NULL, 'z_parkowaniem', 'GLI63LF'),
(579, '2020-05-03 15:38:12', '2020-05-03 19:31:27.157581', NULL, 37, 13, NULL, 'bez_parkowania', 'YYS23QV'),
(580, '2020-01-17 11:52:57', '2020-01-17 12:41:06.469546', NULL, NULL, 89, NULL, 'z_parkowaniem', 'XGY64LW'),
(581, '2020-04-06 23:38:16', '2020-04-07 00:32:15.18708', NULL, 119, 42, NULL, 'bez_parkowania', 'DIN67BZ'),
(582, '2020-02-09 14:49:12', '2020-02-09 19:03:43.758153', NULL, 25, 60, NULL, 'z_parkowaniem', 'YZC64DJ'),
(583, '2020-04-22 23:39:47', '2020-04-23 03:53:10.514358', NULL, NULL, 32, NULL, 'z_parkowaniem', 'XOH46EU'),
(584, '2020-01-01 00:10:00', '2020-01-01 03:44:54.106921', NULL, NULL, 71, NULL, 'bez_parkowania', 'YZF38FM'),
(585, '2020-01-27 02:32:07', '2020-01-27 04:01:38.992615', NULL, NULL, 44, NULL, 'z_parkowaniem', 'OUT16MW'),
(586, '2020-01-01 00:00:55', '2020-01-01 02:14:40.455199', NULL, 68, 4, NULL, 'bez_parkowania', 'GZO00TP'),
(587, '2020-04-28 15:44:53', '2020-04-28 16:12:04.278873', NULL, NULL, 15, NULL, 'z_parkowaniem', 'DKB38LR'),
(588, '2020-01-01 01:04:09', '2020-01-01 04:45:23.351378', NULL, 73, 95, NULL, 'bez_parkowania', 'XPJ08ES'),
(589, '2020-01-01 00:00:27', '2020-01-01 00:33:26.271893', NULL, 74, 5, NULL, 'bez_parkowania', 'WNU61DL'),
(590, '2020-03-08 15:05:54', '2020-03-08 15:27:42.956495', NULL, 11, 34, NULL, 'z_parkowaniem', 'HPQ82KV'),
(591, '2020-01-01 01:42:50', '2020-01-01 04:26:40.219177', NULL, NULL, 18, NULL, 'bez_parkowania', 'ZRJ35DN'),
(592, '2020-01-01 01:07:34', '2020-01-01 04:15:10.603006', NULL, 38, 23, NULL, 'z_parkowaniem', 'DKR92GE'),
(593, '2020-02-20 05:50:26', '2020-02-20 06:48:31.529004', NULL, 6, 84, NULL, 'bez_parkowania', 'AAH88TV'),
(594, '2020-04-03 20:22:54', '2020-04-03 23:35:04.412921', NULL, 201, 35, NULL, 'z_parkowaniem', 'XSS65WE'),
(595, '2020-04-17 06:04:22', '2020-04-17 09:04:53.238632', NULL, 167, 73, NULL, 'bez_parkowania', 'JJZ70WY'),
(596, '2020-02-29 02:11:11', '2020-02-29 06:28:39.775715', NULL, 95, 86, NULL, 'z_parkowaniem', 'ZVY24IC'),
(597, '2020-03-20 09:27:48', '2020-03-20 13:10:57.952726', NULL, 209, 75, NULL, 'bez_parkowania', 'PFI20MD'),
(598, '2020-03-27 23:03:21', '2020-03-27 23:59:47.435583', NULL, 81, 88, NULL, 'z_parkowaniem', 'LRS38FW'),
(599, '2020-01-02 01:18:41', '2020-01-02 01:45:59.528063', NULL, 207, 77, NULL, 'z_parkowaniem', 'PVW35SL'),
(600, '2020-03-20 00:30:25', '2020-03-20 04:31:10.947572', NULL, 43, 68, NULL, 'bez_parkowania', 'NJE60PO');
INSERT INTO pobyty(id, godzina_rozpoczecia, godzina_zakonczenia, należność, konta_id, wjazdowe_bramki_id, wyjazdowe_bramki_id, selektor, pojazdy_rejestracja) VALUES
(601, '2020-04-09 13:41:57', '2020-04-09 16:59:09.053421', NULL, NULL, 86, NULL, 'bez_parkowania', 'ENS96FV'),
(602, '2020-01-20 08:00:16', '2020-01-20 10:35:00.088944', NULL, 247, 91, NULL, 'z_parkowaniem', 'DAH09AN'),
(603, '2020-03-26 12:54:15', NULL, NULL, 116, 23, NULL, 'z_parkowaniem', 'TWD14FT'),
(604, '2020-02-23 11:42:24', '2020-02-23 13:31:57.763507', NULL, 220, 99, NULL, 'bez_parkowania', 'CYP38GU'),
(605, '2020-01-01 00:02:29', '2020-01-01 01:14:41.09035', NULL, NULL, 9, NULL, 'z_parkowaniem', 'BLI53FV'),
(606, '2020-02-12 13:25:00', '2020-02-12 15:33:44.925586', NULL, NULL, 75, NULL, 'bez_parkowania', 'BIC20XX'),
(607, '2020-01-01 00:01:25', '2020-01-01 01:17:32.358678', NULL, 30, 97, NULL, 'z_parkowaniem', 'XSS65WE'),
(608, '2020-02-16 11:20:10', '2020-02-16 15:12:02.326147', NULL, NULL, 21, NULL, 'bez_parkowania', 'EXO51KP'),
(609, '2020-05-05 03:43:36', '2020-05-05 06:26:07.759217', NULL, NULL, 93, NULL, 'z_parkowaniem', 'CBI92LA'),
(610, '2020-06-06 20:31:47', '2020-06-06 22:34:54.860569', NULL, 241, 35, NULL, 'bez_parkowania', 'ZVY24IC'),
(611, '2020-01-08 17:18:28', '2020-01-08 20:47:35.275515', NULL, 198, 12, NULL, 'z_parkowaniem', 'YWC89AI'),
(612, '2020-05-24 19:46:58', '2020-05-24 21:09:47.756643', NULL, 8, 88, NULL, 'bez_parkowania', 'AWP78EM'),
(613, '2020-02-01 16:53:55', '2020-02-01 18:17:14.195382', NULL, NULL, 2, NULL, 'z_parkowaniem', 'CNF85SX'),
(614, '2020-04-30 13:51:06', '2020-04-30 14:34:09.427116', NULL, 250, 77, NULL, 'bez_parkowania', 'RBZ27PY'),
(615, '2020-01-01 00:10:28', '2020-01-01 03:13:16.495143', NULL, 92, 89, NULL, 'z_parkowaniem', 'BGC37PL'),
(616, '2020-01-01 00:00:23', '2020-01-01 03:09:18.250918', NULL, 61, 25, NULL, 'bez_parkowania', 'WNU61DL'),
(617, '2020-05-17 22:03:46', '2020-05-18 00:20:30.583586', NULL, NULL, 54, NULL, 'z_parkowaniem', 'UFK91FJ'),
(618, '2020-05-17 13:01:12', '2020-05-17 13:28:01.88351', NULL, 72, 37, NULL, 'bez_parkowania', 'WSO76BP'),
(619, '2020-01-01 00:15:08', '2020-01-01 01:15:34.031133', NULL, NULL, 68, NULL, 'z_parkowaniem', 'UOP53NS'),
(620, '2020-05-03 09:51:12', '2020-05-03 09:53:49.618663', NULL, 208, 13, NULL, 'bez_parkowania', 'XEW99IS'),
(621, '2020-04-07 03:54:39', '2020-04-07 07:21:14.837915', NULL, 139, 80, NULL, 'z_parkowaniem', 'GLI63LF'),
(622, '2020-01-01 00:01:20', '2020-01-01 03:37:48.906282', NULL, NULL, 4, NULL, 'bez_parkowania', 'DIN67BZ'),
(623, '2020-04-09 22:00:44', '2020-04-09 23:25:28.812129', NULL, 156, 66, NULL, 'bez_parkowania', 'NJQ92RC'),
(624, '2020-01-27 14:09:49', '2020-01-27 14:39:35.026661', NULL, 84, 95, NULL, 'z_parkowaniem', 'ACC86KW'),
(625, '2020-04-29 21:44:59', '2020-04-29 23:57:22.252643', NULL, 188, 69, NULL, 'z_parkowaniem', 'UUB09YD'),
(626, '2020-04-09 03:02:51', '2020-04-09 03:36:36.347611', NULL, NULL, 15, NULL, 'bez_parkowania', 'GZO00TP'),
(627, '2020-01-01 01:54:07', '2020-01-01 02:22:22.098872', NULL, NULL, 28, NULL, 'z_parkowaniem', 'RSX32UZ'),
(628, '2020-02-05 08:03:50', '2020-02-05 11:56:54.472555', NULL, NULL, 40, NULL, 'bez_parkowania', 'OTD32ED'),
(629, '2020-01-01 00:00:10', '2020-01-01 04:18:18.563209', NULL, 48, 5, NULL, 'z_parkowaniem', 'DKB38LR'),
(630, '2020-01-01 01:23:04', '2020-01-01 04:45:48.086872', NULL, 66, 55, NULL, 'bez_parkowania', 'TCC22BG'),
(631, '2020-04-20 09:27:40', '2020-04-20 11:27:09.057702', NULL, 115, 82, NULL, 'z_parkowaniem', 'HPQ82KV'),
(632, '2020-01-01 04:07:06', '2020-01-01 04:09:52.908023', NULL, 53, 30, NULL, 'bez_parkowania', 'YYS23QV'),
(633, '2020-01-01 00:11:04', '2020-01-01 02:51:00.550083', NULL, 56, 42, NULL, 'bez_parkowania', 'VFL27FT'),
(634, '2020-06-05 15:11:53', '2020-06-05 18:33:42.754556', NULL, NULL, 46, NULL, 'z_parkowaniem', 'XGY64LW'),
(635, '2020-01-06 16:35:39', '2020-01-06 18:09:51.96747', NULL, 194, 71, NULL, 'z_parkowaniem', 'DKR92GE'),
(636, '2020-04-13 19:50:10', '2020-04-13 21:27:02.662606', NULL, 108, 18, NULL, 'bez_parkowania', 'YZC64DJ'),
(637, '2020-01-01 00:00:08', '2020-01-01 03:06:17.039388', NULL, 82, 84, NULL, 'z_parkowaniem', 'AAH88TV'),
(638, '2020-01-01 00:42:29', '2020-01-01 02:05:04.02401', NULL, 245, 32, NULL, 'bez_parkowania', 'SFU71WI'),
(639, '2020-05-28 13:18:22', '2020-05-28 13:28:43.23701', NULL, 105, 57, NULL, 'bez_parkowania', 'XOH46EU'),
(640, '2020-01-01 00:00:24', '2020-01-01 03:16:07.981144', NULL, 200, 73, NULL, 'z_parkowaniem', 'OUT16MW'),
(641, '2020-01-01 00:15:44', '2020-01-01 04:18:50.71782', NULL, NULL, 47, NULL, 'bez_parkowania', 'JJZ70WY'),
(642, '2020-03-04 21:32:46', '2020-03-04 23:46:55.669502', NULL, 250, 60, NULL, 'z_parkowaniem', 'PFI20MD'),
(643, '2020-01-01 00:19:14', '2020-01-01 02:18:06.55908', NULL, NULL, 49, NULL, 'z_parkowaniem', 'LRS38FW'),
(644, '2020-05-31 14:01:15', '2020-05-31 16:23:26.582145', NULL, 30, 44, NULL, 'bez_parkowania', 'PVW35SL'),
(645, '2020-01-01 00:06:10', '2020-01-01 03:53:53.625334', NULL, 157, 61, NULL, 'z_parkowaniem', 'YZF38FM'),
(646, '2020-06-10 18:09:24', '2020-06-10 19:17:49.764315', NULL, 175, 8, NULL, 'bez_parkowania', 'NJE60PO'),
(647, '2020-04-03 05:10:25', '2020-04-03 07:12:20.782324', NULL, 229, 51, NULL, 'bez_parkowania', 'TLP89DI'),
(648, '2020-01-19 00:13:01', '2020-01-19 02:21:51.046391', NULL, 164, 64, NULL, 'z_parkowaniem', 'XPJ08ES'),
(649, '2020-01-01 00:10:42', '2020-01-01 03:34:25.705756', NULL, 57, 20, NULL, 'bez_parkowania', 'ZRJ35DN'),
(650, '2020-04-01 15:50:49', '2020-04-01 18:36:45.11849', NULL, 195, 34, NULL, 'z_parkowaniem', 'WJC67AM');
INSERT INTO pobyty(id, godzina_rozpoczecia, godzina_zakonczenia, należność, konta_id, wjazdowe_bramki_id, wyjazdowe_bramki_id, selektor, pojazdy_rejestracja) VALUES
(651, '2020-05-14 02:00:47', '2020-05-14 03:05:39.784521', NULL, 76, 46, NULL, 'z_parkowaniem', 'OTD32ED'),
(652, '2020-02-01 01:30:22', '2020-02-01 04:59:56.813847', NULL, 166, 71, NULL, 'bez_parkowania', 'BIC20XX'),
(653, '2020-03-24 16:09:21', '2020-03-24 18:55:00.167635', NULL, NULL, 99, NULL, 'z_parkowaniem', 'SFU71WI'),
(654, '2020-02-23 02:54:03', NULL, NULL, 31, 25, NULL, 'bez_parkowania', 'ACC86KW'),
(655, '2020-02-03 15:08:48', '2020-02-03 17:16:28.471482', NULL, NULL, 84, NULL, 'z_parkowaniem', 'DAH09AN'),
(656, '2020-01-01 00:13:36', '2020-01-01 02:11:10.704792', NULL, 131, 89, NULL, 'bez_parkowania', 'DIN67BZ'),
(657, '2020-02-05 16:17:46', '2020-02-05 18:24:36.137055', NULL, 112, 12, NULL, 'bez_parkowania', 'YYS23QV'),
(658, '2020-01-01 00:04:26', '2020-01-01 04:00:48.187435', NULL, NULL, 2, NULL, 'z_parkowaniem', 'GZO00TP'),
(659, '2020-01-01 00:00:18', '2020-01-01 03:22:44.794221', NULL, 206, 95, NULL, 'z_parkowaniem', 'XGY64LW'),
(660, '2020-03-31 08:21:04', '2020-03-31 10:54:46.903812', NULL, NULL, 73, NULL, 'bez_parkowania', 'YZC64DJ'),
(661, '2020-01-01 01:36:29', '2020-01-01 03:54:58.156274', NULL, 90, 13, NULL, 'z_parkowaniem', 'OUT16MW'),
(662, '2020-01-01 00:00:08', '2020-01-01 02:35:44.88656', NULL, 122, 4, NULL, 'bez_parkowania', 'JJZ70WY'),
(663, '2020-03-30 09:45:23', '2020-03-30 13:08:03.896328', NULL, 72, 15, NULL, 'bez_parkowania', 'AWP78EM'),
(664, '2020-01-01 00:09:49', '2020-01-01 04:02:55.467762', NULL, 7, 57, NULL, 'z_parkowaniem', 'XOH46EU'),
(665, '2020-01-01 02:13:09', '2020-01-01 03:00:37.542854', NULL, NULL, 47, NULL, 'z_parkowaniem', 'WNU61DL'),
(666, '2020-05-08 08:04:28', '2020-05-08 08:28:25.69188', NULL, 9, 37, NULL, 'bez_parkowania', 'CNF85SX'),
(667, '2020-05-17 20:27:49', '2020-05-17 23:59:10.454678', NULL, 125, 60, NULL, 'z_parkowaniem', 'UFK91FJ'),
(668, '2020-01-02 01:19:00', '2020-01-02 01:48:24.266808', NULL, 68, 28, NULL, 'bez_parkowania', 'BGC37PL'),
(669, '2020-03-10 01:50:18', '2020-03-10 05:00:09.600759', NULL, NULL, 5, NULL, 'bez_parkowania', 'PFI20MD'),
(670, '2020-03-09 05:55:06', '2020-03-09 08:08:23.843933', NULL, NULL, 91, NULL, 'z_parkowaniem', 'CYP38GU'),
(671, '2020-05-17 05:57:38', '2020-05-17 07:50:11.665358', NULL, 14, 40, NULL, 'bez_parkowania', 'LRS38FW'),
(672, '2020-05-10 09:26:31', '2020-05-10 13:41:16.735831', NULL, NULL, 30, NULL, 'z_parkowaniem', 'YZF38FM'),
(673, '2020-01-01 00:11:26', '2020-01-01 02:10:31.559011', NULL, NULL, 97, NULL, 'z_parkowaniem', 'XPJ08ES'),
(674, '2020-05-27 05:17:47', '2020-05-27 05:25:10.0814', NULL, NULL, 18, NULL, 'bez_parkowania', 'DKB38LR'),
(675, '2020-01-01 00:00:42', '2020-01-01 04:08:50.511048', NULL, NULL, 8, NULL, 'bez_parkowania', 'WSO76BP'),
(676, '2020-01-01 00:12:26', '2020-01-01 02:16:08.435564', NULL, 99, 93, NULL, 'z_parkowaniem', 'ZRJ35DN'),
(677, '2020-01-01 00:07:22', '2020-01-01 01:34:29.543763', NULL, 104, 86, NULL, 'bez_parkowania', 'HPQ82KV'),
(678, '2020-01-01 00:01:01', '2020-01-01 01:00:22.821393', NULL, 146, 20, NULL, 'z_parkowaniem', 'XSS65WE'),
(679, '2020-03-01 01:24:45', '2020-03-01 04:46:05.751114', NULL, 158, 42, NULL, 'bez_parkowania', 'PVW35SL'),
(680, '2020-04-10 23:32:53', '2020-04-11 03:41:57.706684', NULL, 24, 32, NULL, 'z_parkowaniem', 'ZVY24IC'),
(681, '2020-04-10 15:03:30', '2020-04-10 19:10:48.162941', NULL, NULL, 49, NULL, 'z_parkowaniem', 'YWC89AI'),
(682, '2020-03-08 11:37:57', '2020-03-08 14:50:48.442242', NULL, 185, 44, NULL, 'bez_parkowania', 'DKR92GE'),
(683, '2020-01-01 01:01:46', '2020-01-01 03:55:40.557433', NULL, 229, 34, NULL, 'z_parkowaniem', 'AAH88TV'),
(684, '2020-04-20 15:00:46', '2020-04-20 16:58:49.00445', NULL, 71, 61, NULL, 'bez_parkowania', 'UOP53NS'),
(685, '2020-02-25 06:38:52', '2020-02-25 07:55:09.074127', NULL, 239, 9, NULL, 'z_parkowaniem', 'ENS96FV'),
(686, '2020-04-13 22:21:51', '2020-04-14 01:05:36.281005', NULL, 183, 23, NULL, 'bez_parkowania', 'NJE60PO'),
(687, '2020-05-12 13:14:02', '2020-05-12 13:52:10.282013', NULL, 82, 51, NULL, 'z_parkowaniem', 'RBZ27PY'),
(688, '2020-06-01 12:39:32', '2020-06-01 13:39:33.543537', NULL, NULL, 75, NULL, 'bez_parkowania', 'BLI53FV'),
(689, '2020-04-21 05:30:50', '2020-04-21 06:09:03.551652', NULL, 101, 21, NULL, 'bez_parkowania', 'EXO51KP'),
(690, '2020-01-01 00:12:06', '2020-01-01 03:12:41.166566', NULL, 236, 88, NULL, 'z_parkowaniem', 'XEW99IS'),
(691, '2020-01-20 21:26:02', '2020-01-20 21:50:19.205739', NULL, 204, 77, NULL, 'z_parkowaniem', 'CBI92LA'),
(692, '2020-04-17 21:06:34', '2020-04-17 22:41:48.902945', NULL, NULL, 35, NULL, 'bez_parkowania', 'GLI63LF'),
(693, '2020-06-04 12:11:02', '2020-06-04 14:17:55.264019', NULL, 238, 64, NULL, 'z_parkowaniem', 'UUB09YD'),
(694, '2020-02-14 06:17:14', '2020-02-14 06:45:51.743114', NULL, NULL, 54, NULL, 'bez_parkowania', 'NJQ92RC'),
(695, '2020-01-11 08:26:20', '2020-01-11 08:39:29.946229', NULL, 30, 68, NULL, 'bez_parkowania', 'TCC22BG'),
(696, '2020-01-20 23:57:39', '2020-01-21 03:14:26.735708', NULL, 187, 66, NULL, 'z_parkowaniem', 'RSX32UZ'),
(697, '2020-03-25 05:28:46', '2020-03-25 09:01:54.235555', NULL, 104, 55, NULL, 'z_parkowaniem', 'VFL27FT'),
(698, '2020-03-11 07:38:29', '2020-03-11 08:09:30.705813', NULL, 45, 80, NULL, 'bez_parkowania', 'TLP89DI'),
(699, '2020-06-07 08:36:10', '2020-06-07 11:02:07.935653', NULL, 189, 69, NULL, 'z_parkowaniem', 'WJC67AM'),
(700, '2020-05-02 13:53:17', '2020-05-02 13:59:06.091538', NULL, 69, 82, NULL, 'bez_parkowania', 'TWD14FT');
INSERT INTO pobyty(id, godzina_rozpoczecia, godzina_zakonczenia, należność, konta_id, wjazdowe_bramki_id, wyjazdowe_bramki_id, selektor, pojazdy_rejestracja) VALUES
(701, '2020-01-01 00:01:07', '2020-01-01 01:50:09.586401', NULL, 16, 99, NULL, 'bez_parkowania', 'DIN67BZ'),
(702, '2020-03-06 22:02:45', '2020-03-06 22:29:02.283129', NULL, 46, 86, NULL, 'z_parkowaniem', 'GZO00TP'),
(703, '2020-01-01 01:52:48', '2020-01-01 05:01:42.83442', NULL, 91, 13, NULL, 'z_parkowaniem', 'DKB38LR'),
(704, '2020-05-23 14:53:11', '2020-05-23 15:25:07.400183', NULL, 165, 4, NULL, 'bez_parkowania', 'DAH09AN'),
(705, '2020-02-06 08:27:21', '2020-02-06 10:42:54.742205', NULL, 164, 49, NULL, 'z_parkowaniem', 'HPQ82KV'),
(706, '2020-01-01 00:00:47', '2020-01-01 02:55:55.600455', NULL, NULL, 75, NULL, 'bez_parkowania', 'DKR92GE'),
(707, '2020-01-01 00:00:10', '2020-01-01 01:48:50.806918', NULL, NULL, 61, NULL, 'z_parkowaniem', 'AAH88TV'),
(708, '2020-01-26 22:55:29', '2020-01-27 02:02:55.313175', NULL, NULL, 15, NULL, 'bez_parkowania', 'XOH46EU'),
(709, '2020-03-06 20:07:41', '2020-03-06 20:20:26.19013', NULL, NULL, 95, NULL, 'bez_parkowania', 'ENS96FV'),
(710, '2020-03-21 20:42:05', NULL, NULL, 87, 91, NULL, 'z_parkowaniem', 'PVW35SL'),
(711, '2020-03-07 11:18:58', '2020-03-07 15:36:46.544341', NULL, NULL, 5, NULL, 'z_parkowaniem', 'WNU61DL'),
(712, '2020-02-28 03:06:17', '2020-02-28 04:32:38.092675', NULL, 68, 18, NULL, 'bez_parkowania', 'UFK91FJ'),
(713, '2020-01-01 02:17:54', '2020-01-01 04:14:55.166117', NULL, 229, 97, NULL, 'z_parkowaniem', 'AWP78EM'),
(714, '2020-02-01 06:34:02', '2020-02-01 08:04:58.928105', NULL, 139, 37, NULL, 'bez_parkowania', 'CNF85SX'),
(715, '2020-04-21 14:01:27', '2020-04-21 16:26:57.303375', NULL, NULL, 8, NULL, 'bez_parkowania', 'YZF38FM'),
(716, '2020-02-02 14:53:31', '2020-02-02 17:46:39.95387', NULL, 112, 88, NULL, 'z_parkowaniem', 'BLI53FV'),
(717, '2020-04-20 05:08:06', '2020-04-20 08:52:58.438581', NULL, 195, 77, NULL, 'bez_parkowania', 'NJE60PO'),
(718, '2020-03-26 02:28:23', '2020-03-26 04:09:38.097305', NULL, NULL, 93, NULL, 'z_parkowaniem', 'XPJ08ES'),
(719, '2020-01-17 07:42:44', '2020-01-17 09:37:39.189703', NULL, 6, 68, NULL, 'z_parkowaniem', 'RBZ27PY'),
(720, '2020-05-10 07:55:07', '2020-05-10 09:08:11.303411', NULL, 158, 20, NULL, 'bez_parkowania', 'NJQ92RC'),
(721, '2020-02-29 15:29:18', '2020-02-29 16:51:44.780697', NULL, 9, 28, NULL, 'bez_parkowania', 'ZRJ35DN'),
(722, '2020-05-16 19:48:52', '2020-05-16 22:01:16.767088', NULL, NULL, 40, NULL, 'z_parkowaniem', 'WSO76BP'),
(723, '2020-01-01 00:01:55', '2020-01-01 01:31:26.93649', NULL, 60, 30, NULL, 'z_parkowaniem', 'UOP53NS'),
(724, '2020-01-25 09:51:26', '2020-01-25 11:52:56.719656', NULL, 72, 9, NULL, 'bez_parkowania', 'XSS65WE'),
(725, '2020-06-07 06:20:10', '2020-06-07 09:00:35.779628', NULL, NULL, 51, NULL, 'bez_parkowania', 'EXO51KP'),
(726, '2020-01-01 00:01:08', '2020-01-01 03:22:47.115134', NULL, NULL, 42, NULL, 'z_parkowaniem', 'CBI92LA'),
(727, '2020-01-09 11:54:58', '2020-01-09 14:17:27.504028', NULL, NULL, 64, NULL, 'bez_parkowania', 'ZVY24IC'),
(728, '2020-01-01 00:00:04', '2020-01-01 03:31:01.331069', NULL, NULL, 54, NULL, 'z_parkowaniem', 'GLI63LF'),
(729, '2020-02-25 06:51:59', '2020-02-25 07:34:06.29119', NULL, 36, 66, NULL, 'bez_parkowania', 'YWC89AI'),
(730, '2020-01-01 00:01:32', '2020-01-01 01:03:14.086192', NULL, 239, 21, NULL, 'z_parkowaniem', 'ACC86KW'),
(731, '2020-05-21 18:10:18', '2020-05-21 20:36:23.257861', NULL, 14, 80, NULL, 'z_parkowaniem', 'RSX32UZ'),
(732, '2020-02-02 17:56:04', '2020-02-02 21:43:07.260939', NULL, 95, 69, NULL, 'bez_parkowania', 'OTD32ED'),
(733, '2020-04-24 23:09:14', '2020-04-24 23:21:47.965549', NULL, NULL, 12, NULL, 'z_parkowaniem', 'XEW99IS'),
(734, '2020-05-01 21:21:03', '2020-05-01 21:37:33.564722', NULL, 2, 82, NULL, 'bez_parkowania', 'SFU71WI'),
(735, '2020-01-01 01:53:30', '2020-01-01 04:44:59.455947', NULL, 8, 71, NULL, 'bez_parkowania', 'YYS23QV'),
(736, '2020-01-25 15:20:50', '2020-01-25 17:03:34.954943', NULL, NULL, 89, NULL, 'z_parkowaniem', 'OUT16MW'),
(737, '2020-01-01 00:05:32', '2020-01-01 04:01:53.474252', NULL, NULL, 84, NULL, 'z_parkowaniem', 'JJZ70WY'),
(738, '2020-03-25 23:17:29', '2020-03-26 01:22:08.972217', NULL, 234, 55, NULL, 'bez_parkowania', 'PFI20MD'),
(739, '2020-04-02 10:15:24', '2020-04-02 11:38:21.463262', NULL, 203, 46, NULL, 'bez_parkowania', 'LRS38FW'),
(740, '2020-04-14 14:36:43', '2020-04-14 16:16:47.738487', NULL, 178, 73, NULL, 'z_parkowaniem', 'BGC37PL'),
(741, '2020-01-10 23:34:18', '2020-01-11 02:20:48.964347', NULL, 137, 57, NULL, 'z_parkowaniem', 'CYP38GU'),
(742, '2020-05-29 05:57:44', '2020-05-29 09:00:27.081257', NULL, 2, 47, NULL, 'bez_parkowania', 'XGY64LW'),
(743, '2020-04-26 11:13:23', '2020-04-26 13:40:10.715246', NULL, 150, 60, NULL, 'bez_parkowania', 'BIC20XX'),
(744, '2020-05-18 13:14:35', '2020-05-18 13:43:15.31059', NULL, 32, 2, NULL, 'z_parkowaniem', 'UUB09YD'),
(745, '2020-05-28 04:31:04', '2020-05-28 05:33:54.525795', NULL, 205, 32, NULL, 'z_parkowaniem', 'YZC64DJ'),
(746, '2020-01-26 00:31:25', '2020-01-26 01:05:41.774111', NULL, 206, 44, NULL, 'bez_parkowania', 'TCC22BG'),
(747, '2020-04-09 10:27:02', '2020-04-09 11:07:13.773144', NULL, 12, 34, NULL, 'bez_parkowania', 'VFL27FT'),
(748, '2020-01-01 00:08:02', '2020-01-01 01:17:52.984649', NULL, 37, 23, NULL, 'z_parkowaniem', 'TLP89DI'),
(749, '2020-05-23 21:55:53', '2020-05-24 00:56:10.404842', NULL, 184, 35, NULL, 'z_parkowaniem', 'WJC67AM'),
(750, '2020-01-02 10:31:39', '2020-01-02 14:40:54.55329', NULL, 148, 25, NULL, 'bez_parkowania', 'TWD14FT');
INSERT INTO pobyty(id, godzina_rozpoczecia, godzina_zakonczenia, należność, konta_id, wjazdowe_bramki_id, wyjazdowe_bramki_id, selektor, pojazdy_rejestracja) VALUES
(751, '2020-05-04 05:48:37', '2020-05-04 08:18:32.007253', NULL, 147, 99, NULL, 'bez_parkowania', 'YZF38FM'),
(752, '2020-01-01 00:09:37', '2020-01-01 00:35:12.076946', NULL, NULL, 5, NULL, 'z_parkowaniem', 'CNF85SX'),
(753, '2020-01-03 01:57:29', '2020-01-03 05:01:15.97552', NULL, 30, 64, NULL, 'z_parkowaniem', 'DAH09AN'),
(754, '2020-01-01 00:00:15', '2020-01-01 00:05:41.762268', NULL, 193, 18, NULL, 'bez_parkowania', 'SFU71WI'),
(755, '2020-03-12 09:23:07', '2020-03-12 10:21:10.31116', NULL, 82, 42, NULL, 'z_parkowaniem', 'EXO51KP'),
(756, '2020-06-05 22:41:34', '2020-06-06 00:57:39.082503', NULL, 108, 8, NULL, 'bez_parkowania', 'XPJ08ES'),
(757, '2020-06-01 07:58:39', '2020-06-01 09:52:48.755366', NULL, NULL, 89, NULL, 'bez_parkowania', 'ZRJ35DN'),
(758, '2020-01-01 00:56:07', '2020-01-01 04:14:51.476833', NULL, NULL, 20, NULL, 'z_parkowaniem', 'OUT16MW'),
(759, '2020-02-16 07:08:18', '2020-02-16 07:20:46.511518', NULL, 53, 73, NULL, 'z_parkowaniem', 'CBI92LA'),
(760, '2020-01-01 02:24:31', '2020-01-01 04:58:29.390869', NULL, NULL, 9, NULL, 'bez_parkowania', 'BGC37PL'),
(761, '2020-02-25 19:24:47', '2020-02-25 22:25:27.881104', NULL, NULL, 21, NULL, 'bez_parkowania', 'XSS65WE'),
(762, '2020-01-01 00:00:05', '2020-01-01 04:04:16.463211', NULL, 115, 32, NULL, 'z_parkowaniem', 'CYP38GU'),
(763, '2020-02-22 13:45:35', NULL, NULL, 103, 95, NULL, 'bez_parkowania', 'ZVY24IC'),
(764, '2020-01-01 00:00:08', '2020-01-01 03:50:52.906106', NULL, NULL, 44, NULL, 'z_parkowaniem', 'BIC20XX'),
(765, '2020-05-21 23:15:30', '2020-05-22 01:36:15.37768', NULL, NULL, 91, NULL, 'bez_parkowania', 'AWP78EM'),
(766, '2020-01-01 00:00:43', '2020-01-01 02:45:38.169111', NULL, 220, 34, NULL, 'z_parkowaniem', 'UUB09YD'),
(767, '2020-01-05 12:34:05', '2020-01-05 16:29:17.015986', NULL, NULL, 12, NULL, 'bez_parkowania', 'JJZ70WY'),
(768, '2020-05-12 05:05:59', '2020-05-12 09:09:16.410642', NULL, 90, 54, NULL, 'z_parkowaniem', 'YWC89AI'),
(769, '2020-01-01 00:00:21', '2020-01-01 03:32:41.81806', NULL, 102, 97, NULL, 'bez_parkowania', 'GLI63LF'),
(770, '2020-02-04 05:20:20', '2020-02-04 07:42:26.115671', NULL, NULL, 2, NULL, 'z_parkowaniem', 'PFI20MD'),
(771, '2020-02-08 02:55:28', '2020-02-08 03:54:21.603856', NULL, 6, 93, NULL, 'z_parkowaniem', 'DIN67BZ'),
(772, '2020-04-21 00:41:19', '2020-04-21 00:45:10.061519', NULL, NULL, 23, NULL, 'bez_parkowania', 'ACC86KW'),
(773, '2020-04-11 13:42:33', '2020-04-11 16:06:29.823244', NULL, 247, 13, NULL, 'bez_parkowania', 'LRS38FW'),
(774, '2020-04-16 02:23:43', '2020-04-16 04:05:34.879884', NULL, NULL, 86, NULL, 'z_parkowaniem', 'TCC22BG'),
(775, '2020-03-23 19:15:58', '2020-03-23 23:20:24.365644', NULL, 101, 4, NULL, 'bez_parkowania', 'PVW35SL'),
(776, '2020-01-01 00:04:37', '2020-01-01 03:17:22.326181', NULL, 2, 35, NULL, 'z_parkowaniem', 'NJE60PO'),
(777, '2020-01-01 00:00:51', '2020-01-01 00:26:03.433874', NULL, 47, 75, NULL, 'z_parkowaniem', 'VFL27FT'),
(778, '2020-01-01 00:00:52', '2020-01-01 01:08:40.958874', NULL, 88, 15, NULL, 'bez_parkowania', 'GZO00TP'),
(779, '2020-03-25 14:40:52', '2020-03-25 15:42:06.262388', NULL, 144, 25, NULL, 'bez_parkowania', 'TLP89DI'),
(780, '2020-01-01 00:12:44', '2020-01-01 03:33:28.622539', NULL, NULL, 37, NULL, 'z_parkowaniem', 'WJC67AM'),
(781, '2020-03-31 08:41:29', '2020-03-31 09:37:24.441403', NULL, 155, 66, NULL, 'bez_parkowania', 'TWD14FT'),
(782, '2020-01-01 02:05:39', '2020-01-01 02:17:10.976978', NULL, 52, 28, NULL, 'z_parkowaniem', 'YYS23QV'),
(783, '2020-04-24 00:59:03', '2020-04-24 02:40:49.802908', NULL, 189, 55, NULL, 'bez_parkowania', 'XGY64LW'),
(784, '2020-01-01 00:00:25', '2020-01-01 02:38:48.873615', NULL, 232, 40, NULL, 'z_parkowaniem', 'RBZ27PY'),
(785, '2020-01-16 15:53:17', '2020-01-16 18:32:36.167953', NULL, 90, 46, NULL, 'z_parkowaniem', 'DKB38LR'),
(786, '2020-02-08 20:27:58', '2020-02-08 20:33:24.729007', NULL, NULL, 57, NULL, 'bez_parkowania', 'YZC64DJ'),
(787, '2020-02-14 21:52:23', '2020-02-14 23:52:02.049423', NULL, 16, 30, NULL, 'z_parkowaniem', 'WNU61DL'),
(788, '2020-01-01 00:00:21', '2020-01-01 01:28:00.3001', NULL, 2, 88, NULL, 'bez_parkowania', 'NJQ92RC'),
(789, '2020-01-01 00:01:31', '2020-01-01 03:22:38.18139', NULL, 39, 47, NULL, 'z_parkowaniem', 'UFK91FJ'),
(790, '2020-01-01 00:01:31', '2020-01-01 03:49:12.691305', NULL, 187, 77, NULL, 'bez_parkowania', 'WSO76BP'),
(791, '2020-05-02 14:12:58', '2020-05-02 15:38:47.597466', NULL, 115, 60, NULL, 'bez_parkowania', 'RSX32UZ'),
(792, '2020-04-27 16:44:41', '2020-04-27 17:41:12.695481', NULL, NULL, 68, NULL, 'z_parkowaniem', 'UOP53NS'),
(793, '2020-01-01 00:14:45', '2020-01-01 00:51:06.293705', NULL, NULL, 80, NULL, 'bez_parkowania', 'XOH46EU'),
(794, '2020-02-12 18:13:49', '2020-02-12 20:07:20.226247', NULL, 176, 69, NULL, 'z_parkowaniem', 'HPQ82KV'),
(795, '2020-05-17 05:30:07', '2020-05-17 09:48:20.920707', NULL, 9, 49, NULL, 'z_parkowaniem', 'XEW99IS'),
(796, '2020-02-18 22:49:54', '2020-02-18 23:56:03.729859', NULL, 248, 61, NULL, 'bez_parkowania', 'OTD32ED'),
(797, '2020-05-23 08:20:22', '2020-05-23 11:41:27.911399', NULL, 21, 51, NULL, 'z_parkowaniem', 'DKR92GE'),
(798, '2020-01-24 18:40:41', '2020-01-24 22:25:29.255415', NULL, 125, 82, NULL, 'bez_parkowania', 'AAH88TV'),
(799, '2020-02-04 21:50:34', '2020-02-05 00:05:16.431896', NULL, 105, 71, NULL, 'z_parkowaniem', 'ENS96FV'),
(800, '2020-01-21 21:43:34', '2020-01-21 22:47:07.752631', NULL, 25, 84, NULL, 'bez_parkowania', 'BLI53FV');
INSERT INTO pobyty(id, godzina_rozpoczecia, godzina_zakonczenia, należność, konta_id, wjazdowe_bramki_id, wyjazdowe_bramki_id, selektor, pojazdy_rejestracja) VALUES
(801, '2020-02-11 15:17:15', '2020-02-11 17:52:30.330448', NULL, 119, 12, NULL, 'z_parkowaniem', 'DKB38LR'),
(802, '2020-02-24 12:41:24', '2020-02-24 15:51:25.647608', NULL, NULL, 37, NULL, 'bez_parkowania', 'VFL27FT'),
(803, '2020-01-10 04:06:02', '2020-01-10 06:35:26.632337', NULL, 25, 75, NULL, 'bez_parkowania', 'SFU71WI'),
(804, '2020-01-01 00:01:34', '2020-01-01 04:19:56.583129', NULL, 30, 60, NULL, 'z_parkowaniem', 'BIC20XX'),
(805, '2020-01-01 02:37:46', '2020-01-01 05:49:58.004146', NULL, 95, 89, NULL, 'bez_parkowania', 'HPQ82KV'),
(806, '2020-05-14 23:27:14', '2020-05-15 00:54:25.192264', NULL, NULL, 95, NULL, 'z_parkowaniem', 'DKR92GE'),
(807, '2020-01-01 00:01:27', '2020-01-01 02:09:05.722293', NULL, 32, 91, NULL, 'z_parkowaniem', 'YZC64DJ'),
(808, '2020-02-09 11:24:38', '2020-02-09 12:46:01.738599', NULL, NULL, 2, NULL, 'bez_parkowania', 'OUT16MW'),
(809, '2020-01-26 19:53:37', '2020-01-26 20:57:59.831492', NULL, NULL, 99, NULL, 'z_parkowaniem', 'JJZ70WY'),
(810, '2020-03-14 22:31:04', NULL, NULL, 159, 28, NULL, 'bez_parkowania', 'AWP78EM'),
(811, '2020-06-08 16:23:30', '2020-06-08 18:07:54.214131', NULL, NULL, 97, NULL, 'z_parkowaniem', 'TLP89DI'),
(812, '2020-01-08 16:42:47', '2020-01-08 17:07:59.912494', NULL, NULL, 93, NULL, 'bez_parkowania', 'PFI20MD'),
(813, '2020-01-28 14:23:19', '2020-01-28 16:14:27.096459', NULL, NULL, 88, NULL, 'bez_parkowania', 'DAH09AN'),
(814, '2020-04-06 00:37:10', '2020-04-06 03:35:14.433473', NULL, NULL, 77, NULL, 'z_parkowaniem', 'WJC67AM'),
(815, '2020-01-14 06:14:48', '2020-01-14 08:24:33.56724', NULL, 66, 13, NULL, 'bez_parkowania', 'AAH88TV'),
(816, '2020-01-01 00:00:01', '2020-01-01 00:42:20.21392', NULL, 38, 49, NULL, 'z_parkowaniem', 'TWD14FT'),
(817, '2020-04-17 17:48:31', '2020-04-17 18:57:29.248768', NULL, 116, 68, NULL, 'bez_parkowania', 'CNF85SX'),
(818, '2020-04-11 22:20:26', '2020-04-12 01:18:19.919078', NULL, NULL, 61, NULL, 'z_parkowaniem', 'LRS38FW'),
(819, '2020-01-01 00:53:27', '2020-01-01 02:11:22.351459', NULL, 98, 51, NULL, 'bez_parkowania', 'XOH46EU'),
(820, '2020-01-01 00:00:25', '2020-01-01 03:41:52.71942', NULL, 156, 64, NULL, 'z_parkowaniem', 'YZF38FM'),
(821, '2020-05-24 21:10:12', '2020-05-24 21:31:04.042969', NULL, NULL, 4, NULL, 'z_parkowaniem', 'WNU61DL'),
(822, '2020-01-01 00:00:08', '2020-01-01 03:38:33.896737', NULL, NULL, 80, NULL, 'bez_parkowania', 'XPJ08ES'),
(823, '2020-01-30 00:35:32', '2020-01-30 03:08:24.287971', NULL, NULL, 69, NULL, 'z_parkowaniem', 'UFK91FJ'),
(824, '2020-01-01 00:09:16', '2020-01-01 03:11:17.479623', NULL, 237, 15, NULL, 'bez_parkowania', 'BGC37PL'),
(825, '2020-01-15 01:56:11', '2020-01-15 04:00:04.293175', NULL, 95, 40, NULL, 'z_parkowaniem', 'CYP38GU'),
(826, '2020-01-01 00:00:44', '2020-01-01 03:13:58.219083', NULL, 152, 30, NULL, 'bez_parkowania', 'ENS96FV'),
(827, '2020-01-01 00:02:59', '2020-01-01 02:45:16.593726', NULL, 207, 5, NULL, 'z_parkowaniem', 'WSO76BP'),
(828, '2020-04-06 03:45:40', '2020-04-06 06:32:13.145852', NULL, 60, 82, NULL, 'bez_parkowania', 'ZRJ35DN'),
(829, '2020-06-03 19:19:51', '2020-06-03 20:28:49.851013', NULL, NULL, 71, NULL, 'z_parkowaniem', 'XSS65WE'),
(830, '2020-02-21 07:06:33', '2020-02-21 10:45:59.295433', NULL, 189, 54, NULL, 'bez_parkowania', 'BLI53FV'),
(831, '2020-01-20 13:26:17', '2020-01-20 15:03:49.663776', NULL, 44, 42, NULL, 'bez_parkowania', 'ZVY24IC'),
(832, '2020-05-18 01:18:15', '2020-05-18 02:50:40.391986', NULL, 8, 66, NULL, 'z_parkowaniem', 'YWC89AI'),
(833, '2020-05-21 20:22:35', '2020-05-21 21:23:05.684425', NULL, 171, 55, NULL, 'z_parkowaniem', 'PVW35SL'),
(834, '2020-01-01 00:00:06', '2020-01-01 02:24:36.874837', NULL, 144, 84, NULL, 'bez_parkowania', 'UOP53NS'),
(835, '2020-02-03 22:23:04', '2020-02-04 01:13:52.356266', NULL, NULL, 18, NULL, 'z_parkowaniem', 'XEW99IS'),
(836, '2020-02-13 15:44:23', '2020-02-13 17:41:53.613682', NULL, 98, 8, NULL, 'bez_parkowania', 'UUB09YD'),
(837, '2020-05-24 00:47:45', '2020-05-24 02:54:22.048561', NULL, 64, 73, NULL, 'z_parkowaniem', 'EXO51KP'),
(838, '2020-01-22 21:16:27', '2020-01-22 23:07:51.087506', NULL, 99, 20, NULL, 'bez_parkowania', 'CBI92LA'),
(839, '2020-04-10 05:32:24', '2020-04-10 07:37:49.922252', NULL, 12, 86, NULL, 'z_parkowaniem', 'ACC86KW'),
(840, '2020-01-25 07:03:38', '2020-01-25 09:55:01.323407', NULL, 9, 9, NULL, 'bez_parkowania', 'GLI63LF'),
(841, '2020-04-28 08:25:18', '2020-04-28 12:05:42.204627', NULL, 174, 21, NULL, 'z_parkowaniem', 'TCC22BG'),
(842, '2020-01-06 11:01:19', '2020-01-06 11:07:59.68943', NULL, NULL, 46, NULL, 'bez_parkowania', 'NJE60PO'),
(843, '2020-02-10 18:52:45', '2020-02-10 22:20:04.047483', NULL, 201, 57, NULL, 'z_parkowaniem', 'YYS23QV'),
(844, '2020-06-08 23:20:36', '2020-06-09 01:24:21.180447', NULL, 165, 47, NULL, 'bez_parkowania', 'RBZ27PY'),
(845, '2020-01-01 00:01:11', '2020-01-01 01:08:23.003961', NULL, 242, 32, NULL, 'bez_parkowania', 'DIN67BZ'),
(846, '2020-01-01 00:01:29', '2020-01-01 03:28:40.355619', NULL, 72, 44, NULL, 'z_parkowaniem', 'XGY64LW'),
(847, '2020-03-10 21:57:43', '2020-03-11 01:28:50.206719', NULL, 132, 34, NULL, 'z_parkowaniem', 'NJQ92RC'),
(848, '2020-05-30 12:32:11', '2020-05-30 15:43:31.029275', NULL, 107, 23, NULL, 'bez_parkowania', 'RSX32UZ'),
(849, '2020-01-01 00:00:32', '2020-01-01 03:37:26.385626', NULL, 156, 35, NULL, 'z_parkowaniem', 'GZO00TP'),
(850, '2020-01-01 00:01:07', '2020-01-01 00:30:34.37891', NULL, 245, 25, NULL, 'bez_parkowania', 'OTD32ED');
INSERT INTO pobyty(id, godzina_rozpoczecia, godzina_zakonczenia, należność, konta_id, wjazdowe_bramki_id, wyjazdowe_bramki_id, selektor, pojazdy_rejestracja) VALUES
(851, '2020-01-01 00:00:49', '2020-01-01 02:27:27.680771', NULL, 34, 99, NULL, 'bez_parkowania', 'DAH09AN'),
(852, '2020-05-05 14:30:01', '2020-05-05 18:42:58.771237', NULL, 175, 68, NULL, 'z_parkowaniem', 'ZVY24IC'),
(853, '2020-05-09 20:57:57', NULL, NULL, NULL, 95, NULL, 'bez_parkowania', 'AWP78EM'),
(854, '2020-03-01 13:23:11', '2020-03-01 15:02:18.131564', NULL, NULL, 80, NULL, 'z_parkowaniem', 'CNF85SX'),
(855, '2020-03-31 00:49:52', '2020-03-31 04:09:16.168587', NULL, 195, 44, NULL, 'bez_parkowania', 'TCC22BG'),
(856, '2020-01-01 00:07:48', '2020-01-01 01:29:05.136184', NULL, 142, 46, NULL, 'z_parkowaniem', 'RBZ27PY'),
(857, '2020-05-24 18:30:00', '2020-05-24 21:12:01.13635', NULL, 24, 13, NULL, 'z_parkowaniem', 'ENS96FV'),
(858, '2020-05-10 05:18:01', '2020-05-10 05:50:37.697353', NULL, NULL, 91, NULL, 'bez_parkowania', 'BLI53FV'),
(859, '2020-05-06 14:40:50', '2020-05-06 16:55:13.223017', NULL, 47, 57, NULL, 'bez_parkowania', 'NJQ92RC'),
(860, '2020-02-08 20:01:05', '2020-02-08 20:55:46.567467', NULL, NULL, 4, NULL, 'z_parkowaniem', 'VFL27FT'),
(861, '2020-04-04 15:06:11', '2020-04-04 17:01:31.153468', NULL, NULL, 69, NULL, 'z_parkowaniem', 'EXO51KP'),
(862, '2020-02-13 09:10:11', '2020-02-13 09:48:21.046189', NULL, NULL, 34, NULL, 'bez_parkowania', 'BGC37PL'),
(863, '2020-02-07 11:13:55', '2020-02-07 14:31:23.221752', NULL, 142, 97, NULL, 'z_parkowaniem', 'CYP38GU'),
(864, '2020-05-16 09:26:34', '2020-05-16 10:29:50.587115', NULL, NULL, 82, NULL, 'bez_parkowania', 'CBI92LA'),
(865, '2020-06-03 04:14:14', '2020-06-03 05:14:10.090907', NULL, 113, 47, NULL, 'bez_parkowania', 'TLP89DI'),
(866, '2020-01-26 08:23:14', '2020-01-26 11:31:16.152104', NULL, 223, 93, NULL, 'z_parkowaniem', 'GLI63LF'),
(867, '2020-01-01 00:09:29', '2020-01-01 01:38:41.295085', NULL, 69, 60, NULL, 'z_parkowaniem', 'WJC67AM'),
(868, '2020-01-07 15:39:16', '2020-01-07 17:38:09.312692', NULL, 228, 23, NULL, 'bez_parkowania', 'RSX32UZ'),
(869, '2020-01-14 08:09:58', '2020-01-14 08:36:14.806244', NULL, 8, 71, NULL, 'z_parkowaniem', 'YWC89AI'),
(870, '2020-06-11 09:43:24', '2020-06-11 12:42:13.938891', NULL, NULL, 35, NULL, 'bez_parkowania', 'ACC86KW'),
(871, '2020-01-01 02:10:31', '2020-01-01 04:48:48.977646', NULL, 233, 25, NULL, 'bez_parkowania', 'OTD32ED'),
(872, '2020-01-15 14:47:51', '2020-01-15 16:05:34.319707', NULL, NULL, 15, NULL, 'z_parkowaniem', 'BIC20XX'),
(873, '2020-05-12 23:51:05', '2020-05-13 00:21:02.88073', NULL, 213, 5, NULL, 'z_parkowaniem', 'SFU71WI'),
(874, '2020-03-14 02:02:55', '2020-03-14 05:52:56.43608', NULL, 23, 84, NULL, 'bez_parkowania', 'YYS23QV'),
(875, '2020-02-17 12:55:37', '2020-02-17 15:55:06.691593', NULL, 39, 89, NULL, 'bez_parkowania', 'XGY64LW'),
(876, '2020-01-01 00:06:02', '2020-01-01 02:50:50.453785', NULL, 75, 37, NULL, 'z_parkowaniem', 'DIN67BZ'),
(877, '2020-04-04 16:54:36', '2020-04-04 18:06:26.37669', NULL, NULL, 18, NULL, 'z_parkowaniem', 'YZC64DJ'),
(878, '2020-03-06 14:51:10', '2020-03-06 15:13:18.675554', NULL, 211, 73, NULL, 'bez_parkowania', 'TWD14FT'),
(879, '2020-05-05 22:25:29', '2020-05-05 23:16:25.997657', NULL, NULL, 49, NULL, 'z_parkowaniem', 'GZO00TP'),
(880, '2020-01-21 12:19:56', '2020-01-21 12:26:05.647903', NULL, 20, 8, NULL, 'bez_parkowania', 'OUT16MW'),
(881, '2020-03-03 17:49:45', '2020-03-03 21:32:53.357323', NULL, NULL, 86, NULL, 'bez_parkowania', 'DKB38LR'),
(882, '2020-01-01 02:32:26', '2020-01-01 02:55:26.45596', NULL, 138, 75, NULL, 'z_parkowaniem', 'HPQ82KV'),
(883, '2020-01-06 02:20:03', '2020-01-06 05:53:27.366415', NULL, 90, 20, NULL, 'z_parkowaniem', 'WNU61DL'),
(884, '2020-03-22 06:10:56', '2020-03-22 07:13:13.372975', NULL, 71, 28, NULL, 'bez_parkowania', 'XOH46EU'),
(885, '2020-01-01 00:01:27', '2020-01-01 02:27:55.952407', NULL, 5, 61, NULL, 'z_parkowaniem', 'JJZ70WY'),
(886, '2020-01-01 02:12:40', '2020-01-01 06:31:52.374392', NULL, 68, 88, NULL, 'bez_parkowania', 'DKR92GE'),
(887, '2020-02-24 05:35:42', '2020-02-24 08:53:22.802189', NULL, 85, 40, NULL, 'bez_parkowania', 'UFK91FJ'),
(888, '2020-01-27 14:04:39', '2020-01-27 15:49:12.185366', NULL, NULL, 9, NULL, 'z_parkowaniem', 'WSO76BP'),
(889, '2020-06-11 01:58:21', '2020-06-11 03:24:27.622876', NULL, 175, 30, NULL, 'bez_parkowania', 'AAH88TV'),
(890, '2020-03-07 02:37:39', '2020-03-07 05:07:41.634203', NULL, 175, 42, NULL, 'z_parkowaniem', 'PFI20MD'),
(891, '2020-01-05 05:19:43', '2020-01-05 06:49:29.046942', NULL, 199, 77, NULL, 'bez_parkowania', 'UOP53NS'),
(892, '2020-01-01 00:09:15', '2020-01-01 03:21:49.02439', NULL, 17, 21, NULL, 'z_parkowaniem', 'YZF38FM'),
(893, '2020-03-25 19:25:35', '2020-03-25 22:27:27.863499', NULL, 9, 12, NULL, 'z_parkowaniem', 'XPJ08ES'),
(894, '2020-01-01 00:00:09', '2020-01-01 02:23:49.403105', NULL, 71, 32, NULL, 'bez_parkowania', 'LRS38FW'),
(895, '2020-01-01 00:00:06', '2020-01-01 01:13:16.271708', NULL, NULL, 2, NULL, 'bez_parkowania', 'PVW35SL'),
(896, '2020-01-01 02:31:14', '2020-01-01 03:12:02.342187', NULL, 123, 51, NULL, 'z_parkowaniem', 'XEW99IS'),
(897, '2020-06-01 01:14:12', '2020-06-01 04:05:27.712259', NULL, NULL, 64, NULL, 'z_parkowaniem', 'ZRJ35DN'),
(898, '2020-05-30 16:50:49', '2020-05-30 19:54:51.763738', NULL, 79, 54, NULL, 'bez_parkowania', 'NJE60PO'),
(899, '2020-05-16 18:16:17', '2020-05-16 20:25:37.752203', NULL, 124, 66, NULL, 'bez_parkowania', 'UUB09YD'),
(900, '2020-02-21 07:31:09', '2020-02-21 10:50:46.327255', NULL, 227, 55, NULL, 'z_parkowaniem', 'XSS65WE');
INSERT INTO pobyty(id, godzina_rozpoczecia, godzina_zakonczenia, należność, konta_id, wjazdowe_bramki_id, wyjazdowe_bramki_id, selektor, pojazdy_rejestracja) VALUES
(901, '2020-04-24 15:33:55', '2020-04-24 19:00:17.408048', NULL, 248, 89, NULL, 'bez_parkowania', 'TLP89DI'),
(902, '2020-05-15 07:39:15', '2020-05-15 08:52:07.942122', NULL, 99, 35, NULL, 'z_parkowaniem', 'PFI20MD'),
(903, '2020-05-20 16:56:05', '2020-05-20 18:45:30.12559', NULL, NULL, 18, NULL, 'z_parkowaniem', 'ZRJ35DN'),
(904, '2020-01-01 00:00:02', '2020-01-01 01:28:16.62998', NULL, NULL, 73, NULL, 'bez_parkowania', 'BIC20XX'),
(905, '2020-03-19 20:48:31', '2020-03-19 21:27:57.609728', NULL, NULL, 60, NULL, 'z_parkowaniem', 'DAH09AN'),
(906, '2020-01-01 08:46:10', '2020-01-01 10:09:42.044795', NULL, NULL, 99, NULL, 'bez_parkowania', 'WJC67AM'),
(907, '2020-04-11 21:44:53', '2020-04-12 01:29:21.094022', NULL, 106, 8, NULL, 'z_parkowaniem', 'AWP78EM'),
(908, '2020-01-01 00:01:35', '2020-01-01 01:58:57.136497', NULL, NULL, 86, NULL, 'bez_parkowania', 'DIN67BZ'),
(909, '2020-01-01 00:00:05', '2020-01-01 01:23:12.444321', NULL, NULL, 75, NULL, 'bez_parkowania', 'LRS38FW'),
(910, '2020-02-26 17:38:47', NULL, NULL, 130, 49, NULL, 'z_parkowaniem', 'CNF85SX'),
(911, '2020-02-24 11:14:42', '2020-02-24 14:13:19.712055', NULL, NULL, 25, NULL, 'z_parkowaniem', 'GZO00TP'),
(912, '2020-01-01 00:04:57', '2020-01-01 04:08:44.300309', NULL, 147, 88, NULL, 'bez_parkowania', 'BGC37PL'),
(913, '2020-06-02 21:23:15', '2020-06-03 01:12:27.668382', NULL, 228, 95, NULL, 'z_parkowaniem', 'PVW35SL'),
(914, '2020-05-29 09:41:27', '2020-05-29 13:16:30.114074', NULL, NULL, 91, NULL, 'bez_parkowania', 'XSS65WE'),
(915, '2020-05-20 12:05:24', '2020-05-20 14:41:15.29304', NULL, 8, 77, NULL, 'z_parkowaniem', 'ZVY24IC'),
(916, '2020-01-01 00:00:50', '2020-01-01 03:29:34.46796', NULL, 166, 20, NULL, 'bez_parkowania', 'NJE60PO'),
(917, '2020-01-01 00:15:25', '2020-01-01 02:04:28.676487', NULL, NULL, 97, NULL, 'z_parkowaniem', 'RBZ27PY'),
(918, '2020-06-07 09:24:42', '2020-06-07 11:07:56.63245', NULL, 75, 9, NULL, 'bez_parkowania', 'CYP38GU'),
(919, '2020-06-10 08:36:17', '2020-06-10 10:04:22.755271', NULL, 141, 21, NULL, 'bez_parkowania', 'DKB38LR'),
(920, '2020-01-01 00:00:02', '2020-01-01 00:22:48.70643', NULL, 4, 61, NULL, 'z_parkowaniem', 'NJQ92RC'),
(921, '2020-01-13 03:45:21', '2020-01-13 04:31:29.015666', NULL, NULL, 51, NULL, 'bez_parkowania', 'YWC89AI'),
(922, '2020-01-01 02:03:16', '2020-01-01 03:36:24.648999', NULL, NULL, 68, NULL, 'z_parkowaniem', 'TWD14FT'),
(923, '2020-04-16 21:34:26', '2020-04-16 21:56:39.508539', NULL, 26, 12, NULL, 'bez_parkowania', 'ACC86KW'),
(924, '2020-05-25 01:19:11', '2020-05-25 02:26:04.432559', NULL, NULL, 80, NULL, 'z_parkowaniem', 'WNU61DL'),
(925, '2020-01-01 00:00:59', '2020-01-01 01:57:25.152347', NULL, 5, 64, NULL, 'bez_parkowania', 'RSX32UZ'),
(926, '2020-05-06 09:04:37', '2020-05-06 10:56:58.825169', NULL, 2, 93, NULL, 'z_parkowaniem', 'UFK91FJ'),
(927, '2020-01-10 08:11:19', '2020-01-10 09:18:06.823756', NULL, 40, 54, NULL, 'bez_parkowania', 'HPQ82KV'),
(928, '2020-05-30 17:52:09', '2020-05-30 22:07:46.218401', NULL, 8, 69, NULL, 'z_parkowaniem', 'WSO76BP'),
(929, '2020-05-18 01:58:06', '2020-05-18 03:27:26.015691', NULL, NULL, 82, NULL, 'z_parkowaniem', 'OTD32ED'),
(930, '2020-01-01 00:00:59', '2020-01-01 02:45:59.013435', NULL, 88, 71, NULL, 'bez_parkowania', 'DKR92GE'),
(931, '2020-03-05 11:15:38', '2020-03-05 11:29:22.979218', NULL, 247, 66, NULL, 'bez_parkowania', 'SFU71WI'),
(932, '2020-06-10 15:31:04', '2020-06-10 19:00:41.566073', NULL, 52, 2, NULL, 'z_parkowaniem', 'YYS23QV'),
(933, '2020-01-01 00:00:20', '2020-01-01 02:25:02.007827', NULL, 50, 84, NULL, 'bez_parkowania', 'XGY64LW'),
(934, '2020-01-01 00:00:02', '2020-01-01 01:50:04.676146', NULL, 156, 37, NULL, 'z_parkowaniem', 'AAH88TV'),
(935, '2020-04-15 06:59:57', '2020-04-15 09:23:42.327334', NULL, 86, 28, NULL, 'bez_parkowania', 'ENS96FV'),
(936, '2020-06-09 17:16:28', '2020-06-09 20:34:28.88346', NULL, 224, 40, NULL, 'z_parkowaniem', 'BLI53FV'),
(937, '2020-01-01 00:04:15', '2020-01-01 02:42:27.428132', NULL, NULL, 55, NULL, 'bez_parkowania', 'OUT16MW'),
(938, '2020-01-04 15:51:30', '2020-01-04 19:47:31.126316', NULL, 45, 13, NULL, 'z_parkowaniem', 'UOP53NS'),
(939, '2020-01-01 00:00:04', '2020-01-01 02:15:38.825148', NULL, NULL, 46, NULL, 'bez_parkowania', 'XEW99IS'),
(940, '2020-01-01 00:00:51', '2020-01-01 01:56:27.956696', NULL, 48, 57, NULL, 'z_parkowaniem', 'YZC64DJ'),
(941, '2020-05-02 10:46:24', '2020-05-02 14:31:07.298979', NULL, 77, 4, NULL, 'bez_parkowania', 'JJZ70WY'),
(942, '2020-01-01 00:00:08', '2020-01-01 03:27:47.507195', NULL, 4, 15, NULL, 'z_parkowaniem', 'XOH46EU'),
(943, '2020-03-31 03:38:04', '2020-03-31 07:40:23.659819', NULL, 194, 30, NULL, 'bez_parkowania', 'EXO51KP'),
(944, '2020-02-05 05:54:52', '2020-02-05 08:58:42.033456', NULL, 16, 47, NULL, 'z_parkowaniem', 'UUB09YD'),
(945, '2020-03-16 15:25:22', '2020-03-16 15:47:06.203015', NULL, 161, 42, NULL, 'bez_parkowania', 'CBI92LA'),
(946, '2020-02-14 07:15:03', '2020-02-14 08:57:17.420473', NULL, 228, 5, NULL, 'z_parkowaniem', 'YZF38FM'),
(947, '2020-01-01 00:12:59', '2020-01-01 01:48:29.920188', NULL, 222, 32, NULL, 'z_parkowaniem', 'GLI63LF'),
(948, '2020-01-01 00:00:06', '2020-01-01 01:46:52.178948', NULL, 136, 44, NULL, 'bez_parkowania', 'XPJ08ES'),
(949, '2020-01-10 02:40:10', '2020-01-10 04:18:03.782956', NULL, 63, 34, NULL, 'z_parkowaniem', 'TCC22BG'),
(950, '2020-01-25 22:11:56', '2020-01-26 00:44:26.044468', NULL, 239, 23, NULL, 'bez_parkowania', 'VFL27FT');
INSERT INTO pobyty(id, godzina_rozpoczecia, godzina_zakonczenia, należność, konta_id, wjazdowe_bramki_id, wyjazdowe_bramki_id, selektor, pojazdy_rejestracja) VALUES
(951, '2020-01-01 00:00:23', '2020-01-01 01:33:21.979947', NULL, 147, 93, NULL, 'z_parkowaniem', 'AWP78EM'),
(952, '2020-04-29 21:11:05', NULL, NULL, 246, 73, NULL, 'bez_parkowania', 'ACC86KW'),
(953, '2020-04-07 15:06:22', '2020-04-07 19:17:10.641767', NULL, 56, 86, NULL, 'bez_parkowania', 'GLI63LF'),
(954, '2020-01-01 00:01:04', '2020-01-01 02:21:16.24374', NULL, 90, 23, NULL, 'z_parkowaniem', 'LRS38FW'),
(955, '2020-01-01 01:57:32', '2020-01-01 03:38:38.005927', NULL, 54, 89, NULL, 'z_parkowaniem', 'YYS23QV'),
(956, '2020-01-01 00:00:02', '2020-01-01 00:28:15.054377', NULL, NULL, 75, NULL, 'bez_parkowania', 'CNF85SX'),
(957, '2020-01-01 00:05:19', '2020-01-01 01:10:42.349489', NULL, NULL, 4, NULL, 'z_parkowaniem', 'DIN67BZ'),
(958, '2020-02-27 06:11:24', '2020-02-27 09:42:02.620397', NULL, NULL, 35, NULL, 'bez_parkowania', 'UUB09YD'),
(959, '2020-04-13 07:58:39', '2020-04-13 10:35:33.057344', NULL, 104, 25, NULL, 'z_parkowaniem', 'DAH09AN'),
(960, '2020-01-17 07:26:54', '2020-01-17 10:18:06.613513', NULL, NULL, 54, NULL, 'bez_parkowania', 'TCC22BG'),
(961, '2020-04-24 12:01:07', '2020-04-24 14:14:00.733162', NULL, 92, 88, NULL, 'z_parkowaniem', 'BGC37PL'),
(962, '2020-01-08 17:55:45', '2020-01-08 18:00:42.974401', NULL, 191, 95, NULL, 'bez_parkowania', 'XGY64LW'),
(963, '2020-01-14 15:11:17', '2020-01-14 15:34:08.704748', NULL, 229, 77, NULL, 'bez_parkowania', 'CYP38GU'),
(964, '2020-03-23 23:59:35', '2020-03-24 03:48:30.462338', NULL, NULL, 68, NULL, 'z_parkowaniem', 'GZO00TP'),
(965, '2020-01-01 00:00:55', '2020-01-01 03:06:31.716113', NULL, 46, 80, NULL, 'z_parkowaniem', 'VFL27FT'),
(966, '2020-01-01 00:01:31', '2020-01-01 02:44:51.531441', NULL, NULL, 99, NULL, 'bez_parkowania', 'YZC64DJ'),
(967, '2020-02-21 14:30:39', '2020-02-21 17:37:46.848998', NULL, 95, 91, NULL, 'bez_parkowania', 'DKB38LR'),
(968, '2020-01-02 20:16:21', '2020-01-03 00:25:53.230852', NULL, 95, 37, NULL, 'z_parkowaniem', 'XOH46EU'),
(969, '2020-01-11 07:31:50', '2020-01-11 07:37:47.098079', NULL, 160, 97, NULL, 'z_parkowaniem', 'TLP89DI'),
(970, '2020-01-01 00:00:10', '2020-01-01 01:25:18.895216', NULL, NULL, 66, NULL, 'bez_parkowania', 'BIC20XX'),
(971, '2020-01-01 00:10:36', '2020-01-01 02:08:30.2496', NULL, 95, 69, NULL, 'bez_parkowania', 'PVW35SL'),
(972, '2020-01-01 00:01:35', '2020-01-01 01:32:31.680851', NULL, NULL, 55, NULL, 'z_parkowaniem', 'HPQ82KV'),
(973, '2020-01-01 00:03:04', '2020-01-01 04:07:15.427222', NULL, NULL, 28, NULL, 'bez_parkowania', 'DKR92GE'),
(974, '2020-01-01 00:00:03', '2020-01-01 02:25:37.165756', NULL, 220, 82, NULL, 'z_parkowaniem', 'NJE60PO'),
(975, '2020-04-13 14:05:13', '2020-04-13 16:46:00.465798', NULL, 83, 71, NULL, 'z_parkowaniem', 'YZF38FM'),
(976, '2020-01-01 01:17:21', '2020-01-01 03:10:18.608668', NULL, NULL, 40, NULL, 'bez_parkowania', 'WJC67AM'),
(977, '2020-05-08 08:14:29', '2020-05-08 12:29:27.643017', NULL, 102, 84, NULL, 'z_parkowaniem', 'TWD14FT'),
(978, '2020-01-01 01:30:02', '2020-01-01 01:54:28.699099', NULL, 92, 15, NULL, 'bez_parkowania', 'WNU61DL'),
(979, '2020-01-01 00:14:38', '2020-01-01 01:32:11.303622', NULL, 27, 46, NULL, 'z_parkowaniem', 'UFK91FJ'),
(980, '2020-03-11 22:05:30', '2020-03-12 01:26:40.472725', NULL, 61, 30, NULL, 'bez_parkowania', 'WSO76BP'),
(981, '2020-05-09 09:46:20', '2020-05-09 12:34:41.472704', NULL, NULL, 5, NULL, 'bez_parkowania', 'AAH88TV'),
(982, '2020-05-25 18:56:31', '2020-05-25 22:46:26.100588', NULL, 186, 42, NULL, 'z_parkowaniem', 'RBZ27PY'),
(983, '2020-01-01 00:13:38', '2020-01-01 04:32:36.889462', NULL, NULL, 32, NULL, 'z_parkowaniem', 'XPJ08ES'),
(984, '2020-01-01 00:00:01', '2020-01-01 01:38:09.617122', NULL, 49, 57, NULL, 'bez_parkowania', 'UOP53NS'),
(985, '2020-04-27 16:54:32', '2020-04-27 21:08:31.813371', NULL, NULL, 44, NULL, 'bez_parkowania', 'ENS96FV'),
(986, '2020-02-12 18:22:46', '2020-02-12 20:32:18.151246', NULL, 166, 34, NULL, 'z_parkowaniem', 'XEW99IS'),
(987, '2020-01-01 00:48:17', '2020-01-01 04:56:09.674646', NULL, 233, 47, NULL, 'z_parkowaniem', 'BLI53FV'),
(988, '2020-01-01 00:01:33', '2020-01-01 01:28:07.997922', NULL, 36, 18, NULL, 'bez_parkowania', 'ZRJ35DN'),
(989, '2020-01-19 10:06:59', '2020-01-19 10:08:43.824821', NULL, 220, 8, NULL, 'bez_parkowania', 'EXO51KP'),
(990, '2020-01-01 00:06:23', '2020-01-01 04:04:13.771436', NULL, 151, 60, NULL, 'z_parkowaniem', 'CBI92LA'),
(991, '2020-03-23 12:59:43', '2020-03-23 16:13:17.228866', NULL, 75, 49, NULL, 'z_parkowaniem', 'XSS65WE'),
(992, '2020-01-01 00:00:05', '2020-01-01 02:20:42.052533', NULL, 13, 20, NULL, 'bez_parkowania', 'ZVY24IC'),
(993, '2020-03-17 03:47:02', '2020-03-17 07:45:02.917564', NULL, NULL, 9, NULL, 'bez_parkowania', 'NJQ92RC'),
(994, '2020-06-06 15:32:07', '2020-06-06 16:58:26.220515', NULL, 123, 61, NULL, 'z_parkowaniem', 'RSX32UZ'),
(995, '2020-04-17 00:01:52', '2020-04-17 00:46:04.918943', NULL, 9, 21, NULL, 'bez_parkowania', 'YWC89AI'),
(996, '2020-01-25 10:42:59', '2020-01-25 13:10:56.232985', NULL, 115, 51, NULL, 'z_parkowaniem', 'OTD32ED'),
(997, '2020-03-23 02:27:39', '2020-03-23 04:29:31.115169', NULL, 62, 64, NULL, 'bez_parkowania', 'SFU71WI'),
(998, '2020-01-01 00:00:50', '2020-01-01 00:18:24.59761', NULL, NULL, 12, NULL, 'z_parkowaniem', 'OUT16MW'),
(999, '2020-01-01 00:01:00', '2020-01-01 00:20:40.303959', NULL, 2, 2, NULL, 'z_parkowaniem', 'JJZ70WY'),
(1000, '2020-06-01 03:20:13', '2020-06-01 05:13:34.549036', NULL, 209, 13, NULL, 'bez_parkowania', 'PFI20MD');
INSERT INTO pobyty(id, godzina_rozpoczecia, godzina_zakonczenia, należność, konta_id, wjazdowe_bramki_id, wyjazdowe_bramki_id, selektor, pojazdy_rejestracja) VALUES
(1001, '2020-02-03 14:31:42', '2020-02-03 18:32:55.055721', NULL, 238, 69, NULL, 'z_parkowaniem', 'DAH09AN'),
(1002, '2020-02-24 13:34:42', '2020-02-24 14:57:13.193712', NULL, 85, 97, NULL, 'bez_parkowania', 'YZF38FM'),
(1003, '2020-02-06 12:05:02', '2020-02-06 12:07:55.323685', NULL, 6, 8, NULL, 'z_parkowaniem', 'XPJ08ES'),
(1004, '2020-01-22 13:18:35', NULL, NULL, 181, 93, NULL, 'bez_parkowania', 'CYP38GU'),
(1005, '2020-04-16 22:29:55', '2020-04-17 02:41:40.875291', NULL, 61, 20, NULL, 'z_parkowaniem', 'OTD32ED'),
(1006, '2020-01-01 01:27:31', '2020-01-01 05:15:11.861185', NULL, NULL, 9, NULL, 'bez_parkowania', 'UOP53NS'),
(1007, '2020-01-01 01:15:23', '2020-01-01 03:28:44.367838', NULL, NULL, 89, NULL, 'z_parkowaniem', 'BIC20XX'),
(1008, '2020-01-01 00:19:21', '2020-01-01 01:27:46.050065', NULL, NULL, 99, NULL, 'bez_parkowania', 'AAH88TV'),
(1009, '2020-01-01 00:00:32', '2020-01-01 00:53:05.431697', NULL, NULL, 55, NULL, 'bez_parkowania', 'SFU71WI'),
(1010, '2020-01-01 00:19:47', '2020-01-01 01:03:23.138581', NULL, 100, 46, NULL, 'z_parkowaniem', 'OUT16MW'),
(1011, '2020-01-26 09:20:07', '2020-01-26 12:44:31.619137', NULL, 177, 82, NULL, 'z_parkowaniem', 'XEW99IS'),
(1012, '2020-01-01 02:27:00', '2020-01-01 02:47:06.095979', NULL, 200, 71, NULL, 'bez_parkowania', 'UUB09YD'),
(1013, '2020-01-01 00:00:03', '2020-01-01 03:22:10.309252', NULL, NULL, 30, NULL, 'z_parkowaniem', 'TCC22BG'),
(1014, '2020-04-17 09:01:55', '2020-04-17 10:15:43.678134', NULL, 43, 21, NULL, 'bez_parkowania', 'AWP78EM'),
(1015, '2020-01-11 13:22:14', '2020-01-11 15:11:32.396795', NULL, NULL, 95, NULL, 'bez_parkowania', 'ZRJ35DN'),
(1016, '2020-06-09 13:07:48', '2020-06-09 17:12:59.842465', NULL, 191, 57, NULL, 'z_parkowaniem', 'JJZ70WY'),
(1017, '2020-01-01 00:01:23', '2020-01-01 00:45:19.245291', NULL, 8, 12, NULL, 'z_parkowaniem', 'VFL27FT'),
(1018, '2020-02-24 22:05:02', '2020-02-24 22:22:05.296116', NULL, NULL, 47, NULL, 'bez_parkowania', 'PFI20MD'),
(1019, '2020-01-01 00:00:05', '2020-01-01 01:50:12.376522', NULL, NULL, 91, NULL, 'z_parkowaniem', 'ENS96FV'),
(1020, '2020-01-07 09:02:30', '2020-01-07 12:25:12.451797', NULL, 92, 42, NULL, 'bez_parkowania', 'LRS38FW'),
(1021, '2020-04-05 05:33:30', '2020-04-05 06:10:11.562258', NULL, NULL, 2, NULL, 'bez_parkowania', 'CNF85SX'),
(1022, '2020-05-24 04:51:34', '2020-05-24 07:29:59.086104', NULL, NULL, 60, NULL, 'z_parkowaniem', 'TLP89DI'),
(1023, '2020-01-01 00:16:02', '2020-01-01 04:13:25.450904', NULL, 34, 84, NULL, 'bez_parkowania', 'XSS65WE'),
(1024, '2020-05-11 23:03:25', '2020-05-12 01:36:18.137533', NULL, NULL, 32, NULL, 'z_parkowaniem', 'BGC37PL'),
(1025, '2020-01-13 03:14:44', '2020-01-13 05:48:32.424884', NULL, 181, 73, NULL, 'bez_parkowania', 'ZVY24IC'),
(1026, '2020-03-29 13:57:20', '2020-03-29 17:57:53.284209', NULL, 140, 86, NULL, 'z_parkowaniem', 'PVW35SL'),
(1027, '2020-05-31 21:35:02', '2020-06-01 01:34:54.218246', NULL, 226, 44, NULL, 'bez_parkowania', 'NJE60PO'),
(1028, '2020-01-01 00:00:53', '2020-01-01 01:57:09.031422', NULL, 188, 34, NULL, 'z_parkowaniem', 'BLI53FV'),
(1029, '2020-04-09 16:35:11', '2020-04-09 18:47:55.96527', NULL, 92, 75, NULL, 'z_parkowaniem', 'YWC89AI'),
(1030, '2020-01-01 00:01:01', '2020-01-01 03:41:57.947016', NULL, NULL, 13, NULL, 'bez_parkowania', 'RBZ27PY'),
(1031, '2020-04-01 01:25:16', '2020-04-01 02:36:43.494593', NULL, 177, 49, NULL, 'z_parkowaniem', 'EXO51KP'),
(1032, '2020-01-01 00:00:01', '2020-01-01 03:38:45.186543', NULL, 19, 23, NULL, 'bez_parkowania', 'WJC67AM'),
(1033, '2020-01-01 00:00:03', '2020-01-01 03:38:56.554894', NULL, 37, 61, NULL, 'bez_parkowania', 'CBI92LA'),
(1034, '2020-01-01 00:00:07', '2020-01-01 03:29:33.353359', NULL, NULL, 4, NULL, 'z_parkowaniem', 'GLI63LF'),
(1035, '2020-02-08 10:46:31', '2020-02-08 13:14:22.600381', NULL, 12, 88, NULL, 'z_parkowaniem', 'NJQ92RC'),
(1036, '2020-05-16 08:13:56', '2020-05-16 11:24:21.278739', NULL, NULL, 77, NULL, 'bez_parkowania', 'RSX32UZ'),
(1037, '2020-05-29 11:59:41', '2020-05-29 15:29:02.689119', NULL, 7, 15, NULL, 'z_parkowaniem', 'ACC86KW'),
(1038, '2020-06-02 22:43:31', '2020-06-03 00:58:01.294424', NULL, 141, 51, NULL, 'bez_parkowania', 'TWD14FT'),
(1039, '2020-04-22 11:34:03', '2020-04-22 13:44:35.968587', NULL, 110, 64, NULL, 'bez_parkowania', 'DIN67BZ'),
(1040, '2020-02-09 17:36:00', '2020-02-09 18:47:54.784611', NULL, 56, 68, NULL, 'z_parkowaniem', 'WNU61DL'),
(1041, '2020-01-09 16:55:16', '2020-01-09 20:55:49.349562', NULL, 27, 35, NULL, 'bez_parkowania', 'GZO00TP'),
(1042, '2020-02-27 20:27:30', '2020-02-27 23:07:26.044316', NULL, 152, 54, NULL, 'z_parkowaniem', 'UFK91FJ'),
(1043, '2020-01-11 21:21:59', '2020-01-11 23:43:11.144373', NULL, NULL, 80, NULL, 'bez_parkowania', 'YYS23QV'),
(1044, '2020-05-08 19:57:13', '2020-05-08 22:59:35.825945', NULL, 225, 66, NULL, 'z_parkowaniem', 'XGY64LW'),
(1045, '2020-04-20 17:12:05', '2020-04-20 18:34:07.846688', NULL, 65, 25, NULL, 'z_parkowaniem', 'DKB38LR'),
(1046, '2020-04-07 13:12:33', '2020-04-07 14:06:18.833931', NULL, 21, 5, NULL, 'bez_parkowania', 'YZC64DJ'),
(1047, '2020-03-04 08:57:50', '2020-03-04 10:36:46.862007', NULL, 88, 18, NULL, 'z_parkowaniem', 'HPQ82KV'),
(1048, '2020-01-01 00:03:51', '2020-01-01 02:49:41.613555', NULL, 182, 37, NULL, 'bez_parkowania', 'XOH46EU'),
(1049, '2020-05-23 23:05:32', '2020-05-24 01:59:40.069194', NULL, 213, 28, NULL, 'z_parkowaniem', 'DKR92GE'),
(1050, '2020-02-11 11:47:43', '2020-02-11 13:38:21.41775', NULL, 137, 40, NULL, 'bez_parkowania', 'WSO76BP');
INSERT INTO pobyty(id, godzina_rozpoczecia, godzina_zakonczenia, należność, konta_id, wjazdowe_bramki_id, wyjazdowe_bramki_id, selektor, pojazdy_rejestracja) VALUES
(1051, '2020-01-01 00:00:43', '2020-01-01 01:51:32.042254', NULL, NULL, 77, NULL, 'z_parkowaniem', 'XPJ08ES'),
(1052, '2020-04-27 21:45:29', '2020-04-27 22:02:54.273455', NULL, NULL, 99, NULL, 'bez_parkowania', 'OUT16MW'),
(1053, '2020-02-01 17:39:35', '2020-02-01 20:15:14.167673', NULL, 5, 37, NULL, 'bez_parkowania', 'ZRJ35DN'),
(1054, '2020-04-04 18:21:11', '2020-04-04 20:59:09.537188', NULL, 133, 68, NULL, 'z_parkowaniem', 'DAH09AN'),
(1055, '2020-01-10 00:48:21', '2020-01-10 03:00:26.630952', NULL, 250, 80, NULL, 'bez_parkowania', 'XSS65WE'),
(1056, '2020-03-23 08:35:46', '2020-03-23 11:13:24.869325', NULL, 171, 20, NULL, 'z_parkowaniem', 'ZVY24IC'),
(1057, '2020-01-01 02:26:55', '2020-01-01 06:33:01.242793', NULL, 62, 64, NULL, 'z_parkowaniem', 'CBI92LA'),
(1058, '2020-01-01 00:01:37', '2020-01-01 00:55:40.229308', NULL, NULL, 9, NULL, 'bez_parkowania', 'YWC89AI'),
(1059, '2020-02-25 19:00:02', '2020-02-25 19:37:44.584461', NULL, 3, 21, NULL, 'z_parkowaniem', 'CYP38GU'),
(1060, '2020-01-01 00:00:54', '2020-01-01 04:09:59.195968', NULL, NULL, 28, NULL, 'bez_parkowania', 'JJZ70WY'),
(1061, '2020-01-26 01:50:40', '2020-01-26 03:40:17.560491', NULL, 12, 69, NULL, 'bez_parkowania', 'WSO76BP'),
(1062, '2020-01-01 00:07:25', '2020-01-01 01:32:03.353126', NULL, 236, 12, NULL, 'z_parkowaniem', 'PFI20MD'),
(1063, '2020-01-01 01:20:30', '2020-01-01 01:47:09.028449', NULL, 234, 40, NULL, 'z_parkowaniem', 'LRS38FW'),
(1064, '2020-01-01 01:44:35', NULL, NULL, 141, 82, NULL, 'bez_parkowania', 'UOP53NS'),
(1065, '2020-01-29 03:28:23', '2020-01-29 04:55:23.346954', NULL, 157, 30, NULL, 'bez_parkowania', 'XEW99IS'),
(1066, '2020-04-16 02:16:30', '2020-04-16 02:28:38.908219', NULL, NULL, 2, NULL, 'z_parkowaniem', 'ACC86KW'),
(1067, '2020-01-01 02:44:01', '2020-01-01 05:43:35.955254', NULL, NULL, 13, NULL, 'z_parkowaniem', 'UUB09YD'),
(1068, '2020-01-13 21:48:35', '2020-01-13 22:14:50.331238', NULL, 174, 71, NULL, 'bez_parkowania', 'TCC22BG'),
(1069, '2020-05-19 10:05:12', '2020-05-19 13:17:42.484217', NULL, NULL, 84, NULL, 'z_parkowaniem', 'GLI63LF'),
(1070, '2020-01-11 09:21:07', '2020-01-11 10:13:22.101588', NULL, 9, 42, NULL, 'bez_parkowania', 'PVW35SL'),
(1071, '2020-05-17 02:53:08', '2020-05-17 07:10:20.437068', NULL, 150, 54, NULL, 'z_parkowaniem', 'BIC20XX'),
(1072, '2020-05-31 01:14:26', '2020-05-31 02:36:26.470613', NULL, NULL, 73, NULL, 'bez_parkowania', 'DIN67BZ'),
(1073, '2020-04-05 23:49:44', '2020-04-06 02:58:14.580291', NULL, 89, 32, NULL, 'bez_parkowania', 'GZO00TP'),
(1074, '2020-01-01 00:00:11', '2020-01-01 00:33:44.711601', NULL, 160, 86, NULL, 'z_parkowaniem', 'AWP78EM'),
(1075, '2020-01-01 00:00:08', '2020-01-01 02:16:57.426913', NULL, NULL, 75, NULL, 'z_parkowaniem', 'NJE60PO'),
(1076, '2020-01-05 21:57:29', '2020-01-06 00:18:38.729779', NULL, NULL, 66, NULL, 'bez_parkowania', 'VFL27FT'),
(1077, '2020-02-10 04:46:24', '2020-02-10 07:46:37.82948', NULL, NULL, 95, NULL, 'z_parkowaniem', 'TLP89DI'),
(1078, '2020-04-06 23:41:27', '2020-04-07 01:24:54.625344', NULL, 210, 88, NULL, 'bez_parkowania', 'CNF85SX'),
(1079, '2020-03-10 01:13:45', '2020-03-10 05:26:21.961539', NULL, 49, 44, NULL, 'z_parkowaniem', 'BGC37PL'),
(1080, '2020-01-01 00:00:42', '2020-01-01 02:58:23.193806', NULL, 66, 91, NULL, 'bez_parkowania', 'YYS23QV'),
(1081, '2020-01-01 00:15:27', '2020-01-01 02:13:05.67369', NULL, NULL, 97, NULL, 'z_parkowaniem', 'DKB38LR'),
(1082, '2020-01-24 19:31:45', '2020-01-24 21:11:37.424549', NULL, 35, 34, NULL, 'bez_parkowania', 'WJC67AM'),
(1083, '2020-01-10 05:36:35', '2020-01-10 05:48:06.223851', NULL, 53, 4, NULL, 'bez_parkowania', 'RBZ27PY'),
(1084, '2020-02-08 11:29:17', '2020-02-08 13:13:22.913261', NULL, NULL, 93, NULL, 'z_parkowaniem', 'TWD14FT'),
(1085, '2020-02-26 08:10:56', '2020-02-26 08:59:05.134308', NULL, 117, 15, NULL, 'bez_parkowania', 'HPQ82KV'),
(1086, '2020-04-15 18:57:19', '2020-04-15 19:03:39.109622', NULL, 155, 89, NULL, 'z_parkowaniem', 'WNU61DL'),
(1087, '2020-01-22 23:26:59', '2020-01-23 03:35:26.772843', NULL, NULL, 5, NULL, 'z_parkowaniem', 'DKR92GE'),
(1088, '2020-01-01 00:13:10', '2020-01-01 03:59:40.350383', NULL, 153, 18, NULL, 'bez_parkowania', 'UFK91FJ'),
(1089, '2020-01-23 23:24:35', '2020-01-24 03:01:56.601614', NULL, NULL, 8, NULL, 'bez_parkowania', 'XGY64LW'),
(1090, '2020-01-10 11:25:17', '2020-01-10 15:44:20.808998', NULL, 203, 55, NULL, 'z_parkowaniem', 'AAH88TV'),
(1091, '2020-04-23 03:56:05', '2020-04-23 06:25:35.059201', NULL, 233, 46, NULL, 'bez_parkowania', 'ENS96FV'),
(1092, '2020-01-01 00:01:12', '2020-01-01 03:00:48.404635', NULL, 1, 57, NULL, 'z_parkowaniem', 'NJQ92RC'),
(1093, '2020-03-13 05:03:46', '2020-03-13 05:23:00.112448', NULL, 216, 23, NULL, 'bez_parkowania', 'RSX32UZ'),
(1094, '2020-03-05 11:29:20', '2020-03-05 15:41:32.593402', NULL, 153, 47, NULL, 'z_parkowaniem', 'OTD32ED'),
(1095, '2020-01-01 00:00:43', '2020-01-01 00:57:30.769364', NULL, 198, 60, NULL, 'bez_parkowania', 'BLI53FV'),
(1096, '2020-03-29 23:22:00', '2020-03-30 00:18:01.015566', NULL, 204, 35, NULL, 'z_parkowaniem', 'SFU71WI'),
(1097, '2020-06-06 23:35:52', '2020-06-07 02:06:02.123316', NULL, 27, 25, NULL, 'bez_parkowania', 'YZC64DJ'),
(1098, '2020-01-01 00:00:09', '2020-01-01 03:12:38.121059', NULL, 36, 49, NULL, 'z_parkowaniem', 'XOH46EU'),
(1099, '2020-01-01 00:25:56', '2020-01-01 03:10:19.605344', NULL, 113, 61, NULL, 'bez_parkowania', 'YZF38FM'),
(1100, '2020-01-01 00:00:09', '2020-01-01 00:12:31.408487', NULL, 107, 51, NULL, 'z_parkowaniem', 'EXO51KP');
INSERT INTO pobyty(id, godzina_rozpoczecia, godzina_zakonczenia, należność, konta_id, wjazdowe_bramki_id, wyjazdowe_bramki_id, selektor, pojazdy_rejestracja) VALUES
(1101, '2020-02-11 15:52:54', '2020-02-11 16:16:40.909853', NULL, NULL, 51, NULL, 'z_parkowaniem', 'CBI92LA'),
(1102, '2020-04-08 18:51:39', '2020-04-08 22:50:11.006369', NULL, NULL, 64, NULL, 'bez_parkowania', 'WSO76BP'),
(1103, '2020-02-14 21:25:29', NULL, NULL, 231, 71, NULL, 'z_parkowaniem', 'UOP53NS'),
(1104, '2020-01-01 00:05:20', '2020-01-01 02:37:14.338448', NULL, 27, 54, NULL, 'bez_parkowania', 'CNF85SX'),
(1105, '2020-01-01 00:00:54', '2020-01-01 02:25:14.417796', NULL, NULL, 84, NULL, 'z_parkowaniem', 'XPJ08ES'),
(1106, '2020-01-25 03:29:19', '2020-01-25 06:06:40.172034', NULL, NULL, 73, NULL, 'bez_parkowania', 'DAH09AN'),
(1107, '2020-04-13 08:16:05', '2020-04-13 09:58:20.907869', NULL, 183, 99, NULL, 'bez_parkowania', 'BGC37PL'),
(1108, '2020-01-01 00:00:08', '2020-01-01 00:11:24.029759', NULL, NULL, 9, NULL, 'z_parkowaniem', 'OUT16MW'),
(1109, '2020-01-05 21:20:46', '2020-01-05 22:14:55.822449', NULL, NULL, 97, NULL, 'bez_parkowania', 'GLI63LF'),
(1110, '2020-01-01 00:00:01', '2020-01-01 01:45:50.036426', NULL, 167, 28, NULL, 'z_parkowaniem', 'DIN67BZ'),
(1111, '2020-04-16 00:58:40', '2020-04-16 04:33:41.768056', NULL, 198, 86, NULL, 'z_parkowaniem', 'JJZ70WY'),
(1112, '2020-02-14 20:33:01', '2020-02-14 23:21:32.151945', NULL, 213, 93, NULL, 'bez_parkowania', 'PFI20MD'),
(1113, '2020-03-13 14:23:08', '2020-03-13 15:23:25.398873', NULL, 163, 66, NULL, 'bez_parkowania', 'GZO00TP'),
(1114, '2020-05-07 23:02:44', '2020-05-08 00:44:39.822561', NULL, 235, 55, NULL, 'z_parkowaniem', 'ZRJ35DN'),
(1115, '2020-01-01 00:15:01', '2020-01-01 04:12:52.324033', NULL, 60, 21, NULL, 'z_parkowaniem', 'DKB38LR'),
(1116, '2020-05-11 21:55:04', '2020-05-11 23:46:29.978535', NULL, 56, 46, NULL, 'bez_parkowania', 'CYP38GU'),
(1117, '2020-02-03 09:25:09', '2020-02-03 10:26:16.635974', NULL, 215, 12, NULL, 'z_parkowaniem', 'XEW99IS'),
(1118, '2020-05-17 23:52:42', '2020-05-18 01:49:59.054256', NULL, NULL, 40, NULL, 'bez_parkowania', 'UUB09YD'),
(1119, '2020-01-01 00:01:29', '2020-01-01 00:50:24.544711', NULL, NULL, 2, NULL, 'z_parkowaniem', 'BIC20XX'),
(1120, '2020-02-06 18:37:06', '2020-02-06 20:13:19.896645', NULL, NULL, 30, NULL, 'bez_parkowania', 'XSS65WE'),
(1121, '2020-01-02 12:21:32', '2020-01-02 13:42:02.372143', NULL, 25, 13, NULL, 'bez_parkowania', 'HPQ82KV'),
(1122, '2020-04-03 11:43:08', '2020-04-03 12:39:10.749199', NULL, 115, 42, NULL, 'z_parkowaniem', 'ZVY24IC'),
(1123, '2020-04-13 15:49:49', '2020-04-13 16:45:47.499994', NULL, NULL, 75, NULL, 'bez_parkowania', 'AWP78EM'),
(1124, '2020-01-01 00:00:08', '2020-01-01 00:15:51.824218', NULL, 51, 88, NULL, 'z_parkowaniem', 'DKR92GE'),
(1125, '2020-01-01 00:10:16', '2020-01-01 00:27:33.272252', NULL, 80, 32, NULL, 'z_parkowaniem', 'YWC89AI'),
(1126, '2020-03-12 14:34:00', '2020-03-12 15:19:02.41837', NULL, 250, 44, NULL, 'bez_parkowania', 'LRS38FW'),
(1127, '2020-01-01 00:00:05', '2020-01-01 00:19:09.26918', NULL, 76, 77, NULL, 'z_parkowaniem', 'AAH88TV'),
(1128, '2020-03-03 05:02:24', '2020-03-03 08:07:23.947764', NULL, 82, 34, NULL, 'bez_parkowania', 'TCC22BG'),
(1129, '2020-01-01 00:13:13', '2020-01-01 01:33:52.338411', NULL, 143, 23, NULL, 'z_parkowaniem', 'ACC86KW'),
(1130, '2020-02-11 04:24:07', '2020-02-11 07:52:53.292789', NULL, NULL, 35, NULL, 'bez_parkowania', 'YYS23QV'),
(1131, '2020-02-07 10:09:27', '2020-02-07 14:01:30.900941', NULL, 240, 25, NULL, 'bez_parkowania', 'VFL27FT'),
(1132, '2020-05-26 06:28:22', '2020-05-26 10:35:08.045846', NULL, 83, 4, NULL, 'z_parkowaniem', 'PVW35SL'),
(1133, '2020-01-01 00:00:01', '2020-01-01 03:03:18.388131', NULL, 17, 68, NULL, 'bez_parkowania', 'ENS96FV'),
(1134, '2020-03-31 13:20:56', '2020-03-31 16:03:40.535044', NULL, NULL, 80, NULL, 'z_parkowaniem', 'NJE60PO'),
(1135, '2020-01-01 00:01:26', '2020-01-01 02:09:32.123327', NULL, 6, 89, NULL, 'z_parkowaniem', 'TLP89DI'),
(1136, '2020-02-27 21:42:12', '2020-02-27 22:31:16.60306', NULL, 9, 37, NULL, 'bez_parkowania', 'XGY64LW'),
(1137, '2020-03-26 09:58:32', '2020-03-26 13:20:48.908882', NULL, 137, 57, NULL, 'bez_parkowania', 'YZC64DJ'),
(1138, '2020-01-01 00:00:35', '2020-01-01 01:39:53.764896', NULL, 144, 15, NULL, 'z_parkowaniem', 'XOH46EU'),
(1139, '2020-01-14 02:19:41', '2020-01-14 04:49:37.563553', NULL, 130, 95, NULL, 'bez_parkowania', 'WJC67AM'),
(1140, '2020-02-14 15:30:08', '2020-02-14 16:43:06.008087', NULL, NULL, 47, NULL, 'z_parkowaniem', 'TWD14FT'),
(1141, '2020-04-13 01:08:47', '2020-04-13 02:01:22.473577', NULL, NULL, 69, NULL, 'bez_parkowania', 'YZF38FM'),
(1142, '2020-05-13 18:44:13', '2020-05-13 20:33:30.550336', NULL, NULL, 82, NULL, 'z_parkowaniem', 'BLI53FV'),
(1143, '2020-01-01 00:14:56', '2020-01-01 02:33:58.980965', NULL, 148, 5, NULL, 'bez_parkowania', 'EXO51KP'),
(1144, '2020-01-29 01:58:53', '2020-01-29 05:29:14.45817', NULL, 102, 18, NULL, 'z_parkowaniem', 'RBZ27PY'),
(1145, '2020-04-03 02:10:31', '2020-04-03 04:53:16.318545', NULL, 19, 8, NULL, 'z_parkowaniem', 'WNU61DL'),
(1146, '2020-05-25 07:44:55', '2020-05-25 08:28:25.151876', NULL, 235, 60, NULL, 'bez_parkowania', 'NJQ92RC'),
(1147, '2020-04-22 22:50:15', '2020-04-23 01:54:59.688655', NULL, 161, 20, NULL, 'z_parkowaniem', 'RSX32UZ'),
(1148, '2020-01-01 00:10:49', '2020-01-01 04:15:06.350759', NULL, 41, 91, NULL, 'bez_parkowania', 'UFK91FJ'),
(1149, '2020-01-04 02:01:25', '2020-01-04 04:11:28.804183', NULL, 207, 49, NULL, 'bez_parkowania', 'OTD32ED'),
(1150, '2020-02-28 19:37:58', '2020-02-28 22:54:44.726321', NULL, 168, 61, NULL, 'z_parkowaniem', 'SFU71WI');
INSERT INTO pobyty(id, godzina_rozpoczecia, godzina_zakonczenia, należność, konta_id, wjazdowe_bramki_id, wyjazdowe_bramki_id, selektor, pojazdy_rejestracja) VALUES
(1151, '2020-05-22 06:22:54', '2020-05-22 07:05:41.050039', NULL, NULL, 40, NULL, 'bez_parkowania', 'BGC37PL'),
(1152, '2020-01-01 00:00:10', '2020-01-01 00:38:43.288657', NULL, 159, 46, NULL, 'z_parkowaniem', 'LRS38FW'),
(1153, '2020-01-18 16:31:53', '2020-01-18 18:44:01.535977', NULL, NULL, 30, NULL, 'bez_parkowania', 'DIN67BZ'),
(1154, '2020-01-01 00:00:02', '2020-01-01 02:00:54.212223', NULL, 110, 42, NULL, 'z_parkowaniem', 'CYP38GU'),
(1155, '2020-03-13 00:30:29', '2020-03-13 03:48:49.588737', NULL, NULL, 91, NULL, 'bez_parkowania', 'BIC20XX'),
(1156, '2020-04-18 19:10:13', '2020-04-18 23:15:08.136655', NULL, 249, 32, NULL, 'z_parkowaniem', 'YWC89AI'),
(1157, '2020-03-13 23:09:15', '2020-03-14 00:39:43.171898', NULL, 133, 97, NULL, 'z_parkowaniem', 'PVW35SL'),
(1158, '2020-01-28 10:59:47', '2020-01-28 11:13:49.615711', NULL, NULL, 44, NULL, 'bez_parkowania', 'GZO00TP'),
(1159, '2020-04-04 03:57:54', '2020-04-04 05:17:31.789711', NULL, 111, 99, NULL, 'z_parkowaniem', 'DAH09AN'),
(1160, '2020-01-01 00:01:05', '2020-01-01 03:31:55.195121', NULL, NULL, 88, NULL, 'bez_parkowania', 'NJE60PO'),
(1161, '2020-02-05 11:02:30', '2020-02-05 15:06:56.282566', NULL, 183, 34, NULL, 'z_parkowaniem', 'DKB38LR'),
(1162, '2020-01-01 00:00:09', '2020-01-01 01:47:29.829434', NULL, 21, 23, NULL, 'bez_parkowania', 'ACC86KW'),
(1163, '2020-05-04 18:35:49', NULL, NULL, 78, 93, NULL, 'bez_parkowania', 'HPQ82KV'),
(1164, '2020-01-01 00:58:26', '2020-01-01 02:22:58.351918', NULL, 105, 89, NULL, 'z_parkowaniem', 'YYS23QV'),
(1165, '2020-06-08 01:39:03', '2020-06-08 05:50:59.411484', NULL, NULL, 77, NULL, 'bez_parkowania', 'VFL27FT'),
(1166, '2020-01-01 00:12:35', '2020-01-01 03:55:44.17159', NULL, 58, 68, NULL, 'z_parkowaniem', 'DKR92GE'),
(1167, '2020-04-18 07:43:13', '2020-04-18 08:33:11.709441', NULL, 37, 4, NULL, 'bez_parkowania', 'RBZ27PY'),
(1168, '2020-01-11 07:37:45', '2020-01-11 10:46:20.009834', NULL, 68, 57, NULL, 'z_parkowaniem', 'NJQ92RC'),
(1169, '2020-04-23 02:07:14', '2020-04-23 04:03:03.221036', NULL, NULL, 47, NULL, 'z_parkowaniem', 'AWP78EM'),
(1170, '2020-02-12 01:54:58', '2020-02-12 04:36:19.198808', NULL, 144, 60, NULL, 'bez_parkowania', 'TLP89DI'),
(1171, '2020-06-06 23:43:03', '2020-06-07 01:57:37.833641', NULL, 84, 49, NULL, 'z_parkowaniem', 'RSX32UZ'),
(1172, '2020-03-07 07:11:09', '2020-03-07 11:02:24.609542', NULL, 187, 80, NULL, 'bez_parkowania', 'WJC67AM'),
(1173, '2020-05-26 05:18:44', '2020-05-26 08:37:18.046287', NULL, 187, 15, NULL, 'z_parkowaniem', 'CNF85SX'),
(1174, '2020-01-23 17:06:10', '2020-01-23 19:39:43.264898', NULL, NULL, 5, NULL, 'bez_parkowania', 'OTD32ED'),
(1175, '2020-04-15 21:50:41', '2020-04-16 00:19:55.324612', NULL, 13, 61, NULL, 'z_parkowaniem', 'AAH88TV'),
(1176, '2020-03-13 17:23:16', '2020-03-13 19:47:40.276153', NULL, 195, 18, NULL, 'bez_parkowania', 'SFU71WI'),
(1177, '2020-01-01 00:48:38', '2020-01-01 04:43:28.556417', NULL, NULL, 35, NULL, 'bez_parkowania', 'TWD14FT'),
(1178, '2020-04-02 13:48:59', '2020-04-02 15:13:56.696456', NULL, 58, 51, NULL, 'z_parkowaniem', 'OUT16MW'),
(1179, '2020-04-11 12:16:29', '2020-04-11 15:25:49.5926', NULL, 233, 25, NULL, 'z_parkowaniem', 'JJZ70WY'),
(1180, '2020-01-02 04:24:31', '2020-01-02 05:16:34.771536', NULL, 185, 95, NULL, 'bez_parkowania', 'PFI20MD'),
(1181, '2020-04-07 23:01:20', '2020-04-08 01:17:14.650895', NULL, NULL, 64, NULL, 'z_parkowaniem', 'WNU61DL'),
(1182, '2020-03-19 06:53:04', '2020-03-19 08:12:59.205713', NULL, NULL, 37, NULL, 'bez_parkowania', 'UFK91FJ'),
(1183, '2020-04-27 13:44:00', '2020-04-27 15:18:23.713084', NULL, 52, 69, NULL, 'bez_parkowania', 'WSO76BP'),
(1184, '2020-03-08 03:43:11', '2020-03-08 07:10:31.576367', NULL, 74, 54, NULL, 'z_parkowaniem', 'ENS96FV'),
(1185, '2020-03-14 16:00:12', '2020-03-14 18:43:42.361127', NULL, 51, 8, NULL, 'bez_parkowania', 'UOP53NS'),
(1186, '2020-06-07 05:59:11', '2020-06-07 07:15:46.568278', NULL, 218, 28, NULL, 'z_parkowaniem', 'BLI53FV'),
(1187, '2020-01-01 00:00:02', '2020-01-01 00:29:28.987277', NULL, 45, 20, NULL, 'z_parkowaniem', 'EXO51KP'),
(1188, '2020-02-07 12:18:27', '2020-02-07 15:43:27.086004', NULL, NULL, 82, NULL, 'bez_parkowania', 'XEW99IS'),
(1189, '2020-02-10 00:32:03', '2020-02-10 00:57:36.110528', NULL, 114, 71, NULL, 'bez_parkowania', 'UUB09YD'),
(1190, '2020-01-25 10:33:21', '2020-01-25 10:34:57.404327', NULL, 43, 84, NULL, 'z_parkowaniem', 'XGY64LW'),
(1191, '2020-03-02 19:53:38', '2020-03-02 20:20:52.680989', NULL, NULL, 73, NULL, 'bez_parkowania', 'YZC64DJ'),
(1192, '2020-01-18 08:03:36', '2020-01-18 12:21:08.899783', NULL, NULL, 66, NULL, 'z_parkowaniem', 'TCC22BG'),
(1193, '2020-05-13 10:07:10', '2020-05-13 10:34:12.359006', NULL, 64, 55, NULL, 'z_parkowaniem', 'CBI92LA'),
(1194, '2020-01-01 00:00:01', '2020-01-01 00:55:41.150565', NULL, 68, 86, NULL, 'bez_parkowania', 'GLI63LF'),
(1195, '2020-06-08 13:39:52', '2020-06-08 14:16:57.927924', NULL, NULL, 75, NULL, 'bez_parkowania', 'XOH46EU'),
(1196, '2020-01-01 00:00:07', '2020-01-01 00:16:40.134803', NULL, 13, 9, NULL, 'z_parkowaniem', 'YZF38FM'),
(1197, '2020-01-01 00:33:52', '2020-01-01 01:50:45.277794', NULL, 116, 21, NULL, 'z_parkowaniem', 'XPJ08ES'),
(1198, '2020-05-08 02:01:35', '2020-05-08 03:46:52.294389', NULL, 60, 12, NULL, 'bez_parkowania', 'ZRJ35DN'),
(1199, '2020-05-24 18:02:00', '2020-05-24 18:23:59.215554', NULL, 199, 2, NULL, 'z_parkowaniem', 'XSS65WE'),
(1200, '2020-02-12 22:50:53', '2020-02-13 00:47:03.277002', NULL, 161, 13, NULL, 'bez_parkowania', 'ZVY24IC');
INSERT INTO pobyty(id, godzina_rozpoczecia, godzina_zakonczenia, należność, konta_id, wjazdowe_bramki_id, wyjazdowe_bramki_id, selektor, pojazdy_rejestracja) VALUES
(1201, '2020-06-04 04:17:08', '2020-06-04 05:04:35.725453', NULL, 4, 37, NULL, 'z_parkowaniem', 'UOP53NS'),
(1202, '2020-01-01 00:00:07', '2020-01-01 00:12:37.678714', NULL, 84, 99, NULL, 'bez_parkowania', 'DAH09AN'),
(1203, '2020-01-01 00:00:02', '2020-01-01 02:05:51.412374', NULL, 56, 8, NULL, 'bez_parkowania', 'AWP78EM'),
(1204, '2020-03-24 14:39:49', '2020-03-24 15:24:32.978887', NULL, NULL, 28, NULL, 'z_parkowaniem', 'XGY64LW'),
(1205, '2020-01-01 00:01:32', '2020-01-01 02:26:49.218426', NULL, 58, 51, NULL, 'bez_parkowania', 'YZC64DJ'),
(1206, '2020-01-12 09:14:50', '2020-01-12 12:30:11.195658', NULL, NULL, 64, NULL, 'z_parkowaniem', 'XEW99IS'),
(1207, '2020-04-20 10:19:54', '2020-04-20 11:36:06.860114', NULL, NULL, 40, NULL, 'bez_parkowania', 'XOH46EU'),
(1208, '2020-01-01 00:00:26', '2020-01-01 03:43:49.097614', NULL, NULL, 97, NULL, 'z_parkowaniem', 'CNF85SX'),
(1209, '2020-01-01 00:00:54', '2020-01-01 00:43:42.450014', NULL, NULL, 54, NULL, 'bez_parkowania', 'DKB38LR'),
(1210, '2020-01-11 20:52:21', '2020-01-11 22:08:11.532522', NULL, 240, 20, NULL, 'z_parkowaniem', 'YZF38FM'),
(1211, '2020-06-03 17:38:37', '2020-06-03 17:41:53.318572', NULL, 30, 66, NULL, 'z_parkowaniem', 'RBZ27PY'),
(1212, '2020-01-01 00:00:05', '2020-01-01 03:13:16.177527', NULL, 126, 30, NULL, 'bez_parkowania', 'BGC37PL'),
(1213, '2020-05-24 11:22:20', '2020-05-24 13:43:22.410933', NULL, NULL, 9, NULL, 'z_parkowaniem', 'NJQ92RC'),
(1214, '2020-01-26 02:52:35', NULL, NULL, 55, 73, NULL, 'bez_parkowania', 'XPJ08ES'),
(1215, '2020-01-01 01:05:26', '2020-01-01 01:56:11.778289', NULL, NULL, 55, NULL, 'z_parkowaniem', 'UUB09YD'),
(1216, '2020-03-26 18:36:14', '2020-03-26 22:48:24.986961', NULL, 43, 46, NULL, 'bez_parkowania', 'ZRJ35DN'),
(1217, '2020-04-12 07:13:57', '2020-04-12 09:39:55.389975', NULL, NULL, 93, NULL, 'bez_parkowania', 'XSS65WE'),
(1218, '2020-06-06 20:44:58', '2020-06-06 22:58:58.540401', NULL, NULL, 42, NULL, 'z_parkowaniem', 'HPQ82KV'),
(1219, '2020-06-10 19:23:38', '2020-06-10 21:27:31.653141', NULL, 143, 57, NULL, 'bez_parkowania', 'ZVY24IC'),
(1220, '2020-04-16 12:56:58', '2020-04-16 16:53:00.301454', NULL, NULL, 32, NULL, 'z_parkowaniem', 'TCC22BG'),
(1221, '2020-04-26 19:58:57', '2020-04-26 20:42:16.319407', NULL, 70, 89, NULL, 'z_parkowaniem', 'CYP38GU'),
(1222, '2020-05-09 22:36:46', '2020-05-10 00:22:16.619098', NULL, 13, 21, NULL, 'bez_parkowania', 'BIC20XX'),
(1223, '2020-01-27 05:35:39', '2020-01-27 06:48:01.720349', NULL, 61, 44, NULL, 'z_parkowaniem', 'YWC89AI'),
(1224, '2020-03-10 14:13:49', '2020-03-10 16:12:36.497764', NULL, 5, 47, NULL, 'bez_parkowania', 'VFL27FT'),
(1225, '2020-01-01 00:00:10', '2020-01-01 02:33:48.403089', NULL, NULL, 60, NULL, 'z_parkowaniem', 'TLP89DI'),
(1226, '2020-02-26 13:37:53', '2020-02-26 17:14:47.025913', NULL, 3, 12, NULL, 'bez_parkowania', 'RSX32UZ'),
(1227, '2020-01-25 03:31:50', '2020-01-25 04:30:06.259439', NULL, 124, 2, NULL, 'bez_parkowania', 'ACC86KW'),
(1228, '2020-01-01 00:01:13', '2020-01-01 04:20:55.007981', NULL, 224, 86, NULL, 'z_parkowaniem', 'DKR92GE'),
(1229, '2020-06-06 04:19:56', '2020-06-06 08:13:46.831886', NULL, 70, 95, NULL, 'z_parkowaniem', 'WJC67AM'),
(1230, '2020-06-12 06:04:52', '2020-06-12 08:29:19.618995', NULL, NULL, 49, NULL, 'bez_parkowania', 'AAH88TV'),
(1231, '2020-01-24 15:37:25', '2020-01-24 17:31:34.937505', NULL, 204, 91, NULL, 'bez_parkowania', 'TWD14FT'),
(1232, '2020-04-29 23:30:15', '2020-04-30 00:43:51.588919', NULL, NULL, 13, NULL, 'z_parkowaniem', 'ENS96FV'),
(1233, '2020-04-28 16:26:04', '2020-04-28 20:05:26.918303', NULL, 91, 34, NULL, 'bez_parkowania', 'YYS23QV'),
(1234, '2020-05-30 15:46:33', '2020-05-30 15:57:12.827808', NULL, 54, 23, NULL, 'z_parkowaniem', 'WNU61DL'),
(1235, '2020-01-01 00:04:19', '2020-01-01 03:09:37.023216', NULL, NULL, 75, NULL, 'z_parkowaniem', 'UFK91FJ'),
(1236, '2020-04-11 18:01:45', '2020-04-11 22:11:41.141638', NULL, 19, 4, NULL, 'bez_parkowania', 'WSO76BP'),
(1237, '2020-01-01 00:15:49', '2020-01-01 02:27:26.917724', NULL, 103, 88, NULL, 'z_parkowaniem', 'OTD32ED'),
(1238, '2020-03-04 09:33:27', '2020-03-04 12:27:25.395259', NULL, NULL, 77, NULL, 'bez_parkowania', 'BLI53FV'),
(1239, '2020-04-15 03:21:34', '2020-04-15 07:07:54.221921', NULL, 193, 68, NULL, 'bez_parkowania', 'EXO51KP'),
(1240, '2020-01-15 18:14:19', '2020-01-15 22:12:33.1264', NULL, 97, 61, NULL, 'z_parkowaniem', 'CBI92LA'),
(1241, '2020-01-01 01:41:32', '2020-01-01 03:13:50.518561', NULL, 122, 80, NULL, 'z_parkowaniem', 'SFU71WI'),
(1242, '2020-06-04 13:34:36', '2020-06-04 16:20:07.257898', NULL, 198, 69, NULL, 'bez_parkowania', 'OUT16MW'),
(1243, '2020-01-01 00:00:09', '2020-01-01 03:03:37.883452', NULL, 88, 15, NULL, 'bez_parkowania', 'GLI63LF'),
(1244, '2020-02-16 14:56:52', '2020-02-16 19:05:21.791167', NULL, 161, 82, NULL, 'z_parkowaniem', 'JJZ70WY'),
(1245, '2020-01-01 01:29:20', '2020-01-01 04:46:21.149977', NULL, 23, 5, NULL, 'z_parkowaniem', 'PFI20MD'),
(1246, '2020-05-23 07:42:22', '2020-05-23 10:22:45.755788', NULL, 116, 35, NULL, 'bez_parkowania', 'LRS38FW'),
(1247, '2020-04-29 23:10:32', '2020-04-30 01:24:33.919905', NULL, 80, 25, NULL, 'bez_parkowania', 'DIN67BZ'),
(1248, '2020-01-08 00:01:41', '2020-01-08 00:39:40.040734', NULL, 5, 18, NULL, 'z_parkowaniem', 'PVW35SL'),
(1249, '2020-01-01 00:07:26', '2020-01-01 02:53:02.681521', NULL, 50, 71, NULL, 'z_parkowaniem', 'NJE60PO'),
(1250, '2020-03-10 18:30:30', '2020-03-10 22:44:45.803303', NULL, 150, 84, NULL, 'bez_parkowania', 'GZO00TP');
INSERT INTO pobyty(id, godzina_rozpoczecia, godzina_zakonczenia, należność, konta_id, wjazdowe_bramki_id, wyjazdowe_bramki_id, selektor, pojazdy_rejestracja) VALUES
(1251, '2020-01-01 01:52:36', '2020-01-01 02:51:37.548401', NULL, 136, 20, NULL, 'bez_parkowania', 'ACC86KW'),
(1252, '2020-05-04 07:54:50', '2020-05-04 09:05:40.656611', NULL, 160, 9, NULL, 'z_parkowaniem', 'SFU71WI'),
(1253, '2020-03-28 00:14:01', '2020-03-28 03:32:03.02047', NULL, 8, 89, NULL, 'z_parkowaniem', 'AWP78EM'),
(1254, '2020-01-01 00:07:57', '2020-01-01 02:21:29.664738', NULL, NULL, 21, NULL, 'bez_parkowania', 'YYS23QV'),
(1255, '2020-04-07 12:59:15', '2020-04-07 15:29:44.765415', NULL, 57, 99, NULL, 'bez_parkowania', 'CNF85SX'),
(1256, '2020-02-28 08:22:26', '2020-02-28 12:06:22.043066', NULL, 109, 80, NULL, 'z_parkowaniem', 'XGY64LW'),
(1257, '2020-02-01 09:04:44', '2020-02-01 11:29:55.780365', NULL, 195, 69, NULL, 'z_parkowaniem', 'DAH09AN'),
(1258, '2020-04-15 23:56:10', '2020-04-16 00:46:26.022784', NULL, NULL, 95, NULL, 'bez_parkowania', 'OUT16MW'),
(1259, '2020-01-01 01:20:36', '2020-01-01 01:47:34.994102', NULL, 110, 91, NULL, 'z_parkowaniem', 'GLI63LF'),
(1260, '2020-04-16 19:42:50', '2020-04-16 22:01:02.857804', NULL, NULL, 28, NULL, 'bez_parkowania', 'TLP89DI'),
(1261, '2020-03-21 19:39:43', '2020-03-21 22:29:15.695685', NULL, 187, 82, NULL, 'bez_parkowania', 'BGC37PL'),
(1262, '2020-05-27 14:32:20', '2020-05-27 18:24:14.622071', NULL, NULL, 71, NULL, 'z_parkowaniem', 'WJC67AM'),
(1263, '2020-05-05 15:59:34', '2020-05-05 17:17:11.584658', NULL, 107, 12, NULL, 'bez_parkowania', 'JJZ70WY'),
(1264, '2020-05-13 18:02:03', NULL, NULL, 69, 97, NULL, 'z_parkowaniem', 'YZC64DJ'),
(1265, '2020-02-04 10:01:11', '2020-02-04 10:33:50.848762', NULL, NULL, 54, NULL, 'z_parkowaniem', 'CYP38GU'),
(1266, '2020-06-09 15:51:18', '2020-06-09 19:55:29.412993', NULL, 239, 93, NULL, 'bez_parkowania', 'BIC20XX'),
(1267, '2020-01-01 16:27:52', '2020-01-01 18:52:40.973196', NULL, 115, 66, NULL, 'z_parkowaniem', 'DIN67BZ'),
(1268, '2020-02-12 03:46:03', '2020-02-12 04:59:42.204597', NULL, 31, 84, NULL, 'bez_parkowania', 'PFI20MD'),
(1269, '2020-01-13 17:36:16', '2020-01-13 21:34:47.859914', NULL, 145, 2, NULL, 'bez_parkowania', 'XOH46EU'),
(1270, '2020-01-01 00:00:25', '2020-01-01 00:09:40.515002', NULL, 99, 55, NULL, 'z_parkowaniem', 'TWD14FT'),
(1271, '2020-02-21 05:18:47', '2020-02-21 06:04:18.89789', NULL, 114, 73, NULL, 'z_parkowaniem', 'LRS38FW'),
(1272, '2020-01-01 00:00:09', '2020-01-01 03:11:37.644598', NULL, 3, 40, NULL, 'bez_parkowania', 'PVW35SL'),
(1273, '2020-05-11 22:22:33', '2020-05-11 23:17:44.810063', NULL, NULL, 13, NULL, 'bez_parkowania', 'YZF38FM'),
(1274, '2020-02-10 19:27:52', '2020-02-10 21:37:42.379509', NULL, 158, 4, NULL, 'z_parkowaniem', 'XPJ08ES'),
(1275, '2020-01-26 07:05:36', '2020-01-26 11:01:04.521213', NULL, 73, 15, NULL, 'bez_parkowania', 'WNU61DL'),
(1276, '2020-04-23 19:53:38', '2020-04-23 22:11:53.379946', NULL, 158, 86, NULL, 'z_parkowaniem', 'ZRJ35DN'),
(1277, '2020-03-16 23:05:27', '2020-03-17 02:37:53.171845', NULL, 76, 30, NULL, 'bez_parkowania', 'GZO00TP'),
(1278, '2020-05-23 00:12:06', '2020-05-23 03:27:47.700932', NULL, NULL, 46, NULL, 'z_parkowaniem', 'XSS65WE'),
(1279, '2020-02-26 16:39:36', '2020-02-26 18:23:59.658057', NULL, NULL, 57, NULL, 'z_parkowaniem', 'NJE60PO'),
(1280, '2020-04-26 08:58:31', '2020-04-26 12:46:26.958593', NULL, NULL, 75, NULL, 'bez_parkowania', 'DKB38LR'),
(1281, '2020-01-01 00:12:39', '2020-01-01 00:42:48.901249', NULL, 7, 42, NULL, 'z_parkowaniem', 'ZVY24IC'),
(1282, '2020-01-01 01:13:36', '2020-01-01 02:13:45.728484', NULL, NULL, 32, NULL, 'bez_parkowania', 'UFK91FJ'),
(1283, '2020-05-28 14:45:50', '2020-05-28 15:42:24.277515', NULL, 4, 47, NULL, 'z_parkowaniem', 'HPQ82KV'),
(1284, '2020-04-10 16:03:43', '2020-04-10 18:28:31.351397', NULL, 50, 44, NULL, 'bez_parkowania', 'DKR92GE'),
(1285, '2020-02-11 06:37:07', '2020-02-11 09:50:42.509665', NULL, 48, 34, NULL, 'z_parkowaniem', 'YWC89AI'),
(1286, '2020-02-27 16:34:20', '2020-02-27 19:12:07.687156', NULL, 241, 60, NULL, 'bez_parkowania', 'AAH88TV'),
(1287, '2020-03-13 15:29:46', '2020-03-13 16:15:21.052708', NULL, NULL, 23, NULL, 'z_parkowaniem', 'RBZ27PY'),
(1288, '2020-03-21 03:19:53', '2020-03-21 05:16:44.554907', NULL, 216, 88, NULL, 'bez_parkowania', 'ENS96FV'),
(1289, '2020-01-01 02:18:35', '2020-01-01 03:27:56.703162', NULL, 24, 5, NULL, 'bez_parkowania', 'BLI53FV'),
(1290, '2020-01-01 00:00:42', '2020-01-01 04:12:39.013932', NULL, NULL, 18, NULL, 'z_parkowaniem', 'NJQ92RC'),
(1291, '2020-01-01 00:00:08', '2020-01-01 01:03:32.582528', NULL, NULL, 8, NULL, 'bez_parkowania', 'WSO76BP'),
(1292, '2020-05-10 08:20:50', '2020-05-10 11:53:10.570888', NULL, 147, 77, NULL, 'z_parkowaniem', 'EXO51KP'),
(1293, '2020-03-24 15:29:45', '2020-03-24 19:33:39.68935', NULL, 79, 35, NULL, 'z_parkowaniem', 'UOP53NS'),
(1294, '2020-01-23 09:39:13', '2020-01-23 11:47:10.75908', NULL, 49, 49, NULL, 'bez_parkowania', 'RSX32UZ'),
(1295, '2020-01-01 00:05:57', '2020-01-01 03:44:12.38957', NULL, NULL, 25, NULL, 'bez_parkowania', 'CBI92LA'),
(1296, '2020-02-04 10:46:36', '2020-02-04 14:18:07.821104', NULL, 13, 37, NULL, 'z_parkowaniem', 'XEW99IS'),
(1297, '2020-01-18 05:28:05', '2020-01-18 09:26:29.721937', NULL, 206, 68, NULL, 'bez_parkowania', 'UUB09YD'),
(1298, '2020-02-14 16:24:00', '2020-02-14 16:35:50.582917', NULL, 73, 61, NULL, 'z_parkowaniem', 'OTD32ED'),
(1299, '2020-01-21 06:32:48', '2020-01-21 07:21:30.121383', NULL, NULL, 51, NULL, 'z_parkowaniem', 'TCC22BG'),
(1300, '2020-05-02 07:12:50', '2020-05-02 07:40:50.714839', NULL, 235, 64, NULL, 'bez_parkowania', 'VFL27FT');
INSERT INTO pobyty(id, godzina_rozpoczecia, godzina_zakonczenia, należność, konta_id, wjazdowe_bramki_id, wyjazdowe_bramki_id, selektor, pojazdy_rejestracja) VALUES
(1301, '2020-01-01 01:18:59', '2020-01-01 01:21:57.085873', NULL, 166, 68, NULL, 'z_parkowaniem', 'YYS23QV'),
(1302, '2020-05-30 16:31:07', '2020-05-30 17:37:26.997383', NULL, 81, 64, NULL, 'bez_parkowania', 'DAH09AN'),
(1303, '2020-01-11 05:58:28', '2020-01-11 08:57:51.394813', NULL, 82, 80, NULL, 'bez_parkowania', 'DKB38LR'),
(1304, '2020-02-14 01:59:11', '2020-02-14 02:01:02.084623', NULL, NULL, 40, NULL, 'z_parkowaniem', 'AWP78EM'),
(1305, '2020-03-13 17:03:49', '2020-03-13 18:43:56.289668', NULL, 199, 95, NULL, 'z_parkowaniem', 'HPQ82KV'),
(1306, '2020-01-01 01:52:49', '2020-01-01 02:04:39.073567', NULL, 108, 99, NULL, 'bez_parkowania', 'WJC67AM'),
(1307, '2020-01-01 00:00:05', NULL, NULL, 133, 30, NULL, 'z_parkowaniem', 'XGY64LW'),
(1308, '2020-02-02 14:51:43', '2020-02-02 18:08:42.296872', NULL, NULL, 2, NULL, 'bez_parkowania', 'DKR92GE'),
(1309, '2020-01-01 00:00:07', '2020-01-01 02:53:07.238568', NULL, 83, 13, NULL, 'bez_parkowania', 'TWD14FT'),
(1310, '2020-01-01 00:02:16', '2020-01-01 01:48:48.291385', NULL, NULL, 91, NULL, 'z_parkowaniem', 'NJE60PO'),
(1311, '2020-01-01 00:06:41', '2020-01-01 00:55:11.671368', NULL, NULL, 4, NULL, 'bez_parkowania', 'RBZ27PY'),
(1312, '2020-06-05 11:36:16', '2020-06-05 11:45:56.293403', NULL, 85, 15, NULL, 'z_parkowaniem', 'NJQ92RC'),
(1313, '2020-01-01 00:00:10', '2020-01-01 00:47:48.631906', NULL, NULL, 97, NULL, 'z_parkowaniem', 'CNF85SX'),
(1314, '2020-01-01 01:55:10', '2020-01-01 02:43:08.459946', NULL, 170, 69, NULL, 'bez_parkowania', 'RSX32UZ'),
(1315, '2020-03-10 12:06:29', '2020-03-10 12:40:04.632854', NULL, NULL, 54, NULL, 'bez_parkowania', 'OTD32ED'),
(1316, '2020-03-04 11:49:13', '2020-03-04 14:59:33.542752', NULL, NULL, 82, NULL, 'z_parkowaniem', 'AAH88TV'),
(1317, '2020-02-29 15:25:07', '2020-02-29 18:24:24.496189', NULL, 90, 71, NULL, 'bez_parkowania', 'SFU71WI'),
(1318, '2020-04-21 23:42:46', '2020-04-22 00:22:17.175994', NULL, 101, 42, NULL, 'z_parkowaniem', 'WNU61DL'),
(1319, '2020-01-01 00:00:26', '2020-01-01 02:00:35.59395', NULL, 139, 66, NULL, 'z_parkowaniem', 'BGC37PL'),
(1320, '2020-02-02 05:00:59', '2020-02-02 07:19:37.332386', NULL, NULL, 5, NULL, 'bez_parkowania', 'ENS96FV'),
(1321, '2020-03-01 00:57:01', '2020-03-01 02:25:39.563105', NULL, 4, 84, NULL, 'z_parkowaniem', 'BLI53FV'),
(1322, '2020-04-30 04:53:26', '2020-04-30 07:01:47.943367', NULL, 122, 18, NULL, 'bez_parkowania', 'YZC64DJ'),
(1323, '2020-01-01 00:12:25', '2020-01-01 03:46:40.157476', NULL, NULL, 93, NULL, 'z_parkowaniem', 'CYP38GU'),
(1324, '2020-04-21 00:38:43', '2020-04-21 01:32:35.780388', NULL, NULL, 89, NULL, 'bez_parkowania', 'OUT16MW'),
(1325, '2020-03-08 05:39:43', '2020-03-08 09:49:19.092123', NULL, 33, 55, NULL, 'bez_parkowania', 'EXO51KP'),
(1326, '2020-01-01 00:03:48', '2020-01-01 01:18:15.458589', NULL, 69, 32, NULL, 'z_parkowaniem', 'CBI92LA'),
(1327, '2020-02-15 04:23:57', '2020-02-15 07:12:41.721676', NULL, NULL, 8, NULL, 'bez_parkowania', 'XOH46EU'),
(1328, '2020-04-26 01:35:19', '2020-04-26 04:11:07.599321', NULL, NULL, 20, NULL, 'z_parkowaniem', 'GLI63LF'),
(1329, '2020-05-27 20:45:12', '2020-05-28 00:15:45.28737', NULL, 234, 44, NULL, 'bez_parkowania', 'UFK91FJ'),
(1330, '2020-06-02 02:28:06', '2020-06-02 03:05:43.58048', NULL, NULL, 34, NULL, 'z_parkowaniem', 'BIC20XX'),
(1331, '2020-01-01 02:35:49', '2020-01-01 03:15:42.292368', NULL, 127, 46, NULL, 'z_parkowaniem', 'DIN67BZ'),
(1332, '2020-01-01 00:00:04', '2020-01-01 02:42:29.76119', NULL, 243, 9, NULL, 'bez_parkowania', 'JJZ70WY'),
(1333, '2020-04-28 20:34:57', '2020-04-28 21:56:38.675161', NULL, NULL, 23, NULL, 'bez_parkowania', 'PFI20MD'),
(1334, '2020-01-27 11:11:15', '2020-01-27 12:33:23.401787', NULL, 227, 57, NULL, 'z_parkowaniem', 'GZO00TP'),
(1335, '2020-06-09 03:39:24', '2020-06-09 07:23:53.329487', NULL, 97, 21, NULL, 'bez_parkowania', 'WSO76BP'),
(1336, '2020-01-14 14:28:14', '2020-01-14 18:02:36.211146', NULL, 4, 35, NULL, 'z_parkowaniem', 'UOP53NS'),
(1337, '2020-01-01 02:26:45', '2020-01-01 02:36:54.573908', NULL, 110, 25, NULL, 'z_parkowaniem', 'YZF38FM'),
(1338, '2020-05-14 18:43:03', '2020-05-14 21:36:29.370032', NULL, 99, 12, NULL, 'bez_parkowania', 'XEW99IS'),
(1339, '2020-03-27 04:43:49', '2020-03-27 08:36:02.51937', NULL, 93, 47, NULL, 'z_parkowaniem', 'XPJ08ES'),
(1340, '2020-03-26 04:49:57', '2020-03-26 05:43:10.828395', NULL, 63, 60, NULL, 'bez_parkowania', 'ZRJ35DN'),
(1341, '2020-05-15 13:00:49', '2020-05-15 13:59:44.218209', NULL, 212, 37, NULL, 'bez_parkowania', 'LRS38FW'),
(1342, '2020-01-01 00:00:11', '2020-01-01 04:04:32.512645', NULL, NULL, 73, NULL, 'z_parkowaniem', 'PVW35SL'),
(1343, '2020-02-15 20:54:48', '2020-02-16 00:09:33.145657', NULL, 178, 49, NULL, 'z_parkowaniem', 'XSS65WE'),
(1344, '2020-01-29 17:19:58', '2020-01-29 17:59:43.683728', NULL, 122, 86, NULL, 'bez_parkowania', 'ZVY24IC'),
(1345, '2020-03-14 20:44:04', '2020-03-15 00:30:02.703672', NULL, 102, 28, NULL, 'z_parkowaniem', 'YWC89AI'),
(1346, '2020-01-01 00:00:08', '2020-01-01 01:14:47.105834', NULL, 153, 75, NULL, 'bez_parkowania', 'UUB09YD'),
(1347, '2020-02-09 13:56:38', '2020-02-09 15:22:13.239535', NULL, 174, 88, NULL, 'bez_parkowania', 'TCC22BG'),
(1348, '2020-05-30 12:49:47', '2020-05-30 16:58:10.303365', NULL, 9, 61, NULL, 'z_parkowaniem', 'VFL27FT'),
(1349, '2020-01-01 00:00:03', '2020-01-01 03:08:15.395314', NULL, 182, 77, NULL, 'z_parkowaniem', 'TLP89DI'),
(1350, '2020-05-18 05:05:50', '2020-05-18 08:46:30.158369', NULL, 83, 51, NULL, 'bez_parkowania', 'ACC86KW');
INSERT INTO pobyty(id, godzina_rozpoczecia, godzina_zakonczenia, należność, konta_id, wjazdowe_bramki_id, wyjazdowe_bramki_id, selektor, pojazdy_rejestracja) VALUES
(1351, '2020-01-01 00:00:04', '2020-01-01 02:15:12.527919', NULL, 202, 5, NULL, 'z_parkowaniem', 'AWP78EM'),
(1352, '2020-04-16 00:15:48', NULL, NULL, 40, 99, NULL, 'bez_parkowania', 'YWC89AI'),
(1353, '2020-01-01 00:01:40', '2020-01-01 02:49:21.932496', NULL, 69, 18, NULL, 'z_parkowaniem', 'ENS96FV'),
(1354, '2020-05-01 10:18:56', '2020-05-01 10:39:51.519533', NULL, NULL, 25, NULL, 'bez_parkowania', 'BLI53FV'),
(1355, '2020-05-22 00:37:09', '2020-05-22 04:16:25.98573', NULL, NULL, 61, NULL, 'z_parkowaniem', 'ACC86KW'),
(1356, '2020-01-01 00:08:12', '2020-01-01 03:55:41.159274', NULL, NULL, 37, NULL, 'bez_parkowania', 'CNF85SX'),
(1357, '2020-01-01 01:59:35', '2020-01-01 04:55:42.548254', NULL, 3, 8, NULL, 'z_parkowaniem', 'BGC37PL'),
(1358, '2020-01-01 00:41:13', '2020-01-01 04:12:08.74921', NULL, NULL, 28, NULL, 'bez_parkowania', 'OUT16MW'),
(1359, '2020-01-15 20:35:58', '2020-01-15 20:54:25.633918', NULL, 184, 93, NULL, 'z_parkowaniem', 'CYP38GU'),
(1360, '2020-02-25 02:34:34', '2020-02-25 03:54:30.45277', NULL, 138, 89, NULL, 'bez_parkowania', 'YYS23QV'),
(1361, '2020-06-07 03:48:14', '2020-06-07 05:13:39.937298', NULL, NULL, 40, NULL, 'z_parkowaniem', 'EXO51KP'),
(1362, '2020-01-01 02:38:38', '2020-01-01 04:18:17.14484', NULL, 58, 30, NULL, 'bez_parkowania', 'XGY64LW'),
(1363, '2020-03-01 13:27:41', '2020-03-01 14:45:46.189893', NULL, 39, 20, NULL, 'z_parkowaniem', 'CBI92LA'),
(1364, '2020-03-10 19:28:25', '2020-03-10 20:10:14.966947', NULL, NULL, 51, NULL, 'bez_parkowania', 'YZC64DJ'),
(1365, '2020-01-31 03:15:14', '2020-01-31 06:20:20.692506', NULL, NULL, 75, NULL, 'z_parkowaniem', 'GLI63LF'),
(1366, '2020-01-01 00:12:15', '2020-01-01 01:02:11.26975', NULL, 6, 95, NULL, 'bez_parkowania', 'UOP53NS'),
(1367, '2020-01-01 00:01:15', '2020-01-01 00:09:06.484464', NULL, NULL, 88, NULL, 'bez_parkowania', 'BIC20XX'),
(1368, '2020-01-01 00:10:53', '2020-01-01 01:58:38.937737', NULL, 206, 42, NULL, 'z_parkowaniem', 'DIN67BZ'),
(1369, '2020-02-19 09:52:52', '2020-02-19 13:59:48.933936', NULL, 128, 32, NULL, 'z_parkowaniem', 'GZO00TP'),
(1370, '2020-04-01 13:00:14', '2020-04-01 15:08:08.748667', NULL, 13, 44, NULL, 'bez_parkowania', 'XOH46EU'),
(1371, '2020-01-01 00:00:09', '2020-01-01 01:13:41.896445', NULL, NULL, 9, NULL, 'bez_parkowania', 'JJZ70WY'),
(1372, '2020-06-08 09:39:39', '2020-06-08 10:10:51.895746', NULL, 188, 34, NULL, 'z_parkowaniem', 'XEW99IS'),
(1373, '2020-01-01 00:00:33', '2020-01-01 03:48:04.26399', NULL, 163, 21, NULL, 'bez_parkowania', 'DAH09AN'),
(1374, '2020-04-20 11:58:16', '2020-04-20 13:01:42.681969', NULL, 104, 77, NULL, 'z_parkowaniem', 'UUB09YD'),
(1375, '2020-03-09 19:05:39', '2020-03-09 21:15:24.056588', NULL, 91, 23, NULL, 'bez_parkowania', 'YZF38FM'),
(1376, '2020-05-07 23:36:14', '2020-05-08 00:17:44.374984', NULL, 102, 68, NULL, 'z_parkowaniem', 'PFI20MD'),
(1377, '2020-05-02 17:56:21', '2020-05-02 20:45:42.071385', NULL, NULL, 80, NULL, 'z_parkowaniem', 'LRS38FW'),
(1378, '2020-01-01 00:00:56', '2020-01-01 02:07:26.405436', NULL, 30, 64, NULL, 'bez_parkowania', 'PVW35SL'),
(1379, '2020-03-28 21:08:54', '2020-03-29 01:25:41.852578', NULL, 121, 69, NULL, 'z_parkowaniem', 'NJE60PO'),
(1380, '2020-01-01 00:00:07', '2020-01-01 01:28:48.685498', NULL, NULL, 54, NULL, 'bez_parkowania', 'RBZ27PY'),
(1381, '2020-04-21 12:55:12', '2020-04-21 16:58:10.558787', NULL, 5, 91, NULL, 'z_parkowaniem', 'TCC22BG'),
(1382, '2020-01-09 08:31:56', '2020-01-09 09:53:26.396222', NULL, 5, 12, NULL, 'bez_parkowania', 'VFL27FT'),
(1383, '2020-01-01 00:07:23', '2020-01-01 00:43:43.101038', NULL, 109, 2, NULL, 'bez_parkowania', 'TLP89DI'),
(1384, '2020-01-01 00:03:03', '2020-01-01 02:25:12.596196', NULL, 51, 35, NULL, 'z_parkowaniem', 'NJQ92RC'),
(1385, '2020-01-12 10:49:20', '2020-01-12 14:53:59.514331', NULL, NULL, 66, NULL, 'bez_parkowania', 'WJC67AM'),
(1386, '2020-01-01 00:00:10', '2020-01-01 00:12:41.131589', NULL, 69, 13, NULL, 'z_parkowaniem', 'RSX32UZ'),
(1387, '2020-04-16 07:54:01', '2020-04-16 08:19:18.328817', NULL, 164, 97, NULL, 'z_parkowaniem', 'XPJ08ES'),
(1388, '2020-01-30 18:55:29', '2020-01-30 19:05:24.014072', NULL, 1, 82, NULL, 'bez_parkowania', 'DKB38LR'),
(1389, '2020-01-01 00:13:18', '2020-01-01 00:47:22.1776', NULL, 149, 4, NULL, 'bez_parkowania', 'ZRJ35DN'),
(1390, '2020-01-01 00:12:16', '2020-01-01 02:52:44.345065', NULL, 241, 55, NULL, 'z_parkowaniem', 'TWD14FT'),
(1391, '2020-01-17 01:26:27', '2020-01-17 02:08:15.482311', NULL, 33, 71, NULL, 'z_parkowaniem', 'OTD32ED'),
(1392, '2020-04-19 13:22:15', '2020-04-19 16:39:50.991915', NULL, NULL, 46, NULL, 'bez_parkowania', 'HPQ82KV'),
(1393, '2020-01-01 00:00:09', '2020-01-01 02:56:05.891155', NULL, 7, 57, NULL, 'z_parkowaniem', 'DKR92GE'),
(1394, '2020-01-20 10:45:24', '2020-01-20 12:45:22.329805', NULL, 52, 47, NULL, 'bez_parkowania', 'SFU71WI'),
(1395, '2020-04-13 13:03:50', '2020-04-13 16:12:01.901231', NULL, 248, 60, NULL, 'z_parkowaniem', 'XSS65WE'),
(1396, '2020-01-01 00:14:51', '2020-01-01 03:41:52.556773', NULL, NULL, 84, NULL, 'bez_parkowania', 'WNU61DL'),
(1397, '2020-02-16 20:35:15', '2020-02-16 23:09:46.408452', NULL, 199, 15, NULL, 'z_parkowaniem', 'UFK91FJ'),
(1398, '2020-02-16 10:19:37', '2020-02-16 11:59:02.953168', NULL, 144, 49, NULL, 'bez_parkowania', 'ZVY24IC'),
(1399, '2020-02-01 16:54:05', '2020-02-01 20:33:08.993766', NULL, NULL, 73, NULL, 'bez_parkowania', 'AAH88TV'),
(1400, '2020-03-30 02:58:18', '2020-03-30 06:56:13.95312', NULL, 20, 86, NULL, 'z_parkowaniem', 'WSO76BP');
INSERT INTO pobyty(id, godzina_rozpoczecia, godzina_zakonczenia, należność, konta_id, wjazdowe_bramki_id, wyjazdowe_bramki_id, selektor, pojazdy_rejestracja) VALUES
(1401, '2020-01-01 00:01:05', '2020-01-01 03:51:59.539263', NULL, 202, 34, NULL, 'bez_parkowania', 'OTD32ED'),
(1402, '2020-01-01 00:08:39', '2020-01-01 02:15:14.598332', NULL, 209, 64, NULL, 'z_parkowaniem', 'DAH09AN'),
(1403, '2020-05-19 04:12:34', '2020-05-19 05:56:50.505438', NULL, 53, 2, NULL, 'z_parkowaniem', 'UFK91FJ'),
(1404, '2020-03-12 12:24:21', '2020-03-12 14:11:51.377228', NULL, NULL, 82, NULL, 'bez_parkowania', 'WSO76BP'),
(1405, '2020-06-01 14:38:19', '2020-06-01 14:39:54.713007', NULL, NULL, 71, NULL, 'bez_parkowania', 'CBI92LA'),
(1406, '2020-04-30 08:17:14', '2020-04-30 11:18:42.488841', NULL, 209, 13, NULL, 'z_parkowaniem', 'SFU71WI'),
(1407, '2020-06-12 15:21:11', '2020-06-12 18:10:14.054494', NULL, NULL, 54, NULL, 'bez_parkowania', 'AWP78EM'),
(1408, '2020-01-01 00:00:01', '2020-01-01 03:51:43.018896', NULL, NULL, 99, NULL, 'z_parkowaniem', 'XOH46EU'),
(1409, '2020-04-28 23:18:54', '2020-04-29 02:41:04.580633', NULL, 33, 97, NULL, 'bez_parkowania', 'OUT16MW'),
(1410, '2020-01-01 00:00:10', '2020-01-01 00:59:18.830863', NULL, NULL, 84, NULL, 'z_parkowaniem', 'JJZ70WY'),
(1411, '2020-02-25 15:57:56', '2020-02-25 17:15:02.460415', NULL, 227, 4, NULL, 'z_parkowaniem', 'YZF38FM'),
(1412, '2020-05-23 23:20:29', '2020-05-24 02:51:47.348214', NULL, NULL, 93, NULL, 'bez_parkowania', 'PFI20MD'),
(1413, '2020-01-01 00:00:11', NULL, NULL, 4, 66, NULL, 'bez_parkowania', 'XPJ08ES'),
(1414, '2020-04-22 11:02:39', '2020-04-22 12:12:44.118514', NULL, NULL, 55, NULL, 'z_parkowaniem', 'CNF85SX'),
(1415, '2020-04-30 18:18:41', '2020-04-30 21:24:42.467961', NULL, 232, 46, NULL, 'z_parkowaniem', 'LRS38FW'),
(1416, '2020-02-09 14:30:49', '2020-02-09 15:48:30.849788', NULL, NULL, 57, NULL, 'bez_parkowania', 'BGC37PL'),
(1417, '2020-04-10 17:17:16', '2020-04-10 17:44:05.409495', NULL, 166, 15, NULL, 'z_parkowaniem', 'GLI63LF'),
(1418, '2020-01-16 00:43:38', '2020-01-16 01:34:53.835092', NULL, 29, 89, NULL, 'bez_parkowania', 'DIN67BZ'),
(1419, '2020-03-07 12:29:33', '2020-03-07 12:46:10.25121', NULL, 36, 23, NULL, 'bez_parkowania', 'ZRJ35DN'),
(1420, '2020-01-31 12:45:00', '2020-01-31 16:44:07.96027', NULL, NULL, 5, NULL, 'z_parkowaniem', 'XSS65WE'),
(1421, '2020-02-16 00:36:20', '2020-02-16 01:16:17.929742', NULL, 219, 35, NULL, 'z_parkowaniem', 'GZO00TP'),
(1422, '2020-05-19 22:53:11', '2020-05-20 01:29:40.756385', NULL, 30, 18, NULL, 'bez_parkowania', 'PVW35SL'),
(1423, '2020-05-15 21:36:07', '2020-05-15 21:59:59.612622', NULL, 172, 8, NULL, 'z_parkowaniem', 'NJE60PO'),
(1424, '2020-01-01 02:25:12', '2020-01-01 03:42:32.915929', NULL, 25, 73, NULL, 'bez_parkowania', 'CYP38GU'),
(1425, '2020-01-01 00:01:13', '2020-01-01 03:27:56.631499', NULL, NULL, 20, NULL, 'z_parkowaniem', 'RBZ27PY'),
(1426, '2020-03-01 13:44:11', '2020-03-01 14:44:47.756693', NULL, 42, 9, NULL, 'bez_parkowania', 'ZVY24IC'),
(1427, '2020-06-07 05:55:09', '2020-06-07 07:40:44.870915', NULL, 122, 95, NULL, 'z_parkowaniem', 'NJQ92RC'),
(1428, '2020-01-29 11:26:03', '2020-01-29 14:26:35.602156', NULL, 2, 25, NULL, 'bez_parkowania', 'RSX32UZ'),
(1429, '2020-03-17 17:08:00', '2020-03-17 19:17:51.098287', NULL, 34, 86, NULL, 'z_parkowaniem', 'YWC89AI'),
(1430, '2020-01-01 00:11:44', '2020-01-01 04:00:45.613131', NULL, 22, 75, NULL, 'bez_parkowania', 'UOP53NS'),
(1431, '2020-02-19 23:22:35', '2020-02-20 01:48:36.892957', NULL, NULL, 47, NULL, 'bez_parkowania', 'BIC20XX'),
(1432, '2020-05-19 23:55:51', '2020-05-20 02:17:06.57353', NULL, 236, 91, NULL, 'z_parkowaniem', 'ACC86KW'),
(1433, '2020-01-01 00:00:08', '2020-01-01 04:19:09.619749', NULL, 174, 60, NULL, 'z_parkowaniem', 'XEW99IS'),
(1434, '2020-04-15 14:25:59', '2020-04-15 18:44:27.743496', NULL, 7, 21, NULL, 'bez_parkowania', 'UUB09YD'),
(1435, '2020-05-27 09:09:50', '2020-05-27 10:34:58.736654', NULL, 179, 12, NULL, 'bez_parkowania', 'YYS23QV'),
(1436, '2020-01-01 00:14:24', '2020-01-01 04:18:42.692746', NULL, 157, 88, NULL, 'z_parkowaniem', 'TCC22BG'),
(1437, '2020-01-01 00:58:44', '2020-01-01 02:58:50.029655', NULL, NULL, 49, NULL, 'z_parkowaniem', 'VFL27FT'),
(1438, '2020-01-29 08:47:42', '2020-01-29 11:57:35.818497', NULL, 6, 77, NULL, 'bez_parkowania', 'DKB38LR'),
(1439, '2020-02-26 03:50:33', '2020-02-26 07:37:51.858526', NULL, NULL, 68, NULL, 'bez_parkowania', 'XGY64LW'),
(1440, '2020-05-11 03:06:10', '2020-05-11 06:10:40.066824', NULL, NULL, 80, NULL, 'z_parkowaniem', 'TLP89DI'),
(1441, '2020-03-28 20:33:01', '2020-03-28 22:07:37.428106', NULL, NULL, 61, NULL, 'z_parkowaniem', 'WJC67AM'),
(1442, '2020-02-16 19:42:51', '2020-02-16 20:55:21.244683', NULL, 86, 51, NULL, 'bez_parkowania', 'HPQ82KV'),
(1443, '2020-01-13 00:48:04', '2020-01-13 03:53:50.492125', NULL, 188, 37, NULL, 'bez_parkowania', 'YZC64DJ'),
(1444, '2020-01-01 00:02:52', '2020-01-01 02:51:15.468013', NULL, 114, 69, NULL, 'z_parkowaniem', 'DKR92GE'),
(1445, '2020-05-06 18:58:16', '2020-05-06 19:59:46.813986', NULL, 79, 28, NULL, 'bez_parkowania', 'AAH88TV'),
(1446, '2020-03-14 20:57:48', '2020-03-14 22:33:17.362499', NULL, 15, 40, NULL, 'z_parkowaniem', 'ENS96FV'),
(1447, '2020-01-01 00:00:03', '2020-01-01 01:58:57.936957', NULL, 151, 30, NULL, 'bez_parkowania', 'TWD14FT'),
(1448, '2020-06-11 07:10:42', '2020-06-11 08:00:15.906385', NULL, 71, 42, NULL, 'z_parkowaniem', 'WNU61DL'),
(1449, '2020-02-05 04:56:06', '2020-02-05 04:58:12.236211', NULL, 72, 32, NULL, 'bez_parkowania', 'BLI53FV'),
(1450, '2020-01-11 10:20:21', '2020-01-11 12:09:22.820312', NULL, 246, 44, NULL, 'z_parkowaniem', 'EXO51KP');
INSERT INTO pobyty(id, godzina_rozpoczecia, godzina_zakonczenia, należność, konta_id, wjazdowe_bramki_id, wyjazdowe_bramki_id, selektor, pojazdy_rejestracja) VALUES
(1451, '2020-06-11 05:52:22', '2020-06-11 07:47:24.283989', NULL, 39, 99, NULL, 'bez_parkowania', 'XSS65WE'),
(1452, '2020-02-11 06:04:12', '2020-02-11 06:55:56.396469', NULL, NULL, 93, NULL, 'z_parkowaniem', 'ZVY24IC'),
(1453, '2020-01-06 06:47:28', NULL, NULL, 30, 46, NULL, 'bez_parkowania', 'DAH09AN'),
(1454, '2020-01-01 00:00:09', '2020-01-01 02:35:40.704857', NULL, 125, 28, NULL, 'z_parkowaniem', 'CNF85SX'),
(1455, '2020-01-06 06:26:31', '2020-01-06 08:21:34.102127', NULL, 83, 40, NULL, 'bez_parkowania', 'TWD14FT'),
(1456, '2020-01-01 00:08:42', '2020-01-01 04:02:10.115447', NULL, NULL, 30, NULL, 'z_parkowaniem', 'BGC37PL'),
(1457, '2020-05-14 20:36:26', '2020-05-14 20:40:17.178326', NULL, NULL, 57, NULL, 'bez_parkowania', 'WNU61DL'),
(1458, '2020-03-25 23:43:12', '2020-03-26 01:20:34.251848', NULL, NULL, 89, NULL, 'z_parkowaniem', 'UFK91FJ'),
(1459, '2020-01-01 00:01:08', '2020-01-01 03:22:24.352754', NULL, 9, 47, NULL, 'z_parkowaniem', 'YWC89AI'),
(1460, '2020-02-09 03:57:37', '2020-02-09 06:31:03.912956', NULL, 144, 60, NULL, 'bez_parkowania', 'CYP38GU'),
(1461, '2020-01-01 00:08:57', '2020-01-01 01:13:25.628142', NULL, 77, 88, NULL, 'z_parkowaniem', 'WSO76BP'),
(1462, '2020-01-01 00:00:02', '2020-01-01 01:51:13.53907', NULL, NULL, 42, NULL, 'bez_parkowania', 'PVW35SL'),
(1463, '2020-01-20 04:50:59', '2020-01-20 05:35:26.237757', NULL, 204, 77, NULL, 'z_parkowaniem', 'CBI92LA'),
(1464, '2020-05-09 23:15:34', '2020-05-10 02:23:46.041524', NULL, NULL, 95, NULL, 'bez_parkowania', 'UOP53NS'),
(1465, '2020-01-01 02:00:18', '2020-01-01 05:35:26.119875', NULL, 89, 49, NULL, 'z_parkowaniem', 'GLI63LF'),
(1466, '2020-01-01 00:00:12', '2020-01-01 03:42:45.171104', NULL, 129, 61, NULL, 'bez_parkowania', 'NJE60PO'),
(1467, '2020-05-17 06:21:11', '2020-05-17 09:13:32.738357', NULL, 97, 91, NULL, 'z_parkowaniem', 'ACC86KW'),
(1468, '2020-05-29 13:01:43', '2020-05-29 16:41:24.894026', NULL, 170, 51, NULL, 'bez_parkowania', 'YYS23QV'),
(1469, '2020-01-01 00:00:09', '2020-01-01 01:46:09.826558', NULL, NULL, 15, NULL, 'bez_parkowania', 'DIN67BZ'),
(1470, '2020-02-24 00:48:48', '2020-02-24 02:14:30.824806', NULL, 102, 32, NULL, 'z_parkowaniem', 'XEW99IS'),
(1471, '2020-01-01 02:23:23', '2020-01-01 04:58:51.086227', NULL, NULL, 5, NULL, 'bez_parkowania', 'GZO00TP'),
(1472, '2020-03-01 10:04:10', '2020-03-01 12:50:29.479703', NULL, 70, 44, NULL, 'z_parkowaniem', 'UUB09YD'),
(1473, '2020-03-11 04:21:48', '2020-03-11 07:31:56.930837', NULL, NULL, 68, NULL, 'z_parkowaniem', 'RBZ27PY'),
(1474, '2020-01-01 00:51:08', '2020-01-01 01:19:32.927925', NULL, 65, 64, NULL, 'bez_parkowania', 'BIC20XX'),
(1475, '2020-01-01 00:01:40', '2020-01-01 01:44:06.048754', NULL, 104, 18, NULL, 'bez_parkowania', 'AWP78EM'),
(1476, '2020-04-20 10:45:05', '2020-04-20 13:45:47.158307', NULL, NULL, 80, NULL, 'z_parkowaniem', 'DKB38LR'),
(1477, '2020-05-22 19:28:04', '2020-05-22 21:40:14.328146', NULL, 228, 69, NULL, 'z_parkowaniem', 'HPQ82KV'),
(1478, '2020-04-13 11:21:37', '2020-04-13 13:11:54.946222', NULL, 4, 54, NULL, 'bez_parkowania', 'XGY64LW'),
(1479, '2020-01-01 00:03:59', '2020-01-01 04:07:18.258174', NULL, NULL, 8, NULL, 'bez_parkowania', 'YZC64DJ'),
(1480, '2020-03-05 12:30:31', '2020-03-05 13:49:17.894616', NULL, 120, 97, NULL, 'z_parkowaniem', 'DKR92GE'),
(1481, '2020-05-15 17:58:07', '2020-05-15 19:56:44.191625', NULL, 97, 34, NULL, 'z_parkowaniem', 'AAH88TV'),
(1482, '2020-05-12 01:35:54', '2020-05-12 05:18:57.06801', NULL, 79, 23, NULL, 'bez_parkowania', 'TCC22BG'),
(1483, '2020-01-03 20:33:15', '2020-01-04 00:02:50.091467', NULL, NULL, 66, NULL, 'z_parkowaniem', 'ENS96FV'),
(1484, '2020-01-01 00:01:30', '2020-01-01 02:24:32.102649', NULL, NULL, 20, NULL, 'bez_parkowania', 'BLI53FV'),
(1485, '2020-02-25 12:53:55', '2020-02-25 16:05:48.015278', NULL, 156, 35, NULL, 'z_parkowaniem', 'XOH46EU'),
(1486, '2020-02-23 20:11:51', '2020-02-23 20:58:18.734632', NULL, 105, 9, NULL, 'bez_parkowania', 'VFL27FT'),
(1487, '2020-01-01 00:05:33', '2020-01-01 01:03:17.860816', NULL, 187, 82, NULL, 'bez_parkowania', 'EXO51KP'),
(1488, '2020-01-20 01:26:18', '2020-01-20 05:38:48.550037', NULL, NULL, 71, NULL, 'z_parkowaniem', 'TLP89DI'),
(1489, '2020-01-01 00:00:07', '2020-01-01 03:02:09.550498', NULL, 52, 21, NULL, 'bez_parkowania', 'NJQ92RC'),
(1490, '2020-01-01 00:12:45', '2020-01-01 03:22:48.106843', NULL, 204, 84, NULL, 'z_parkowaniem', 'YZF38FM'),
(1491, '2020-04-22 06:58:47', '2020-04-22 08:36:15.437843', NULL, NULL, 12, NULL, 'bez_parkowania', 'WJC67AM'),
(1492, '2020-01-17 07:46:20', '2020-01-17 07:57:32.075166', NULL, 69, 73, NULL, 'z_parkowaniem', 'RSX32UZ'),
(1493, '2020-01-01 00:01:07', '2020-01-01 03:15:52.299909', NULL, 34, 2, NULL, 'z_parkowaniem', 'OTD32ED'),
(1494, '2020-01-01 02:32:35', '2020-01-01 05:19:19.363336', NULL, 10, 13, NULL, 'bez_parkowania', 'XPJ08ES'),
(1495, '2020-01-02 05:30:21', '2020-01-02 06:34:27.422712', NULL, 96, 55, NULL, 'z_parkowaniem', 'SFU71WI'),
(1496, '2020-04-01 21:40:47', '2020-04-02 01:52:22.323243', NULL, 22, 4, NULL, 'bez_parkowania', 'OUT16MW'),
(1497, '2020-05-11 20:37:43', '2020-05-11 23:07:00.671359', NULL, 228, 86, NULL, 'z_parkowaniem', 'ZRJ35DN'),
(1498, '2020-05-02 18:37:29', '2020-05-02 19:33:46.135078', NULL, 38, 25, NULL, 'bez_parkowania', 'JJZ70WY'),
(1499, '2020-03-23 22:28:10', '2020-03-24 01:28:26.801256', NULL, 62, 75, NULL, 'z_parkowaniem', 'PFI20MD'),
(1500, '2020-03-24 08:10:00', '2020-03-24 10:17:53.744498', NULL, 151, 37, NULL, 'bez_parkowania', 'LRS38FW');
INSERT INTO pobyty(id, godzina_rozpoczecia, godzina_zakonczenia, należność, konta_id, wjazdowe_bramki_id, wyjazdowe_bramki_id, selektor, pojazdy_rejestracja) VALUES
(1501, '2020-01-01 01:55:00', '2020-01-01 02:17:41.657616', NULL, 6, 18, NULL, 'z_parkowaniem', 'AAH88TV'),
(1502, '2020-03-10 10:34:27', '2020-03-10 10:39:33.230887', NULL, 136, 42, NULL, 'bez_parkowania', 'ENS96FV'),
(1503, '2020-05-22 20:42:51', '2020-05-23 00:05:14.679374', NULL, 118, 99, NULL, 'z_parkowaniem', 'CNF85SX'),
(1504, '2020-01-01 00:00:08', '2020-01-01 00:38:58.034707', NULL, NULL, 77, NULL, 'bez_parkowania', 'VFL27FT'),
(1505, '2020-01-09 23:20:10', NULL, NULL, 145, 68, NULL, 'z_parkowaniem', 'BLI53FV'),
(1506, '2020-01-01 00:07:24', '2020-01-01 01:56:03.695473', NULL, 27, 66, NULL, 'bez_parkowania', 'BGC37PL'),
(1507, '2020-01-01 00:00:05', '2020-01-01 02:51:49.550544', NULL, 41, 8, NULL, 'bez_parkowania', 'EXO51KP'),
(1508, '2020-02-07 23:54:36', '2020-02-08 00:04:35.278118', NULL, NULL, 32, NULL, 'z_parkowaniem', 'TLP89DI'),
(1509, '2020-01-01 00:00:02', '2020-01-01 03:50:49.873273', NULL, 3, 44, NULL, 'bez_parkowania', 'PVW35SL'),
(1510, '2020-01-01 00:00:07', '2020-01-01 01:11:42.797408', NULL, 98, 55, NULL, 'z_parkowaniem', 'DAH09AN'),
(1511, '2020-04-30 09:14:29', '2020-04-30 11:52:38.205577', NULL, NULL, 95, NULL, 'z_parkowaniem', 'CBI92LA'),
(1512, '2020-01-04 08:38:06', '2020-01-04 12:47:58.296578', NULL, 217, 80, NULL, 'bez_parkowania', 'CYP38GU'),
(1513, '2020-01-01 00:00:06', '2020-01-01 01:30:19.2821', NULL, 31, 69, NULL, 'z_parkowaniem', 'WJC67AM'),
(1514, '2020-05-08 07:55:42', '2020-05-08 10:31:08.255085', NULL, NULL, 91, NULL, 'bez_parkowania', 'TWD14FT'),
(1515, '2020-04-28 22:19:53', '2020-04-28 22:53:39.508521', NULL, 86, 20, NULL, 'z_parkowaniem', 'BIC20XX'),
(1516, '2020-04-25 21:19:42', '2020-04-25 21:58:37.477598', NULL, NULL, 97, NULL, 'bez_parkowania', 'WNU61DL'),
(1517, '2020-01-01 00:32:43', '2020-01-01 02:20:45.358627', NULL, NULL, 82, NULL, 'bez_parkowania', 'NJE60PO'),
(1518, '2020-01-15 14:55:11', '2020-01-15 17:03:13.032754', NULL, 57, 71, NULL, 'z_parkowaniem', 'AWP78EM'),
(1519, '2020-01-01 00:00:07', '2020-01-01 00:59:17.422518', NULL, NULL, 84, NULL, 'z_parkowaniem', 'GLI63LF'),
(1520, '2020-04-30 15:29:31', '2020-04-30 16:47:40.150602', NULL, 8, 73, NULL, 'bez_parkowania', 'RBZ27PY'),
(1521, '2020-02-29 05:46:40', '2020-02-29 09:02:43.525909', NULL, NULL, 9, NULL, 'z_parkowaniem', 'NJQ92RC'),
(1522, '2020-05-18 23:03:42', '2020-05-19 02:34:03.812248', NULL, 44, 21, NULL, 'bez_parkowania', 'YYS23QV'),
(1523, '2020-01-01 00:00:02', '2020-01-01 00:36:21.59008', NULL, NULL, 34, NULL, 'z_parkowaniem', 'XGY64LW'),
(1524, '2020-03-30 03:51:37', '2020-03-30 07:01:16.28272', NULL, 236, 86, NULL, 'bez_parkowania', 'UFK91FJ'),
(1525, '2020-04-28 21:37:56', '2020-04-28 22:07:07.41641', NULL, NULL, 93, NULL, 'bez_parkowania', 'WSO76BP'),
(1526, '2020-01-01 02:28:31', '2020-01-01 03:45:58.588255', NULL, 20, 89, NULL, 'z_parkowaniem', 'YZC64DJ'),
(1527, '2020-05-31 20:38:03', '2020-05-31 23:28:22.44512', NULL, 186, 23, NULL, 'z_parkowaniem', 'DIN67BZ'),
(1528, '2020-04-30 12:31:44', '2020-04-30 13:38:16.549149', NULL, NULL, 12, NULL, 'bez_parkowania', 'GZO00TP'),
(1529, '2020-02-22 15:50:12', '2020-02-22 20:06:17.221722', NULL, 159, 46, NULL, 'z_parkowaniem', 'DKB38LR'),
(1530, '2020-01-01 02:44:46', '2020-01-01 04:05:38.678053', NULL, 72, 57, NULL, 'bez_parkowania', 'HPQ82KV'),
(1531, '2020-01-01 00:00:19', '2020-01-01 00:35:40.579999', NULL, 145, 47, NULL, 'z_parkowaniem', 'XOH46EU'),
(1532, '2020-03-27 17:45:40', '2020-03-27 20:24:43.206046', NULL, 52, 2, NULL, 'bez_parkowania', 'UOP53NS'),
(1533, '2020-01-22 15:17:24', '2020-01-22 19:33:18.995433', NULL, NULL, 35, NULL, 'z_parkowaniem', 'RSX32UZ'),
(1534, '2020-01-18 01:11:22', '2020-01-18 03:16:32.706727', NULL, NULL, 13, NULL, 'bez_parkowania', 'YZF38FM'),
(1535, '2020-02-14 06:49:54', '2020-02-14 07:06:24.749397', NULL, 16, 60, NULL, 'bez_parkowania', 'XPJ08ES'),
(1536, '2020-02-12 23:19:43', '2020-02-13 01:34:39.752999', NULL, NULL, 75, NULL, 'z_parkowaniem', 'DKR92GE'),
(1537, '2020-02-21 20:54:43', '2020-02-21 23:13:11.601712', NULL, 83, 4, NULL, 'z_parkowaniem', 'XEW99IS'),
(1538, '2020-01-01 00:00:08', '2020-01-01 00:17:16.074416', NULL, 40, 25, NULL, 'bez_parkowania', 'ZRJ35DN'),
(1539, '2020-01-26 09:53:28', '2020-01-26 12:28:55.359744', NULL, 157, 49, NULL, 'bez_parkowania', 'UUB09YD'),
(1540, '2020-06-01 18:09:00', '2020-06-01 21:35:12.690667', NULL, 64, 37, NULL, 'z_parkowaniem', 'OTD32ED'),
(1541, '2020-01-01 00:03:36', '2020-01-01 03:56:17.699385', NULL, 161, 28, NULL, 'bez_parkowania', 'SFU71WI'),
(1542, '2020-05-19 12:19:20', '2020-05-19 14:55:57.261927', NULL, NULL, 40, NULL, 'z_parkowaniem', 'XSS65WE'),
(1543, '2020-02-02 13:25:55', '2020-02-02 14:39:08.599077', NULL, 205, 61, NULL, 'bez_parkowania', 'OUT16MW'),
(1544, '2020-02-04 01:34:46', '2020-02-04 03:23:15.109465', NULL, 149, 15, NULL, 'z_parkowaniem', 'JJZ70WY'),
(1545, '2020-01-01 00:18:19', '2020-01-01 03:22:33.154009', NULL, 120, 30, NULL, 'z_parkowaniem', 'TCC22BG'),
(1546, '2020-01-12 22:59:23', '2020-01-13 01:44:01.494386', NULL, 6, 51, NULL, 'bez_parkowania', 'ZVY24IC'),
(1547, '2020-01-09 20:59:11', '2020-01-09 23:19:55.363664', NULL, 157, 64, NULL, 'bez_parkowania', 'PFI20MD'),
(1548, '2020-01-01 00:00:05', '2020-01-01 02:42:36.912409', NULL, 3, 5, NULL, 'z_parkowaniem', 'LRS38FW'),
(1549, '2020-04-25 01:27:06', '2020-04-25 05:09:48.99026', NULL, 93, 88, NULL, 'z_parkowaniem', 'YWC89AI'),
(1550, '2020-04-19 11:35:15', '2020-04-19 12:56:17.949931', NULL, 79, 54, NULL, 'bez_parkowania', 'ACC86KW');
INSERT INTO pobyty(id, godzina_rozpoczecia, godzina_zakonczenia, należność, konta_id, wjazdowe_bramki_id, wyjazdowe_bramki_id, selektor, pojazdy_rejestracja) VALUES
(1551, '2020-01-01 00:04:11', '2020-01-01 03:59:58.795412', NULL, NULL, 13, NULL, 'z_parkowaniem', 'DAH09AN'),
(1552, '2020-05-04 12:01:25', '2020-05-04 14:51:11.837109', NULL, 91, 97, NULL, 'bez_parkowania', 'ENS96FV'),
(1553, '2020-03-30 15:37:54', '2020-03-30 18:02:17.234645', NULL, NULL, 4, NULL, 'z_parkowaniem', 'JJZ70WY'),
(1554, '2020-04-10 09:45:56', '2020-04-10 11:39:00.664212', NULL, NULL, 93, NULL, 'bez_parkowania', 'PFI20MD'),
(1555, '2020-04-15 17:31:07', '2020-04-15 21:01:31.506123', NULL, 182, 64, NULL, 'bez_parkowania', 'LRS38FW'),
(1556, '2020-02-09 07:50:37', '2020-02-09 08:51:07.848768', NULL, 2, 15, NULL, 'z_parkowaniem', 'BLI53FV'),
(1557, '2020-02-25 15:27:03', '2020-02-25 16:55:16.493799', NULL, 68, 25, NULL, 'bez_parkowania', 'EXO51KP'),
(1558, '2020-01-01 00:00:02', '2020-01-01 01:51:19.702475', NULL, NULL, 88, NULL, 'z_parkowaniem', 'BGC37PL'),
(1559, '2020-01-01 00:00:01', NULL, NULL, NULL, 77, NULL, 'bez_parkowania', 'CYP38GU'),
(1560, '2020-02-04 22:45:17', '2020-02-05 00:55:17.481409', NULL, 191, 68, NULL, 'z_parkowaniem', 'YYS23QV'),
(1561, '2020-03-18 04:24:50', '2020-03-18 07:42:05.201333', NULL, NULL, 5, NULL, 'bez_parkowania', 'XGY64LW'),
(1562, '2020-05-06 10:02:04', '2020-05-06 13:23:52.007969', NULL, 17, 54, NULL, 'z_parkowaniem', 'PVW35SL'),
(1563, '2020-01-01 02:07:31', '2020-01-01 05:33:51.096543', NULL, NULL, 18, NULL, 'bez_parkowania', 'WSO76BP'),
(1564, '2020-01-01 00:01:31', '2020-01-01 01:52:12.43922', NULL, 39, 80, NULL, 'z_parkowaniem', 'UOP53NS'),
(1565, '2020-01-19 15:29:53', '2020-01-19 15:56:24.868911', NULL, 221, 99, NULL, 'z_parkowaniem', 'CBI92LA'),
(1566, '2020-03-03 21:32:54', '2020-03-03 23:44:20.650998', NULL, 107, 8, NULL, 'bez_parkowania', 'NJE60PO'),
(1567, '2020-01-01 00:00:07', '2020-01-01 01:50:13.358754', NULL, 229, 69, NULL, 'bez_parkowania', 'BIC20XX'),
(1568, '2020-03-20 02:00:52', '2020-03-20 03:09:17.121301', NULL, NULL, 89, NULL, 'z_parkowaniem', 'YZC64DJ'),
(1569, '2020-01-01 00:01:13', '2020-01-01 02:41:22.84279', NULL, 192, 66, NULL, 'z_parkowaniem', 'RBZ27PY'),
(1570, '2020-01-01 00:14:16', '2020-01-01 01:24:21.728734', NULL, 160, 82, NULL, 'bez_parkowania', 'XOH46EU'),
(1571, '2020-01-01 00:00:38', '2020-01-01 01:22:09.047518', NULL, 7, 37, NULL, 'z_parkowaniem', 'AWP78EM'),
(1572, '2020-05-27 00:05:13', '2020-05-27 03:20:26.485494', NULL, 171, 28, NULL, 'bez_parkowania', 'YZF38FM'),
(1573, '2020-06-03 20:05:18', '2020-06-03 22:06:48.888265', NULL, 72, 40, NULL, 'bez_parkowania', 'GLI63LF'),
(1574, '2020-02-15 23:21:02', '2020-02-16 02:24:01.128617', NULL, 20, 20, NULL, 'z_parkowaniem', 'DIN67BZ'),
(1575, '2020-02-05 17:23:58', '2020-02-05 17:40:58.854214', NULL, NULL, 55, NULL, 'z_parkowaniem', 'CNF85SX'),
(1576, '2020-01-08 08:58:28', '2020-01-08 12:14:58.784403', NULL, 104, 46, NULL, 'bez_parkowania', 'NJQ92RC'),
(1577, '2020-02-06 09:19:48', '2020-02-06 11:12:05.466483', NULL, 72, 30, NULL, 'bez_parkowania', 'GZO00TP'),
(1578, '2020-01-05 04:27:18', '2020-01-05 08:18:56.214638', NULL, 82, 9, NULL, 'z_parkowaniem', 'XEW99IS'),
(1579, '2020-03-14 17:47:37', '2020-03-14 18:29:31.062854', NULL, 96, 42, NULL, 'bez_parkowania', 'DKB38LR'),
(1580, '2020-05-05 19:38:09', '2020-05-05 22:46:54.72693', NULL, 179, 95, NULL, 'z_parkowaniem', 'RSX32UZ'),
(1581, '2020-03-21 06:40:35', '2020-03-21 10:24:58.939151', NULL, NULL, 71, NULL, 'z_parkowaniem', 'UUB09YD'),
(1582, '2020-05-19 23:00:07', '2020-05-19 23:26:35.281896', NULL, 141, 32, NULL, 'bez_parkowania', 'HPQ82KV'),
(1583, '2020-02-17 03:16:17', '2020-02-17 05:42:21.890586', NULL, NULL, 44, NULL, 'bez_parkowania', 'XPJ08ES'),
(1584, '2020-03-18 08:04:01', '2020-03-18 09:16:10.779875', NULL, 94, 91, NULL, 'z_parkowaniem', 'ZRJ35DN'),
(1585, '2020-05-16 18:19:42', '2020-05-16 22:22:55.02139', NULL, 248, 34, NULL, 'bez_parkowania', 'XSS65WE'),
(1586, '2020-03-28 13:18:11', '2020-03-28 14:19:44.033129', NULL, NULL, 57, NULL, 'z_parkowaniem', 'OTD32ED'),
(1587, '2020-05-29 16:35:20', '2020-05-29 20:21:32.292295', NULL, 57, 84, NULL, 'z_parkowaniem', 'ZVY24IC'),
(1588, '2020-04-18 07:17:50', '2020-04-18 11:07:11.507782', NULL, 176, 73, NULL, 'bez_parkowania', 'DKR92GE'),
(1589, '2020-01-01 00:00:10', '2020-01-01 02:45:28.516262', NULL, 141, 21, NULL, 'bez_parkowania', 'YWC89AI'),
(1590, '2020-03-27 17:34:13', '2020-03-27 19:26:37.111552', NULL, NULL, 12, NULL, 'z_parkowaniem', 'SFU71WI'),
(1591, '2020-01-09 04:02:01', '2020-01-09 07:09:42.274582', NULL, 9, 2, NULL, 'z_parkowaniem', 'OUT16MW'),
(1592, '2020-01-18 07:37:58', '2020-01-18 07:41:42.539261', NULL, NULL, 23, NULL, 'bez_parkowania', 'TCC22BG'),
(1593, '2020-01-01 15:15:32', '2020-01-01 18:01:58.947044', NULL, 233, 47, NULL, 'z_parkowaniem', 'ACC86KW'),
(1594, '2020-02-04 15:42:26', '2020-02-04 16:55:31.738598', NULL, 187, 86, NULL, 'bez_parkowania', 'AAH88TV'),
(1595, '2020-01-17 08:01:47', '2020-01-17 10:45:21.771881', NULL, NULL, 60, NULL, 'bez_parkowania', 'VFL27FT'),
(1596, '2020-05-30 04:46:23', '2020-05-30 07:56:16.499438', NULL, 203, 49, NULL, 'z_parkowaniem', 'TLP89DI'),
(1597, '2020-01-01 00:12:06', '2020-01-01 04:01:02.247736', NULL, 112, 75, NULL, 'z_parkowaniem', 'WJC67AM'),
(1598, '2020-02-03 14:12:38', '2020-02-03 16:24:06.113123', NULL, 176, 35, NULL, 'bez_parkowania', 'TWD14FT'),
(1599, '2020-05-22 02:30:15', '2020-05-22 06:06:30.138466', NULL, 208, 61, NULL, 'z_parkowaniem', 'WNU61DL'),
(1600, '2020-05-25 01:50:38', '2020-05-25 05:01:32.811105', NULL, 172, 51, NULL, 'bez_parkowania', 'UFK91FJ');
INSERT INTO pobyty(id, godzina_rozpoczecia, godzina_zakonczenia, należność, konta_id, wjazdowe_bramki_id, wyjazdowe_bramki_id, selektor, pojazdy_rejestracja) VALUES
(1601, '2020-01-01 00:00:26', '2020-01-01 00:43:50.690927', NULL, NULL, 55, NULL, 'z_parkowaniem', 'DAH09AN'),
(1602, '2020-01-01 00:11:21', '2020-01-01 03:39:31.974359', NULL, NULL, 42, NULL, 'bez_parkowania', 'LRS38FW'),
(1603, '2020-01-01 00:01:07', '2020-01-01 03:55:11.047202', NULL, NULL, 32, NULL, 'z_parkowaniem', 'EXO51KP'),
(1604, '2020-03-13 21:14:27', '2020-03-14 00:23:19.392959', NULL, 21, 99, NULL, 'bez_parkowania', 'CBI92LA'),
(1605, '2020-02-26 18:35:15', '2020-02-26 20:24:40.631571', NULL, NULL, 44, NULL, 'bez_parkowania', 'XGY64LW'),
(1606, '2020-01-01 00:00:18', '2020-01-01 00:38:09.354734', NULL, 248, 46, NULL, 'z_parkowaniem', 'CYP38GU'),
(1607, '2020-04-01 16:31:49', '2020-04-01 20:24:23.89931', NULL, NULL, 34, NULL, 'bez_parkowania', 'BIC20XX'),
(1608, '2020-01-16 23:04:37', '2020-01-17 00:23:11.352525', NULL, 5, 12, NULL, 'z_parkowaniem', 'XEW99IS'),
(1609, '2020-01-01 00:13:04', '2020-01-01 01:18:07.826976', NULL, 247, 2, NULL, 'z_parkowaniem', 'GLI63LF'),
(1610, '2020-04-20 05:16:31', NULL, NULL, 25, 57, NULL, 'bez_parkowania', 'DIN67BZ'),
(1611, '2020-01-09 06:03:22', '2020-01-09 08:29:48.231392', NULL, NULL, 13, NULL, 'bez_parkowania', 'YZC64DJ'),
(1612, '2020-01-01 00:00:08', '2020-01-01 02:50:01.27015', NULL, NULL, 23, NULL, 'z_parkowaniem', 'PVW35SL'),
(1613, '2020-02-22 01:07:23', '2020-02-22 04:27:05.145001', NULL, 4, 35, NULL, 'bez_parkowania', 'UUB09YD'),
(1614, '2020-01-01 02:31:16', '2020-01-01 06:50:11.884684', NULL, 235, 4, NULL, 'z_parkowaniem', 'TCC22BG'),
(1615, '2020-01-05 01:43:19', '2020-01-05 05:33:43.791853', NULL, 43, 93, NULL, 'z_parkowaniem', 'NJE60PO'),
(1616, '2020-01-01 00:00:04', '2020-01-01 00:42:41.276684', NULL, NULL, 89, NULL, 'bez_parkowania', 'XOH46EU'),
(1617, '2020-02-29 20:59:03', '2020-02-29 23:13:12.226568', NULL, 53, 68, NULL, 'bez_parkowania', 'RBZ27PY'),
(1618, '2020-05-25 02:40:32', '2020-05-25 06:03:44.400271', NULL, 228, 95, NULL, 'z_parkowaniem', 'YZF38FM'),
(1619, '2020-01-01 01:13:08', '2020-01-01 02:12:04.136906', NULL, 194, 25, NULL, 'bez_parkowania', 'AWP78EM'),
(1620, '2020-03-28 07:21:07', '2020-03-28 10:35:01.402821', NULL, NULL, 37, NULL, 'z_parkowaniem', 'VFL27FT'),
(1621, '2020-01-01 00:01:32', '2020-01-01 00:56:00.909409', NULL, NULL, 28, NULL, 'z_parkowaniem', 'CNF85SX'),
(1622, '2020-05-09 19:35:27', '2020-05-09 20:27:17.114826', NULL, 163, 40, NULL, 'bez_parkowania', 'XPJ08ES'),
(1623, '2020-01-01 01:57:51', '2020-01-01 03:56:49.118901', NULL, 173, 80, NULL, 'bez_parkowania', 'TLP89DI'),
(1624, '2020-01-01 00:00:02', '2020-01-01 00:28:15.180249', NULL, NULL, 15, NULL, 'z_parkowaniem', 'BGC37PL'),
(1625, '2020-01-17 09:06:50', '2020-01-17 10:39:59.169125', NULL, 196, 91, NULL, 'bez_parkowania', 'NJQ92RC'),
(1626, '2020-04-06 06:20:04', '2020-04-06 08:49:05.824156', NULL, NULL, 5, NULL, 'z_parkowaniem', 'GZO00TP'),
(1627, '2020-01-01 00:00:05', '2020-01-01 02:24:22.531595', NULL, 92, 69, NULL, 'z_parkowaniem', 'ZRJ35DN'),
(1628, '2020-03-14 02:59:08', '2020-03-14 05:35:06.394729', NULL, NULL, 47, NULL, 'bez_parkowania', 'XSS65WE'),
(1629, '2020-01-30 03:19:39', '2020-01-30 04:39:44.31488', NULL, 39, 97, NULL, 'z_parkowaniem', 'WJC67AM'),
(1630, '2020-04-23 09:57:22', '2020-04-23 10:28:49.958496', NULL, NULL, 30, NULL, 'bez_parkowania', 'RSX32UZ'),
(1631, '2020-01-01 01:52:01', '2020-01-01 02:53:47.931832', NULL, 7, 18, NULL, 'bez_parkowania', 'DKB38LR'),
(1632, '2020-04-21 10:59:25', '2020-04-21 13:40:27.38858', NULL, 35, 60, NULL, 'z_parkowaniem', 'OTD32ED'),
(1633, '2020-01-01 00:00:33', '2020-01-01 00:41:42.717499', NULL, 102, 8, NULL, 'bez_parkowania', 'TWD14FT'),
(1634, '2020-01-01 00:00:09', '2020-01-01 03:29:23.692593', NULL, 145, 82, NULL, 'z_parkowaniem', 'WNU61DL'),
(1635, '2020-01-01 00:00:04', '2020-01-01 03:08:18.159121', NULL, 134, 71, NULL, 'bez_parkowania', 'HPQ82KV'),
(1636, '2020-01-27 10:35:44', '2020-01-27 12:47:19.167617', NULL, NULL, 49, NULL, 'z_parkowaniem', 'DKR92GE'),
(1637, '2020-01-18 12:14:41', '2020-01-18 15:26:01.663474', NULL, 59, 20, NULL, 'z_parkowaniem', 'UFK91FJ'),
(1638, '2020-01-01 00:00:10', '2020-01-01 03:39:47.667081', NULL, 22, 9, NULL, 'bez_parkowania', 'ZVY24IC'),
(1639, '2020-01-01 01:07:03', '2020-01-01 04:02:48.539264', NULL, 61, 61, NULL, 'z_parkowaniem', 'YWC89AI'),
(1640, '2020-04-16 15:06:07', '2020-04-16 18:39:44.048784', NULL, 49, 51, NULL, 'bez_parkowania', 'SFU71WI'),
(1641, '2020-06-01 18:59:40', '2020-06-01 23:01:14.755104', NULL, 228, 21, NULL, 'z_parkowaniem', 'OUT16MW'),
(1642, '2020-04-28 21:26:09', '2020-04-29 01:22:09.316977', NULL, 20, 84, NULL, 'bez_parkowania', 'JJZ70WY'),
(1643, '2020-04-01 07:24:23', '2020-04-01 09:48:38.291075', NULL, 91, 73, NULL, 'bez_parkowania', 'WSO76BP'),
(1644, '2020-02-20 04:24:33', '2020-02-20 04:27:37.405505', NULL, 24, 64, NULL, 'z_parkowaniem', 'PFI20MD'),
(1645, '2020-01-01 00:07:49', '2020-01-01 02:01:23.271994', NULL, 86, 54, NULL, 'bez_parkowania', 'UOP53NS'),
(1646, '2020-03-06 08:30:03', '2020-03-06 12:17:20.171577', NULL, 20, 86, NULL, 'z_parkowaniem', 'AAH88TV'),
(1647, '2020-01-01 00:00:52', '2020-01-01 02:38:04.119606', NULL, 42, 75, NULL, 'z_parkowaniem', 'ACC86KW'),
(1648, '2020-02-09 09:36:38', '2020-02-09 12:08:52.808535', NULL, 112, 88, NULL, 'bez_parkowania', 'YYS23QV'),
(1649, '2020-05-27 10:54:59', '2020-05-27 11:04:36.023664', NULL, 70, 66, NULL, 'z_parkowaniem', 'ENS96FV'),
(1650, '2020-04-14 11:43:57', '2020-04-14 14:21:54.198993', NULL, 30, 77, NULL, 'bez_parkowania', 'BLI53FV');
INSERT INTO pobyty(id, godzina_rozpoczecia, godzina_zakonczenia, należność, konta_id, wjazdowe_bramki_id, wyjazdowe_bramki_id, selektor, pojazdy_rejestracja) VALUES
(1651, '2020-04-30 02:03:15', '2020-04-30 03:08:51.388128', NULL, NULL, 4, NULL, 'bez_parkowania', 'DAH09AN'),
(1652, '2020-02-13 10:11:24', '2020-02-13 12:19:24.620808', NULL, 88, 93, NULL, 'z_parkowaniem', 'XOH46EU'),
(1653, '2020-01-04 13:48:15', '2020-01-04 16:25:02.300387', NULL, 32, 77, NULL, 'z_parkowaniem', 'CNF85SX'),
(1654, '2020-06-10 04:13:16', '2020-06-10 07:34:39.2521', NULL, 241, 35, NULL, 'bez_parkowania', 'BGC37PL'),
(1655, '2020-01-01 00:01:27', '2020-01-01 02:00:40.291351', NULL, NULL, 25, NULL, 'bez_parkowania', 'DKB38LR'),
(1656, '2020-01-01 01:17:06', '2020-01-01 04:50:21.301782', NULL, 155, 99, NULL, 'z_parkowaniem', 'CYP38GU'),
(1657, '2020-05-16 04:25:13', '2020-05-16 08:04:31.040896', NULL, NULL, 37, NULL, 'z_parkowaniem', 'NJQ92RC'),
(1658, '2020-01-17 14:00:51', '2020-01-17 16:31:47.204524', NULL, NULL, 89, NULL, 'bez_parkowania', 'YZF38FM'),
(1659, '2020-01-01 00:57:37', NULL, NULL, NULL, 15, NULL, 'bez_parkowania', 'RSX32UZ'),
(1660, '2020-01-01 00:00:04', '2020-01-01 02:38:40.927752', NULL, 66, 68, NULL, 'z_parkowaniem', 'BIC20XX'),
(1661, '2020-01-01 00:00:04', '2020-01-01 03:31:23.849941', NULL, NULL, 28, NULL, 'z_parkowaniem', 'OTD32ED'),
(1662, '2020-06-07 16:41:06', '2020-06-07 20:14:39.670847', NULL, NULL, 95, NULL, 'bez_parkowania', 'XPJ08ES'),
(1663, '2020-03-14 05:51:37', '2020-03-14 09:48:02.531531', NULL, 72, 80, NULL, 'z_parkowaniem', 'HPQ82KV'),
(1664, '2020-01-01 00:05:04', '2020-01-01 04:03:28.148861', NULL, 225, 91, NULL, 'bez_parkowania', 'DKR92GE'),
(1665, '2020-03-15 04:51:29', '2020-03-15 06:05:53.800289', NULL, NULL, 5, NULL, 'bez_parkowania', 'UOP53NS'),
(1666, '2020-02-18 16:58:33', '2020-02-18 20:29:21.908292', NULL, 239, 18, NULL, 'z_parkowaniem', 'SFU71WI'),
(1667, '2020-04-07 23:27:37', '2020-04-08 02:20:26.20491', NULL, NULL, 8, NULL, 'z_parkowaniem', 'ZRJ35DN'),
(1668, '2020-01-01 02:28:33', '2020-01-01 04:26:57.98706', NULL, 27, 69, NULL, 'bez_parkowania', 'AWP78EM'),
(1669, '2020-04-13 15:59:27', '2020-04-13 19:16:56.121964', NULL, 74, 47, NULL, 'bez_parkowania', 'XEW99IS'),
(1670, '2020-04-06 12:36:49', '2020-04-06 15:40:55.212858', NULL, 72, 20, NULL, 'z_parkowaniem', 'UUB09YD'),
(1671, '2020-06-02 05:43:03', '2020-06-02 09:50:53.34696', NULL, 8, 82, NULL, 'z_parkowaniem', 'TCC22BG'),
(1672, '2020-04-03 11:37:51', '2020-04-03 14:12:11.326602', NULL, 150, 9, NULL, 'bez_parkowania', 'AAH88TV'),
(1673, '2020-02-21 21:11:54', '2020-02-22 00:31:19.918257', NULL, NULL, 60, NULL, 'bez_parkowania', 'OUT16MW'),
(1674, '2020-03-04 17:33:45', '2020-03-04 19:09:58.584865', NULL, 238, 40, NULL, 'z_parkowaniem', 'XSS65WE'),
(1675, '2020-03-07 20:58:47', '2020-03-08 00:14:21.481766', NULL, NULL, 71, NULL, 'z_parkowaniem', 'ENS96FV'),
(1676, '2020-01-01 00:42:34', '2020-01-01 02:59:48.87052', NULL, 176, 84, NULL, 'bez_parkowania', 'JJZ70WY'),
(1677, '2020-04-22 21:43:31', '2020-04-23 01:34:30.305443', NULL, 175, 73, NULL, 'z_parkowaniem', 'PFI20MD'),
(1678, '2020-06-04 09:06:38', '2020-06-04 10:38:27.690963', NULL, 10, 30, NULL, 'bez_parkowania', 'VFL27FT'),
(1679, '2020-01-19 10:08:03', '2020-01-19 13:55:17.010799', NULL, 85, 42, NULL, 'bez_parkowania', 'BLI53FV'),
(1680, '2020-04-16 02:52:36', '2020-04-16 05:58:54.357577', NULL, NULL, 49, NULL, 'z_parkowaniem', 'ZVY24IC'),
(1681, '2020-05-17 00:58:04', '2020-05-17 02:01:08.869285', NULL, 136, 61, NULL, 'bez_parkowania', 'YWC89AI'),
(1682, '2020-01-01 00:00:04', '2020-01-01 03:34:49.285057', NULL, 239, 51, NULL, 'z_parkowaniem', 'LRS38FW'),
(1683, '2020-03-15 19:51:42', '2020-03-15 23:28:39.551126', NULL, NULL, 21, NULL, 'bez_parkowania', 'TLP89DI'),
(1684, '2020-01-01 00:01:10', '2020-01-01 03:18:34.469616', NULL, 235, 12, NULL, 'z_parkowaniem', 'WJC67AM'),
(1685, '2020-03-28 05:23:48', '2020-03-28 05:46:26.418056', NULL, NULL, 2, NULL, 'z_parkowaniem', 'ACC86KW'),
(1686, '2020-05-29 08:25:26', '2020-05-29 10:51:20.526136', NULL, 202, 32, NULL, 'bez_parkowania', 'EXO51KP'),
(1687, '2020-05-28 05:20:16', '2020-05-28 06:04:21.644387', NULL, 231, 97, NULL, 'z_parkowaniem', 'YYS23QV'),
(1688, '2020-02-07 19:53:15', '2020-02-07 23:04:52.635308', NULL, 210, 44, NULL, 'bez_parkowania', 'TWD14FT'),
(1689, '2020-01-01 00:00:54', '2020-01-01 02:58:42.856974', NULL, 55, 64, NULL, 'z_parkowaniem', 'PVW35SL'),
(1690, '2020-01-01 00:07:47', '2020-01-01 03:59:43.085268', NULL, 36, 54, NULL, 'bez_parkowania', 'WNU61DL'),
(1691, '2020-02-05 08:41:08', '2020-02-05 12:35:29.245493', NULL, 127, 66, NULL, 'z_parkowaniem', 'XGY64LW'),
(1692, '2020-01-01 18:19:09', '2020-01-01 21:35:02.346881', NULL, NULL, 34, NULL, 'bez_parkowania', 'CBI92LA'),
(1693, '2020-01-01 00:00:50', '2020-01-01 02:29:04.263382', NULL, 151, 55, NULL, 'bez_parkowania', 'YZC64DJ'),
(1694, '2020-01-01 00:01:04', '2020-01-01 04:18:32.741974', NULL, 91, 13, NULL, 'z_parkowaniem', 'GLI63LF'),
(1695, '2020-01-01 02:35:37', '2020-01-01 05:30:27.901935', NULL, 165, 46, NULL, 'bez_parkowania', 'DIN67BZ'),
(1696, '2020-01-01 00:00:19', '2020-01-01 02:29:53.290541', NULL, 99, 23, NULL, 'z_parkowaniem', 'NJE60PO'),
(1697, '2020-01-01 02:19:47', '2020-01-01 05:12:56.209039', NULL, 214, 57, NULL, 'bez_parkowania', 'GZO00TP'),
(1698, '2020-06-07 05:04:20', '2020-06-07 08:50:03.859025', NULL, 90, 86, NULL, 'z_parkowaniem', 'RBZ27PY'),
(1699, '2020-05-14 01:46:44', '2020-05-14 02:01:48.861107', NULL, 2, 75, NULL, 'bez_parkowania', 'UFK91FJ'),
(1700, '2020-02-14 10:00:24', '2020-02-14 10:20:27.725351', NULL, 2, 88, NULL, 'z_parkowaniem', 'WSO76BP');
INSERT INTO pobyty(id, godzina_rozpoczecia, godzina_zakonczenia, należność, konta_id, wjazdowe_bramki_id, wyjazdowe_bramki_id, selektor, pojazdy_rejestracja) VALUES
(1701, '2020-01-01 00:00:49', '2020-01-01 00:05:36.55141', NULL, 178, 71, NULL, 'z_parkowaniem', 'RSX32UZ'),
(1702, '2020-06-10 18:35:55', '2020-06-10 20:14:04.329979', NULL, 153, 42, NULL, 'bez_parkowania', 'BGC37PL'),
(1703, '2020-01-01 00:00:03', '2020-01-01 04:15:17.310483', NULL, 16, 93, NULL, 'bez_parkowania', 'DAH09AN'),
(1704, '2020-02-25 14:15:32', '2020-02-25 17:38:29.973857', NULL, 9, 32, NULL, 'z_parkowaniem', 'XSS65WE'),
(1705, '2020-02-12 10:54:51', '2020-02-12 12:23:44.048221', NULL, 153, 99, NULL, 'z_parkowaniem', 'OTD32ED'),
(1706, '2020-01-01 00:00:06', '2020-01-01 02:16:17.96261', NULL, NULL, 84, NULL, 'bez_parkowania', 'CYP38GU'),
(1707, '2020-01-19 11:07:44', '2020-01-19 12:31:30.917816', NULL, 212, 20, NULL, 'z_parkowaniem', 'ZVY24IC'),
(1708, '2020-02-04 08:19:44', '2020-02-04 09:27:33.104279', NULL, NULL, 73, NULL, 'bez_parkowania', 'BIC20XX'),
(1709, '2020-05-17 10:22:26', '2020-05-17 11:54:43.869124', NULL, 221, 44, NULL, 'z_parkowaniem', 'YWC89AI'),
(1710, '2020-03-17 18:02:40', NULL, NULL, 128, 86, NULL, 'bez_parkowania', 'SFU71WI'),
(1711, '2020-04-10 15:28:29', '2020-04-10 18:17:36.756908', NULL, NULL, 89, NULL, 'z_parkowaniem', 'BLI53FV'),
(1712, '2020-01-01 00:08:17', '2020-01-01 01:04:20.525775', NULL, 54, 34, NULL, 'bez_parkowania', 'AWP78EM'),
(1713, '2020-02-06 22:53:38', '2020-02-06 23:54:33.176029', NULL, 6, 9, NULL, 'bez_parkowania', 'EXO51KP'),
(1714, '2020-01-01 00:00:40', '2020-01-01 02:55:34.088198', NULL, 101, 21, NULL, 'z_parkowaniem', 'VFL27FT'),
(1715, '2020-01-01 14:51:52', '2020-01-01 16:19:29.813334', NULL, NULL, 23, NULL, 'bez_parkowania', 'TLP89DI'),
(1716, '2020-05-23 09:52:26', '2020-05-23 11:17:55.112128', NULL, 217, 35, NULL, 'z_parkowaniem', 'ACC86KW'),
(1717, '2020-01-07 07:46:52', '2020-01-07 08:58:35.646368', NULL, 6, 95, NULL, 'z_parkowaniem', 'CNF85SX'),
(1718, '2020-04-16 19:50:11', '2020-04-16 23:03:29.288798', NULL, NULL, 91, NULL, 'bez_parkowania', 'WJC67AM'),
(1719, '2020-05-17 20:47:05', '2020-05-17 21:09:06.644975', NULL, 1, 75, NULL, 'bez_parkowania', 'CBI92LA'),
(1720, '2020-04-28 20:37:32', '2020-04-28 23:58:13.361203', NULL, NULL, 25, NULL, 'z_parkowaniem', 'TWD14FT'),
(1721, '2020-02-25 08:35:23', '2020-02-25 09:42:08.460218', NULL, NULL, 37, NULL, 'bez_parkowania', 'YYS23QV'),
(1722, '2020-02-23 00:37:54', '2020-02-23 03:30:34.470925', NULL, 220, 97, NULL, 'z_parkowaniem', 'OUT16MW'),
(1723, '2020-01-01 00:01:01', '2020-01-01 04:18:58.865634', NULL, 63, 88, NULL, 'bez_parkowania', 'XGY64LW'),
(1724, '2020-01-01 00:11:21', '2020-01-01 02:08:50.538943', NULL, 123, 12, NULL, 'z_parkowaniem', 'GLI63LF'),
(1725, '2020-01-06 12:01:30', '2020-01-06 14:57:17.373287', NULL, 145, 28, NULL, 'bez_parkowania', 'DIN67BZ'),
(1726, '2020-01-01 00:07:03', '2020-01-01 00:30:44.931852', NULL, NULL, 2, NULL, 'z_parkowaniem', 'JJZ70WY'),
(1727, '2020-05-03 03:13:03', '2020-05-03 06:39:11.386027', NULL, NULL, 61, NULL, 'z_parkowaniem', 'WNU61DL'),
(1728, '2020-02-25 22:24:13', '2020-02-25 22:33:21.162475', NULL, NULL, 51, NULL, 'bez_parkowania', 'YZC64DJ'),
(1729, '2020-04-26 10:19:37', '2020-04-26 13:57:38.185771', NULL, NULL, 40, NULL, 'bez_parkowania', 'UFK91FJ'),
(1730, '2020-01-01 00:00:04', '2020-01-01 01:39:03.291402', NULL, 30, 30, NULL, 'z_parkowaniem', 'WSO76BP'),
(1731, '2020-01-13 09:19:53', '2020-01-13 09:23:54.871545', NULL, 65, 77, NULL, 'bez_parkowania', 'GZO00TP'),
(1732, '2020-01-01 00:00:54', '2020-01-01 01:25:39.809139', NULL, 82, 13, NULL, 'z_parkowaniem', 'PFI20MD'),
(1733, '2020-01-23 11:35:13', '2020-01-23 13:51:27.766577', NULL, 188, 64, NULL, 'bez_parkowania', 'LRS38FW'),
(1734, '2020-03-17 08:35:09', '2020-03-17 12:16:36.907188', NULL, 8, 4, NULL, 'z_parkowaniem', 'XOH46EU'),
(1735, '2020-01-01 00:31:54', '2020-01-01 01:37:15.128624', NULL, NULL, 54, NULL, 'z_parkowaniem', 'DKB38LR'),
(1736, '2020-02-15 17:08:58', '2020-02-15 18:11:28.033702', NULL, 78, 15, NULL, 'bez_parkowania', 'PVW35SL'),
(1737, '2020-01-23 15:04:28', '2020-01-23 19:05:17.118443', NULL, 9, 5, NULL, 'bez_parkowania', 'NJE60PO'),
(1738, '2020-01-21 19:04:20', '2020-01-21 19:43:36.548443', NULL, NULL, 66, NULL, 'z_parkowaniem', 'HPQ82KV'),
(1739, '2020-01-01 00:11:12', '2020-01-01 00:42:46.616736', NULL, 52, 68, NULL, 'bez_parkowania', 'RBZ27PY'),
(1740, '2020-02-01 23:33:13', '2020-02-02 03:31:55.204553', NULL, 129, 80, NULL, 'z_parkowaniem', 'UOP53NS'),
(1741, '2020-05-03 13:32:08', '2020-05-03 16:45:30.857027', NULL, 158, 18, NULL, 'bez_parkowania', 'DKR92GE'),
(1742, '2020-02-24 08:28:46', '2020-02-24 08:51:00.409409', NULL, 102, 55, NULL, 'z_parkowaniem', 'XEW99IS'),
(1743, '2020-04-16 07:26:21', '2020-04-16 10:59:27.198572', NULL, 10, 46, NULL, 'bez_parkowania', 'YZF38FM'),
(1744, '2020-03-09 23:09:03', '2020-03-10 00:04:10.422156', NULL, 88, 57, NULL, 'z_parkowaniem', 'UUB09YD'),
(1745, '2020-01-01 00:09:13', '2020-01-01 04:02:45.38578', NULL, NULL, 8, NULL, 'bez_parkowania', 'NJQ92RC'),
(1746, '2020-02-23 04:34:05', '2020-02-23 08:38:32.439864', NULL, 35, 47, NULL, 'z_parkowaniem', 'TCC22BG'),
(1747, '2020-01-22 11:37:28', '2020-01-22 13:22:26.423419', NULL, 60, 60, NULL, 'z_parkowaniem', 'AAH88TV'),
(1748, '2020-03-03 04:15:32', '2020-03-03 04:37:42.577396', NULL, NULL, 69, NULL, 'bez_parkowania', 'ENS96FV'),
(1749, '2020-04-01 17:09:08', '2020-04-01 17:58:52.502343', NULL, 47, 49, NULL, 'z_parkowaniem', 'XPJ08ES'),
(1750, '2020-01-01 00:09:00', '2020-01-01 04:23:57.330417', NULL, 136, 82, NULL, 'bez_parkowania', 'ZRJ35DN');
INSERT INTO pobyty(id, godzina_rozpoczecia, godzina_zakonczenia, należność, konta_id, wjazdowe_bramki_id, wyjazdowe_bramki_id, selektor, pojazdy_rejestracja) VALUES
(1751, '2020-05-24 03:50:23', '2020-05-24 05:06:14.420162', NULL, 56, 93, NULL, 'bez_parkowania', 'GLI63LF'),
(1752, '2020-01-01 00:01:01', '2020-01-01 02:14:15.228184', NULL, 229, 34, NULL, 'z_parkowaniem', 'LRS38FW'),
(1753, '2020-01-01 00:00:10', '2020-01-01 00:31:48.673637', NULL, 137, 89, NULL, 'z_parkowaniem', 'DAH09AN'),
(1754, '2020-05-24 17:16:17', '2020-05-24 17:19:01.110503', NULL, NULL, 80, NULL, 'bez_parkowania', 'PVW35SL'),
(1755, '2020-05-12 18:22:57', NULL, NULL, 44, 99, NULL, 'bez_parkowania', 'YWC89AI'),
(1756, '2020-01-01 00:00:01', '2020-01-01 01:23:48.628963', NULL, 176, 23, NULL, 'z_parkowaniem', 'NJE60PO'),
(1757, '2020-03-04 14:37:41', '2020-03-04 18:08:34.258612', NULL, 165, 2, NULL, 'bez_parkowania', 'CNF85SX'),
(1758, '2020-02-27 05:07:24', '2020-02-27 06:43:13.433476', NULL, NULL, 61, NULL, 'z_parkowaniem', 'BGC37PL'),
(1759, '2020-05-01 17:35:40', '2020-05-01 19:46:58.876737', NULL, NULL, 35, NULL, 'z_parkowaniem', 'DIN67BZ'),
(1760, '2020-03-30 02:33:53', '2020-03-30 03:30:33.595541', NULL, NULL, 69, NULL, 'bez_parkowania', 'CYP38GU'),
(1761, '2020-04-08 20:03:18', '2020-04-08 20:15:53.520893', NULL, NULL, 95, NULL, 'z_parkowaniem', 'RBZ27PY'),
(1762, '2020-01-01 00:00:10', '2020-01-01 02:14:50.142424', NULL, 85, 51, NULL, 'bez_parkowania', 'BIC20XX'),
(1763, '2020-04-19 01:47:39', '2020-04-19 03:26:57.303474', NULL, NULL, 13, NULL, 'z_parkowaniem', 'ACC86KW'),
(1764, '2020-01-07 06:22:04', '2020-01-07 08:13:28.926124', NULL, 239, 4, NULL, 'bez_parkowania', 'NJQ92RC'),
(1765, '2020-06-02 21:12:51', '2020-06-03 00:09:50.123369', NULL, 3, 91, NULL, 'bez_parkowania', 'AWP78EM'),
(1766, '2020-06-08 10:18:16', '2020-06-08 10:25:36.466093', NULL, 111, 97, NULL, 'z_parkowaniem', 'RSX32UZ'),
(1767, '2020-01-01 00:00:08', '2020-01-01 01:01:31.220894', NULL, 234, 82, NULL, 'z_parkowaniem', 'YYS23QV'),
(1768, '2020-03-20 12:15:57', '2020-03-20 13:15:43.014475', NULL, 218, 64, NULL, 'bez_parkowania', 'XGY64LW'),
(1769, '2020-03-13 15:36:32', '2020-03-13 17:53:21.032204', NULL, 158, 25, NULL, 'bez_parkowania', 'GZO00TP'),
(1770, '2020-01-12 06:28:13', '2020-01-12 09:46:00.422743', NULL, 91, 37, NULL, 'z_parkowaniem', 'YZC64DJ'),
(1771, '2020-01-29 03:05:02', '2020-01-29 03:11:27.689664', NULL, NULL, 54, NULL, 'bez_parkowania', 'OTD32ED'),
(1772, '2020-01-01 00:08:55', '2020-01-01 01:19:49.883146', NULL, 77, 15, NULL, 'z_parkowaniem', 'UUB09YD'),
(1773, '2020-02-01 10:43:38', '2020-02-01 12:17:13.969116', NULL, 64, 66, NULL, 'z_parkowaniem', 'SFU71WI'),
(1774, '2020-05-10 02:41:00', '2020-05-10 02:44:40.428518', NULL, NULL, 71, NULL, 'bez_parkowania', 'TCC22BG'),
(1775, '2020-03-05 03:00:04', '2020-03-05 03:42:19.744333', NULL, NULL, 84, NULL, 'bez_parkowania', 'DKB38LR'),
(1776, '2020-03-19 08:46:07', '2020-03-19 11:44:22.040527', NULL, 43, 73, NULL, 'z_parkowaniem', 'XOH46EU'),
(1777, '2020-01-01 00:01:04', '2020-01-01 04:04:22.164673', NULL, 157, 28, NULL, 'z_parkowaniem', 'HPQ82KV'),
(1778, '2020-04-28 09:42:59', '2020-04-28 13:09:36.580957', NULL, 165, 55, NULL, 'bez_parkowania', 'YZF38FM'),
(1779, '2020-03-18 10:18:58', '2020-03-18 12:56:26.183555', NULL, NULL, 40, NULL, 'bez_parkowania', 'XPJ08ES'),
(1780, '2020-01-25 02:48:41', '2020-01-25 03:30:46.022831', NULL, 143, 46, NULL, 'z_parkowaniem', 'ZRJ35DN'),
(1781, '2020-04-30 03:02:21', '2020-04-30 05:21:57.830412', NULL, NULL, 86, NULL, 'z_parkowaniem', 'DKR92GE'),
(1782, '2020-03-24 11:44:32', '2020-03-24 15:27:13.23303', NULL, 96, 30, NULL, 'bez_parkowania', 'OUT16MW'),
(1783, '2020-04-26 18:38:18', '2020-04-26 21:11:49.421409', NULL, 67, 42, NULL, 'z_parkowaniem', 'XSS65WE'),
(1784, '2020-04-01 15:48:37', '2020-04-01 17:52:27.577951', NULL, 15, 5, NULL, 'bez_parkowania', 'JJZ70WY'),
(1785, '2020-04-13 17:41:44', '2020-04-13 18:42:38.877788', NULL, 88, 75, NULL, 'bez_parkowania', 'AAH88TV'),
(1786, '2020-01-01 00:00:08', '2020-01-01 04:15:55.81683', NULL, 122, 57, NULL, 'z_parkowaniem', 'ZVY24IC'),
(1787, '2020-01-01 00:00:10', '2020-01-01 00:48:26.98061', NULL, 8, 88, NULL, 'z_parkowaniem', 'PFI20MD'),
(1788, '2020-04-10 09:09:02', '2020-04-10 11:34:00.971383', NULL, 191, 77, NULL, 'bez_parkowania', 'ENS96FV'),
(1789, '2020-01-01 00:01:33', '2020-01-01 02:24:30.094415', NULL, NULL, 18, NULL, 'z_parkowaniem', 'BLI53FV'),
(1790, '2020-01-01 00:01:21', '2020-01-01 03:10:18.222001', NULL, NULL, 8, NULL, 'bez_parkowania', 'EXO51KP'),
(1791, '2020-02-22 19:55:28', '2020-02-22 23:17:51.328859', NULL, NULL, 20, NULL, 'bez_parkowania', 'VFL27FT'),
(1792, '2020-03-17 02:57:20', '2020-03-17 04:14:19.986967', NULL, 7, 9, NULL, 'z_parkowaniem', 'CBI92LA'),
(1793, '2020-03-18 05:12:48', '2020-03-18 06:57:06.217998', NULL, NULL, 47, NULL, 'bez_parkowania', 'TLP89DI'),
(1794, '2020-01-01 01:28:44', '2020-01-01 04:28:01.869808', NULL, 154, 60, NULL, 'z_parkowaniem', 'WJC67AM'),
(1795, '2020-01-01 00:00:29', '2020-01-01 00:18:54.150554', NULL, 59, 68, NULL, 'z_parkowaniem', 'TWD14FT'),
(1796, '2020-05-05 21:52:15', '2020-05-06 01:13:19.050959', NULL, 107, 49, NULL, 'bez_parkowania', 'WNU61DL'),
(1797, '2020-03-07 00:09:22', '2020-03-07 00:50:16.173291', NULL, 155, 32, NULL, 'z_parkowaniem', 'UFK91FJ'),
(1798, '2020-03-08 04:56:47', '2020-03-08 08:59:38.512857', NULL, 141, 44, NULL, 'bez_parkowania', 'WSO76BP'),
(1799, '2020-01-01 00:00:33', '2020-01-01 02:52:03.320086', NULL, 141, 21, NULL, 'z_parkowaniem', 'UOP53NS'),
(1800, '2020-02-17 06:26:12', '2020-02-17 07:05:17.140984', NULL, 156, 12, NULL, 'bez_parkowania', 'XEW99IS');
INSERT INTO pobyty(id, godzina_rozpoczecia, godzina_zakonczenia, należność, konta_id, wjazdowe_bramki_id, wyjazdowe_bramki_id, selektor, pojazdy_rejestracja) VALUES
(1801, '2020-05-19 13:27:31', '2020-05-19 17:10:28.685815', NULL, 123, 35, NULL, 'bez_parkowania', 'AWP78EM'),
(1802, '2020-04-07 14:11:01', '2020-04-07 16:25:22.663874', NULL, 18, 99, NULL, 'z_parkowaniem', 'XGY64LW'),
(1803, '2020-01-18 18:16:49', '2020-01-18 22:24:29.970927', NULL, NULL, 82, NULL, 'z_parkowaniem', 'UOP53NS'),
(1804, '2020-01-01 01:17:13', '2020-01-01 04:32:18.072727', NULL, 213, 21, NULL, 'bez_parkowania', 'ENS96FV'),
(1805, '2020-01-28 12:53:56', '2020-01-28 14:01:07.233369', NULL, 160, 71, NULL, 'bez_parkowania', 'DAH09AN'),
(1806, '2020-01-01 00:02:46', '2020-01-01 02:30:04.514222', NULL, 3, 84, NULL, 'z_parkowaniem', 'YZC64DJ'),
(1807, '2020-01-15 21:10:01', '2020-01-15 21:28:02.236893', NULL, NULL, 89, NULL, 'z_parkowaniem', 'PFI20MD'),
(1808, '2020-01-01 00:02:38', '2020-01-01 03:11:43.606394', NULL, NULL, 73, NULL, 'bez_parkowania', 'BLI53FV'),
(1809, '2020-02-14 03:24:14', '2020-02-14 07:31:06.381294', NULL, 232, 12, NULL, 'z_parkowaniem', 'XEW99IS'),
(1810, '2020-01-25 01:44:51', NULL, NULL, 127, 95, NULL, 'bez_parkowania', 'CNF85SX'),
(1811, '2020-03-26 13:00:10', '2020-03-26 15:46:27.138225', NULL, NULL, 86, NULL, 'bez_parkowania', 'LRS38FW'),
(1812, '2020-02-28 10:41:34', '2020-02-28 13:52:04.285052', NULL, 153, 91, NULL, 'z_parkowaniem', 'EXO51KP'),
(1813, '2020-02-24 16:59:39', '2020-02-24 21:09:02.522223', NULL, 132, 75, NULL, 'z_parkowaniem', 'CBI92LA'),
(1814, '2020-05-23 02:57:20', '2020-05-23 05:28:47.176147', NULL, 7, 88, NULL, 'bez_parkowania', 'XOH46EU'),
(1815, '2020-01-01 00:16:27', '2020-01-01 00:58:38.052134', NULL, 80, 2, NULL, 'bez_parkowania', 'UUB09YD'),
(1816, '2020-04-16 05:18:32', '2020-04-16 09:09:26.917318', NULL, NULL, 13, NULL, 'z_parkowaniem', 'PVW35SL'),
(1817, '2020-01-01 00:00:49', '2020-01-01 02:17:42.373957', NULL, NULL, 47, NULL, 'bez_parkowania', 'BGC37PL'),
(1818, '2020-01-01 01:04:27', '2020-01-01 05:20:58.635292', NULL, 38, 97, NULL, 'z_parkowaniem', 'NJE60PO'),
(1819, '2020-06-04 11:11:12', '2020-06-04 13:43:44.709243', NULL, 54, 4, NULL, 'z_parkowaniem', 'CYP38GU'),
(1820, '2020-02-29 07:24:23', '2020-02-29 10:04:15.394777', NULL, NULL, 93, NULL, 'bez_parkowania', 'BIC20XX'),
(1821, '2020-01-06 12:57:26', '2020-01-06 14:16:50.516293', NULL, NULL, 60, NULL, 'bez_parkowania', 'YZF38FM'),
(1822, '2020-02-26 06:31:27', '2020-02-26 09:08:22.174261', NULL, 4, 15, NULL, 'z_parkowaniem', 'GLI63LF'),
(1823, '2020-01-28 19:15:49', '2020-01-28 20:03:42.66158', NULL, NULL, 5, NULL, 'z_parkowaniem', 'DIN67BZ'),
(1824, '2020-06-06 19:14:54', '2020-06-06 22:01:37.192037', NULL, 35, 25, NULL, 'bez_parkowania', 'TCC22BG'),
(1825, '2020-01-01 00:16:20', '2020-01-01 02:47:45.76638', NULL, 142, 49, NULL, 'z_parkowaniem', 'GZO00TP'),
(1826, '2020-03-09 14:48:03', '2020-03-09 18:47:10.471131', NULL, 188, 61, NULL, 'bez_parkowania', 'VFL27FT'),
(1827, '2020-02-17 09:15:54', '2020-02-17 10:25:41.6393', NULL, NULL, 51, NULL, 'z_parkowaniem', 'XPJ08ES'),
(1828, '2020-03-21 06:44:22', '2020-03-21 07:46:03.280781', NULL, NULL, 37, NULL, 'bez_parkowania', 'ZRJ35DN'),
(1829, '2020-04-07 15:58:38', '2020-04-07 17:22:54.021411', NULL, 214, 18, NULL, 'bez_parkowania', 'DKB38LR'),
(1830, '2020-04-06 18:48:16', '2020-04-06 21:00:32.901884', NULL, 145, 8, NULL, 'z_parkowaniem', 'TLP89DI'),
(1831, '2020-01-01 00:04:34', '2020-01-01 03:27:47.582638', NULL, 48, 77, NULL, 'bez_parkowania', 'XSS65WE'),
(1832, '2020-01-19 23:05:11', '2020-01-20 02:28:21.372882', NULL, 36, 64, NULL, 'z_parkowaniem', 'ZVY24IC'),
(1833, '2020-05-20 06:50:59', '2020-05-20 08:54:10.555512', NULL, NULL, 20, NULL, 'bez_parkowania', 'WJC67AM'),
(1834, '2020-02-14 01:24:32', '2020-02-14 02:39:16.278871', NULL, 249, 9, NULL, 'z_parkowaniem', 'HPQ82KV'),
(1835, '2020-01-01 00:01:01', '2020-01-01 02:50:16.634976', NULL, 105, 68, NULL, 'z_parkowaniem', 'DKR92GE'),
(1836, '2020-01-01 00:00:08', '2020-01-01 02:40:21.614653', NULL, NULL, 54, NULL, 'bez_parkowania', 'YWC89AI'),
(1837, '2020-05-05 05:50:06', '2020-05-05 07:50:41.850896', NULL, 27, 28, NULL, 'z_parkowaniem', 'ACC86KW'),
(1838, '2020-02-23 11:25:48', '2020-02-23 15:30:36.939075', NULL, 18, 66, NULL, 'bez_parkowania', 'TWD14FT'),
(1839, '2020-04-11 15:53:28', '2020-04-11 16:58:12.863196', NULL, NULL, 55, NULL, 'z_parkowaniem', 'AAH88TV'),
(1840, '2020-01-01 00:00:01', '2020-01-01 04:00:05.259781', NULL, 239, 46, NULL, 'bez_parkowania', 'YYS23QV'),
(1841, '2020-01-01 02:32:46', '2020-01-01 02:40:50.262068', NULL, NULL, 80, NULL, 'bez_parkowania', 'WNU61DL'),
(1842, '2020-01-01 00:06:09', '2020-01-01 03:55:11.006681', NULL, 176, 69, NULL, 'z_parkowaniem', 'UFK91FJ'),
(1843, '2020-01-01 00:52:55', '2020-01-01 04:44:36.659449', NULL, 127, 40, NULL, 'bez_parkowania', 'RBZ27PY'),
(1844, '2020-01-01 00:01:35', '2020-01-01 00:24:47.497327', NULL, 107, 57, NULL, 'z_parkowaniem', 'NJQ92RC'),
(1845, '2020-01-01 00:31:21', '2020-01-01 04:00:52.628483', NULL, 100, 30, NULL, 'z_parkowaniem', 'RSX32UZ'),
(1846, '2020-01-01 00:06:24', '2020-01-01 02:10:05.816671', NULL, 191, 42, NULL, 'bez_parkowania', 'OTD32ED'),
(1847, '2020-01-01 00:06:49', '2020-01-01 04:19:44.330759', NULL, 37, 32, NULL, 'bez_parkowania', 'WSO76BP'),
(1848, '2020-06-11 06:15:42', '2020-06-11 06:50:50.896696', NULL, 144, 44, NULL, 'z_parkowaniem', 'SFU71WI'),
(1849, '2020-02-20 21:02:31', '2020-02-20 22:52:49.915827', NULL, 25, 34, NULL, 'z_parkowaniem', 'OUT16MW'),
(1850, '2020-05-28 03:50:21', '2020-05-28 06:07:03.237763', NULL, 127, 23, NULL, 'bez_parkowania', 'JJZ70WY');
INSERT INTO pobyty(id, godzina_rozpoczecia, godzina_zakonczenia, należność, konta_id, wjazdowe_bramki_id, wyjazdowe_bramki_id, selektor, pojazdy_rejestracja) VALUES
(1851, '2020-02-22 02:08:12', '2020-02-22 04:58:42.456561', NULL, 28, 44, NULL, 'z_parkowaniem', 'NJQ92RC'),
(1852, '2020-01-01 00:00:08', '2020-01-01 03:38:35.567777', NULL, NULL, 8, NULL, 'bez_parkowania', 'DAH09AN'),
(1853, '2020-04-25 14:10:09', '2020-04-25 15:11:36.834887', NULL, NULL, 99, NULL, 'z_parkowaniem', 'WNU61DL'),
(1854, '2020-01-01 00:00:01', '2020-01-01 00:48:02.267755', NULL, NULL, 66, NULL, 'bez_parkowania', 'CNF85SX'),
(1855, '2020-03-05 12:16:32', '2020-03-05 15:55:38.997205', NULL, NULL, 89, NULL, 'bez_parkowania', 'CBI92LA'),
(1856, '2020-04-01 21:59:56', '2020-04-02 01:21:03.648636', NULL, 163, 73, NULL, 'z_parkowaniem', 'RSX32UZ'),
(1857, '2020-01-01 00:00:04', '2020-01-01 02:40:45.422434', NULL, NULL, 95, NULL, 'bez_parkowania', 'BGC37PL'),
(1858, '2020-02-17 01:57:16', '2020-02-17 02:38:05.271986', NULL, 114, 86, NULL, 'z_parkowaniem', 'UFK91FJ'),
(1859, '2020-03-09 18:43:21', NULL, NULL, NULL, 75, NULL, 'bez_parkowania', 'CYP38GU'),
(1860, '2020-01-03 16:55:05', '2020-01-03 19:09:01.734414', NULL, NULL, 55, NULL, 'z_parkowaniem', 'OTD32ED'),
(1861, '2020-01-01 00:04:01', '2020-01-01 01:58:41.264625', NULL, 71, 34, NULL, 'bez_parkowania', 'XOH46EU'),
(1862, '2020-03-01 23:15:43', '2020-03-02 00:58:53.321443', NULL, 204, 88, NULL, 'z_parkowaniem', 'YZF38FM'),
(1863, '2020-01-01 02:21:49', '2020-01-01 04:02:11.642501', NULL, 71, 20, NULL, 'z_parkowaniem', 'BIC20XX'),
(1864, '2020-01-23 20:04:21', '2020-01-23 20:31:38.988451', NULL, 175, 9, NULL, 'bez_parkowania', 'GLI63LF'),
(1865, '2020-01-01 00:09:36', '2020-01-01 03:24:37.593077', NULL, NULL, 77, NULL, 'z_parkowaniem', 'DIN67BZ'),
(1866, '2020-01-13 21:37:56', '2020-01-13 23:32:08.117628', NULL, 6, 21, NULL, 'bez_parkowania', 'GZO00TP'),
(1867, '2020-03-08 00:00:27', '2020-03-08 03:59:41.091802', NULL, 204, 12, NULL, 'z_parkowaniem', 'SFU71WI'),
(1868, '2020-03-13 20:29:46', '2020-03-13 21:02:29.015085', NULL, 9, 68, NULL, 'bez_parkowania', 'XPJ08ES'),
(1869, '2020-05-16 14:25:56', '2020-05-16 14:38:17.059157', NULL, 220, 23, NULL, 'z_parkowaniem', 'ZRJ35DN'),
(1870, '2020-06-01 01:56:53', '2020-06-01 03:02:47.900928', NULL, 241, 80, NULL, 'bez_parkowania', 'OUT16MW'),
(1871, '2020-01-01 01:58:32', '2020-01-01 04:32:38.710832', NULL, 60, 91, NULL, 'z_parkowaniem', 'JJZ70WY'),
(1872, '2020-03-10 02:45:44', '2020-03-10 05:05:45.285798', NULL, 180, 46, NULL, 'bez_parkowania', 'AWP78EM'),
(1873, '2020-03-19 18:11:22', '2020-03-19 18:25:45.207766', NULL, 7, 35, NULL, 'bez_parkowania', 'WSO76BP'),
(1874, '2020-01-01 00:08:22', '2020-01-01 03:35:31.779617', NULL, NULL, 25, NULL, 'z_parkowaniem', 'UOP53NS'),
(1875, '2020-03-05 18:44:45', '2020-03-05 21:38:47.931611', NULL, 113, 69, NULL, 'z_parkowaniem', 'DKB38LR'),
(1876, '2020-01-01 00:00:03', '2020-01-01 03:23:33.087478', NULL, 106, 37, NULL, 'bez_parkowania', 'HPQ82KV'),
(1877, '2020-01-01 00:11:48', '2020-01-01 03:32:25.711834', NULL, 125, 97, NULL, 'bez_parkowania', 'XEW99IS'),
(1878, '2020-03-31 18:56:01', '2020-03-31 22:32:12.883752', NULL, 200, 57, NULL, 'z_parkowaniem', 'UUB09YD'),
(1879, '2020-04-11 23:28:54', '2020-04-12 01:50:21.484091', NULL, NULL, 47, NULL, 'z_parkowaniem', 'PFI20MD'),
(1880, '2020-01-01 00:00:02', '2020-01-01 01:49:31.594884', NULL, NULL, 82, NULL, 'bez_parkowania', 'LRS38FW'),
(1881, '2020-01-01 00:00:34', '2020-01-01 00:11:25.736362', NULL, NULL, 28, NULL, 'bez_parkowania', 'XSS65WE'),
(1882, '2020-01-01 00:01:32', '2020-01-01 00:55:22.380241', NULL, 198, 40, NULL, 'z_parkowaniem', 'ZVY24IC'),
(1883, '2020-01-01 00:00:03', '2020-01-01 03:51:11.306598', NULL, 86, 71, NULL, 'bez_parkowania', 'YWC89AI'),
(1884, '2020-05-09 10:06:09', '2020-05-09 14:03:02.150838', NULL, 153, 60, NULL, 'z_parkowaniem', 'TCC22BG'),
(1885, '2020-01-01 00:04:39', '2020-01-01 01:03:55.635949', NULL, 106, 49, NULL, 'z_parkowaniem', 'PVW35SL'),
(1886, '2020-03-15 12:31:32', '2020-03-15 14:38:43.07416', NULL, NULL, 61, NULL, 'bez_parkowania', 'DKR92GE'),
(1887, '2020-03-04 08:18:41', '2020-03-04 08:53:40.383953', NULL, 205, 93, NULL, 'bez_parkowania', 'AAH88TV'),
(1888, '2020-04-19 18:44:24', '2020-04-19 20:59:59.444205', NULL, 39, 84, NULL, 'z_parkowaniem', 'NJE60PO'),
(1889, '2020-06-07 17:42:14', '2020-06-07 19:31:32.455509', NULL, 132, 2, NULL, 'z_parkowaniem', 'RBZ27PY'),
(1890, '2020-01-01 00:00:47', '2020-01-01 03:02:24.173545', NULL, 240, 13, NULL, 'bez_parkowania', 'ENS96FV'),
(1891, '2020-01-06 18:11:59', '2020-01-06 22:28:21.50043', NULL, NULL, 4, NULL, 'z_parkowaniem', 'BLI53FV'),
(1892, '2020-01-01 00:37:22', '2020-01-01 00:53:23.81521', NULL, 218, 15, NULL, 'bez_parkowania', 'EXO51KP'),
(1893, '2020-01-01 02:05:57', '2020-01-01 02:47:31.95133', NULL, 35, 5, NULL, 'bez_parkowania', 'ACC86KW'),
(1894, '2020-02-04 00:05:10', '2020-02-04 01:50:58.812959', NULL, 34, 18, NULL, 'z_parkowaniem', 'YYS23QV'),
(1895, '2020-05-29 00:47:10', '2020-05-29 04:06:15.225826', NULL, 28, 30, NULL, 'z_parkowaniem', 'VFL27FT'),
(1896, '2020-01-01 00:02:54', '2020-01-01 03:18:16.399134', NULL, 240, 51, NULL, 'bez_parkowania', 'XGY64LW'),
(1897, '2020-04-27 15:21:41', '2020-04-27 17:40:48.474632', NULL, 2, 64, NULL, 'z_parkowaniem', 'TLP89DI'),
(1898, '2020-03-14 14:06:37', '2020-03-14 18:20:57.57805', NULL, NULL, 54, NULL, 'bez_parkowania', 'WJC67AM'),
(1899, '2020-05-08 09:36:16', '2020-05-08 09:43:36.12374', NULL, 2, 42, NULL, 'bez_parkowania', 'TWD14FT'),
(1900, '2020-02-14 13:49:13', '2020-02-14 14:24:19.753626', NULL, 65, 32, NULL, 'z_parkowaniem', 'YZC64DJ');
INSERT INTO pobyty(id, godzina_rozpoczecia, godzina_zakonczenia, należność, konta_id, wjazdowe_bramki_id, wyjazdowe_bramki_id, selektor, pojazdy_rejestracja) VALUES
(1901, '2020-02-13 22:20:28', '2020-02-14 01:49:17.156453', NULL, 9, 20, NULL, 'z_parkowaniem', 'DKB38LR'),
(1902, '2020-01-01 00:01:19', '2020-01-01 00:09:22.547347', NULL, NULL, 9, NULL, 'bez_parkowania', 'TWD14FT'),
(1903, '2020-01-16 23:17:14', '2020-01-16 23:44:36.99398', NULL, 139, 25, NULL, 'z_parkowaniem', 'ZRJ35DN'),
(1904, '2020-01-01 00:00:04', '2020-01-01 03:34:42.51411', NULL, NULL, 99, NULL, 'bez_parkowania', 'XSS65WE'),
(1905, '2020-01-01 00:00:14', '2020-01-01 00:20:27.777569', NULL, NULL, 21, NULL, 'bez_parkowania', 'ZVY24IC'),
(1906, '2020-03-12 16:36:30', '2020-03-12 17:49:25.784196', NULL, 215, 77, NULL, 'z_parkowaniem', 'DAH09AN'),
(1907, '2020-01-04 01:35:48', '2020-01-04 04:17:11.27071', NULL, NULL, 93, NULL, 'z_parkowaniem', 'HPQ82KV'),
(1908, '2020-01-01 00:00:07', '2020-01-01 01:58:40.696775', NULL, 159, 12, NULL, 'bez_parkowania', 'WNU61DL'),
(1909, '2020-01-01 00:07:04', '2020-01-01 00:33:27.606898', NULL, 184, 68, NULL, 'bez_parkowania', 'YWC89AI'),
(1910, '2020-02-01 18:18:36', NULL, NULL, 157, 54, NULL, 'z_parkowaniem', 'UFK91FJ'),
(1911, '2020-01-19 17:22:04', '2020-01-19 21:25:59.75707', NULL, 224, 80, NULL, 'bez_parkowania', 'ACC86KW'),
(1912, '2020-04-29 17:10:50', '2020-04-29 19:13:30.290445', NULL, 58, 69, NULL, 'z_parkowaniem', 'OTD32ED'),
(1913, '2020-04-17 12:26:12', '2020-04-17 16:38:14.397128', NULL, NULL, 89, NULL, 'bez_parkowania', 'CNF85SX'),
(1914, '2020-01-01 00:01:19', '2020-01-01 02:49:44.767614', NULL, NULL, 95, NULL, 'z_parkowaniem', 'SFU71WI'),
(1915, '2020-03-31 06:25:01', '2020-03-31 08:08:27.929286', NULL, 79, 66, NULL, 'z_parkowaniem', 'DKR92GE'),
(1916, '2020-01-26 04:50:53', '2020-01-26 05:56:13.082686', NULL, NULL, 2, NULL, 'bez_parkowania', 'BGC37PL'),
(1917, '2020-06-04 07:41:55', '2020-06-04 11:43:17.237891', NULL, 111, 82, NULL, 'z_parkowaniem', 'OUT16MW'),
(1918, '2020-04-14 14:04:20', '2020-04-14 15:56:24.197619', NULL, 56, 13, NULL, 'bez_parkowania', 'CYP38GU'),
(1919, '2020-01-01 00:00:19', '2020-01-01 01:14:54.248965', NULL, NULL, 37, NULL, 'z_parkowaniem', 'AAH88TV'),
(1920, '2020-05-24 15:45:59', '2020-05-24 19:29:50.082887', NULL, 90, 71, NULL, 'bez_parkowania', 'ENS96FV'),
(1921, '2020-06-08 22:20:22', '2020-06-08 22:53:33.004535', NULL, NULL, 55, NULL, 'bez_parkowania', 'WSO76BP'),
(1922, '2020-05-26 09:57:52', '2020-05-26 10:51:50.84522', NULL, 236, 91, NULL, 'z_parkowaniem', 'BIC20XX'),
(1923, '2020-01-27 20:53:28', '2020-01-27 21:41:25.313384', NULL, 237, 28, NULL, 'z_parkowaniem', 'UOP53NS'),
(1924, '2020-01-03 23:19:34', '2020-01-04 02:40:58.836628', NULL, 69, 4, NULL, 'bez_parkowania', 'BLI53FV'),
(1925, '2020-02-22 03:39:03', '2020-02-22 06:31:51.816379', NULL, NULL, 15, NULL, 'z_parkowaniem', 'YYS23QV'),
(1926, '2020-04-19 09:34:42', '2020-04-19 13:32:03.09106', NULL, 250, 40, NULL, 'bez_parkowania', 'AWP78EM'),
(1927, '2020-01-01 01:03:36', '2020-01-01 04:39:01.00824', NULL, NULL, 30, NULL, 'z_parkowaniem', 'JJZ70WY'),
(1928, '2020-05-26 01:06:40', '2020-05-26 04:13:18.813101', NULL, 9, 97, NULL, 'bez_parkowania', 'PFI20MD'),
(1929, '2020-05-09 15:57:01', '2020-05-09 19:51:25.936481', NULL, 50, 5, NULL, 'bez_parkowania', 'XEW99IS'),
(1930, '2020-04-15 01:27:31', '2020-04-15 04:20:08.106242', NULL, 218, 46, NULL, 'z_parkowaniem', 'LRS38FW'),
(1931, '2020-01-07 23:51:28', '2020-01-08 03:33:17.322601', NULL, 79, 57, NULL, 'z_parkowaniem', 'UUB09YD'),
(1932, '2020-04-23 13:22:54', '2020-04-23 17:35:42.483269', NULL, 108, 47, NULL, 'bez_parkowania', 'XGY64LW'),
(1933, '2020-01-01 00:00:56', '2020-01-01 02:51:43.955414', NULL, NULL, 42, NULL, 'bez_parkowania', 'TCC22BG'),
(1934, '2020-01-12 07:30:30', '2020-01-12 10:01:21.03917', NULL, 230, 60, NULL, 'z_parkowaniem', 'PVW35SL'),
(1935, '2020-06-03 17:31:21', '2020-06-03 19:39:51.82396', NULL, NULL, 84, NULL, 'bez_parkowania', 'NJE60PO'),
(1936, '2020-03-11 21:46:51', '2020-03-11 23:57:14.175533', NULL, 85, 32, NULL, 'z_parkowaniem', 'EXO51KP'),
(1937, '2020-01-11 03:13:11', '2020-01-11 03:28:14.61108', NULL, 15, 44, NULL, 'z_parkowaniem', 'YZC64DJ'),
(1938, '2020-05-14 17:59:09', '2020-05-14 20:51:31.083533', NULL, 234, 73, NULL, 'bez_parkowania', 'VFL27FT'),
(1939, '2020-04-16 19:36:43', '2020-04-16 23:53:51.955493', NULL, 3, 18, NULL, 'z_parkowaniem', 'CBI92LA'),
(1940, '2020-01-01 00:06:20', '2020-01-01 03:53:47.323923', NULL, 103, 86, NULL, 'bez_parkowania', 'RBZ27PY'),
(1941, '2020-03-22 08:36:09', '2020-03-22 09:58:25.448974', NULL, NULL, 75, NULL, 'z_parkowaniem', 'XOH46EU'),
(1942, '2020-02-13 21:24:02', '2020-02-14 00:12:26.750268', NULL, NULL, 34, NULL, 'bez_parkowania', 'GLI63LF'),
(1943, '2020-04-21 02:32:25', '2020-04-21 04:33:04.225144', NULL, 72, 88, NULL, 'z_parkowaniem', 'YZF38FM'),
(1944, '2020-03-09 19:08:23', '2020-03-09 21:57:12.091449', NULL, 16, 23, NULL, 'bez_parkowania', 'NJQ92RC'),
(1945, '2020-03-13 05:34:45', '2020-03-13 07:15:49.447532', NULL, 142, 49, NULL, 'bez_parkowania', 'TLP89DI'),
(1946, '2020-01-01 00:00:01', '2020-01-01 04:04:58.372711', NULL, 15, 35, NULL, 'z_parkowaniem', 'RSX32UZ'),
(1947, '2020-02-22 12:15:35', '2020-02-22 15:31:42.268884', NULL, 170, 8, NULL, 'bez_parkowania', 'WJC67AM'),
(1948, '2020-01-01 00:58:47', '2020-01-01 02:34:02.991586', NULL, 46, 61, NULL, 'z_parkowaniem', 'DIN67BZ'),
(1949, '2020-01-01 00:00:04', '2020-01-01 03:59:36.471617', NULL, 123, 51, NULL, 'bez_parkowania', 'GZO00TP'),
(1950, '2020-01-01 00:06:20', '2020-01-01 03:53:24.237374', NULL, 152, 64, NULL, 'z_parkowaniem', 'XPJ08ES');
INSERT INTO pobyty(id, godzina_rozpoczecia, godzina_zakonczenia, należność, konta_id, wjazdowe_bramki_id, wyjazdowe_bramki_id, selektor, pojazdy_rejestracja) VALUES
(1951, '2020-01-04 20:05:50', '2020-01-04 22:14:26.0732', NULL, 99, 68, NULL, 'bez_parkowania', 'GZO00TP'),
(1952, '2020-05-18 20:47:28', '2020-05-18 23:34:48.323035', NULL, 186, 64, NULL, 'z_parkowaniem', 'CYP38GU'),
(1953, '2020-06-09 18:19:45', '2020-06-09 20:12:37.9594', NULL, 203, 99, NULL, 'bez_parkowania', 'BIC20XX'),
(1954, '2020-01-01 00:00:56', NULL, NULL, 176, 89, NULL, 'z_parkowaniem', 'YZC64DJ'),
(1955, '2020-01-01 00:04:48', '2020-01-01 01:57:58.004174', NULL, 247, 21, NULL, 'bez_parkowania', 'TWD14FT'),
(1956, '2020-01-30 06:50:03', '2020-01-30 09:07:16.686126', NULL, 24, 23, NULL, 'z_parkowaniem', 'AWP78EM'),
(1957, '2020-05-20 08:46:16', '2020-05-20 09:35:02.911011', NULL, 6, 80, NULL, 'bez_parkowania', 'CNF85SX'),
(1958, '2020-01-01 00:01:00', '2020-01-01 01:36:53.994618', NULL, NULL, 12, NULL, 'z_parkowaniem', 'DKB38LR'),
(1959, '2020-03-22 04:33:20', '2020-03-22 06:35:16.234844', NULL, NULL, 69, NULL, 'bez_parkowania', 'BGC37PL'),
(1960, '2020-01-01 00:00:28', '2020-01-01 04:07:36.155', NULL, NULL, 35, NULL, 'z_parkowaniem', 'DAH09AN'),
(1961, '2020-05-22 15:56:39', '2020-05-22 19:01:13.555027', NULL, 25, 2, NULL, 'bez_parkowania', 'XOH46EU'),
(1962, '2020-04-03 00:33:30', '2020-04-03 02:50:33.155932', NULL, 23, 13, NULL, 'z_parkowaniem', 'WNU61DL'),
(1963, '2020-01-30 03:26:22', '2020-01-30 06:17:41.103013', NULL, NULL, 82, NULL, 'bez_parkowania', 'UFK91FJ'),
(1964, '2020-05-20 19:38:45', '2020-05-20 21:16:28.049176', NULL, NULL, 95, NULL, 'z_parkowaniem', 'HPQ82KV'),
(1965, '2020-03-14 02:46:22', '2020-03-14 04:20:44.853582', NULL, NULL, 25, NULL, 'z_parkowaniem', 'DKR92GE'),
(1966, '2020-02-19 20:46:28', '2020-02-19 23:54:47.118019', NULL, 13, 54, NULL, 'bez_parkowania', 'YZF38FM'),
(1967, '2020-02-06 07:19:51', '2020-02-06 11:23:11.363819', NULL, NULL, 71, NULL, 'bez_parkowania', 'AAH88TV'),
(1968, '2020-02-12 02:44:38', '2020-02-12 05:24:58.757223', NULL, 196, 91, NULL, 'z_parkowaniem', 'ENS96FV'),
(1969, '2020-03-24 08:27:51', '2020-03-24 12:09:48.91681', NULL, NULL, 97, NULL, 'bez_parkowania', 'BLI53FV'),
(1970, '2020-01-01 00:05:34', '2020-01-01 01:15:44.893801', NULL, 138, 84, NULL, 'z_parkowaniem', 'EXO51KP'),
(1971, '2020-01-09 11:19:39', '2020-01-09 14:50:52.807933', NULL, 94, 93, NULL, 'bez_parkowania', 'WSO76BP'),
(1972, '2020-01-01 00:03:12', '2020-01-01 01:51:41.864089', NULL, 122, 66, NULL, 'z_parkowaniem', 'UOP53NS'),
(1973, '2020-01-01 02:28:28', '2020-01-01 06:21:12.811356', NULL, NULL, 55, NULL, 'z_parkowaniem', 'XPJ08ES'),
(1974, '2020-01-01 00:10:03', '2020-01-01 02:25:29.50387', NULL, 53, 73, NULL, 'bez_parkowania', 'RSX32UZ'),
(1975, '2020-05-12 08:50:07', '2020-05-12 12:19:57.862253', NULL, 184, 86, NULL, 'z_parkowaniem', 'ZRJ35DN'),
(1976, '2020-01-01 00:00:13', '2020-01-01 01:48:37.299102', NULL, NULL, 37, NULL, 'bez_parkowania', 'OTD32ED'),
(1977, '2020-02-14 12:11:00', '2020-02-14 12:49:22.966399', NULL, 199, 28, NULL, 'z_parkowaniem', 'XEW99IS'),
(1978, '2020-01-15 07:28:10', '2020-01-15 10:24:12.115717', NULL, 53, 4, NULL, 'bez_parkowania', 'UUB09YD'),
(1979, '2020-03-15 17:59:17', '2020-03-15 21:42:37.167331', NULL, 189, 40, NULL, 'z_parkowaniem', 'CBI92LA'),
(1980, '2020-01-01 01:53:31', '2020-01-01 02:39:45.871289', NULL, 38, 46, NULL, 'bez_parkowania', 'GLI63LF'),
(1981, '2020-01-01 00:00:03', '2020-01-01 01:32:00.78923', NULL, NULL, 30, NULL, 'bez_parkowania', 'XSS65WE'),
(1982, '2020-04-01 18:31:42', '2020-04-01 19:47:52.413529', NULL, 34, 75, NULL, 'z_parkowaniem', 'TCC22BG'),
(1983, '2020-02-15 01:30:33', '2020-02-15 05:37:26.431833', NULL, 60, 42, NULL, 'z_parkowaniem', 'DIN67BZ'),
(1984, '2020-02-29 17:50:56', '2020-02-29 20:14:39.670858', NULL, NULL, 57, NULL, 'bez_parkowania', 'VFL27FT'),
(1985, '2020-05-09 15:50:46', '2020-05-09 16:18:42.876435', NULL, 249, 47, NULL, 'bez_parkowania', 'ZVY24IC'),
(1986, '2020-01-01 00:01:11', '2020-01-01 02:21:10.30889', NULL, 89, 32, NULL, 'z_parkowaniem', 'SFU71WI'),
(1987, '2020-02-14 15:03:44', '2020-02-14 17:10:35.511374', NULL, NULL, 44, NULL, 'z_parkowaniem', 'TLP89DI'),
(1988, '2020-03-19 14:27:21', '2020-03-19 17:48:34.760673', NULL, 218, 34, NULL, 'bez_parkowania', 'OUT16MW'),
(1989, '2020-01-01 00:04:49', '2020-01-01 02:30:02.620158', NULL, NULL, 60, NULL, 'z_parkowaniem', 'WJC67AM'),
(1990, '2020-02-05 03:00:11', '2020-02-05 05:15:19.868134', NULL, 84, 15, NULL, 'bez_parkowania', 'YWC89AI'),
(1991, '2020-05-19 02:24:42', '2020-05-19 06:10:59.128675', NULL, 174, 5, NULL, 'z_parkowaniem', 'JJZ70WY'),
(1992, '2020-04-02 04:44:40', '2020-04-02 07:23:40.045869', NULL, NULL, 88, NULL, 'bez_parkowania', 'PFI20MD'),
(1993, '2020-05-29 18:13:27', '2020-05-29 20:54:49.904147', NULL, 151, 49, NULL, 'z_parkowaniem', 'LRS38FW'),
(1994, '2020-01-01 00:00:04', '2020-01-01 00:29:56.709488', NULL, 149, 18, NULL, 'bez_parkowania', 'PVW35SL'),
(1995, '2020-02-22 02:54:51', '2020-02-22 05:35:41.997449', NULL, 231, 8, NULL, 'z_parkowaniem', 'ACC86KW'),
(1996, '2020-01-01 00:04:07', '2020-01-01 02:50:35.418699', NULL, 47, 61, NULL, 'bez_parkowania', 'YYS23QV'),
(1997, '2020-05-07 06:37:54', '2020-05-07 09:44:34.087341', NULL, 229, 51, NULL, 'z_parkowaniem', 'XGY64LW'),
(1998, '2020-02-17 19:25:39', '2020-02-17 21:00:58.460332', NULL, 2, 77, NULL, 'bez_parkowania', 'NJE60PO'),
(1999, '2020-01-01 00:00:03', '2020-01-01 03:46:35.724134', NULL, 153, 20, NULL, 'z_parkowaniem', 'RBZ27PY'),
(2000, '2020-03-24 04:27:59', '2020-03-24 05:02:27.331074', NULL, 248, 9, NULL, 'bez_parkowania', 'NJQ92RC');

SET SQL_SAFE_UPDATES = 0;

 
UPDATE pobyty SET selektor = selektor
	WHERE godzina_zakonczenia IS NOT NULL;
        
SET SQL_SAFE_UPDATES = 1;

DROP TRIGGER dobierz_bramke;

